Using pre-set license
Built from '2022.3/release' branch; Version is '2022.3.12f1 (4fe6e059c7ef) revision 5236448'; Using compiler version '192829333'; Build Type 'Release'
OS: 'Windows 11  (10.0.22631) 64bit Core' Language: 'en' Physical Memory: 15694 MB
BatchMode: 1, IsHumanControllingUs: 0, StartBugReporterOnCrash: 0, Is64bit: 1, IsPro: 1

COMMAND LINE ARGUMENTS:
C:\Program Files\Unity\Hub\Editor\2022.3.12f1\Editor\Unity.exe
-adb2
-batchMode
-noUpm
-name
AssetImportWorker0
-projectPath
C:/Users/quent/OneDrive/Documents/GitHub/MissionLatecoere-IPSA/MissionLatecoere
-logFile
Logs/AssetImportWorker0.log
-srvPort
56164
Successfully changed project path to: C:/Users/quent/OneDrive/Documents/GitHub/MissionLatecoere-IPSA/MissionLatecoere
C:/Users/quent/OneDrive/Documents/GitHub/MissionLatecoere-IPSA/MissionLatecoere
[UnityMemory] Configuration Parameters - Can be set up in boot.config
    "memorysetup-bucket-allocator-granularity=16"
    "memorysetup-bucket-allocator-bucket-count=8"
    "memorysetup-bucket-allocator-block-size=33554432"
    "memorysetup-bucket-allocator-block-count=8"
    "memorysetup-main-allocator-block-size=16777216"
    "memorysetup-thread-allocator-block-size=16777216"
    "memorysetup-gfx-main-allocator-block-size=16777216"
    "memorysetup-gfx-thread-allocator-block-size=16777216"
    "memorysetup-cache-allocator-block-size=4194304"
    "memorysetup-typetree-allocator-block-size=2097152"
    "memorysetup-profiler-bucket-allocator-granularity=16"
    "memorysetup-profiler-bucket-allocator-bucket-count=8"
    "memorysetup-profiler-bucket-allocator-block-size=33554432"
    "memorysetup-profiler-bucket-allocator-block-count=8"
    "memorysetup-profiler-allocator-block-size=16777216"
    "memorysetup-profiler-editor-allocator-block-size=1048576"
    "memorysetup-temp-allocator-size-main=16777216"
    "memorysetup-job-temp-allocator-block-size=2097152"
    "memorysetup-job-temp-allocator-block-size-background=1048576"
    "memorysetup-job-temp-allocator-reduction-small-platforms=262144"
    "memorysetup-allocator-temp-initial-block-size-main=262144"
    "memorysetup-allocator-temp-initial-block-size-worker=262144"
    "memorysetup-temp-allocator-size-background-worker=32768"
    "memorysetup-temp-allocator-size-job-worker=262144"
    "memorysetup-temp-allocator-size-preload-manager=33554432"
    "memorysetup-temp-allocator-size-nav-mesh-worker=65536"
    "memorysetup-temp-allocator-size-audio-worker=65536"
    "memorysetup-temp-allocator-size-cloud-worker=32768"
    "memorysetup-temp-allocator-size-gi-baking-worker=262144"
    "memorysetup-temp-allocator-size-gfx=262144"
Player connection [32452] Host "[IP] 10.188.88.92 [Port] 0 [Flags] 2 [Guid] 371186398 [EditorId] 371186398 [Version] 1048832 [Id] WindowsEditor(7,Laptop_QuentinC) [Debug] 1 [PackageName] WindowsEditor [ProjectName] Editor" joined multi-casting on [225.0.0.222:54997]...

Player connection [32452] Host "[IP] 10.188.88.92 [Port] 0 [Flags] 2 [Guid] 371186398 [EditorId] 371186398 [Version] 1048832 [Id] WindowsEditor(7,Laptop_QuentinC) [Debug] 1 [PackageName] WindowsEditor [ProjectName] Editor" joined alternative multi-casting on [225.0.0.222:34997]...

[Physics::Module] Initialized MultithreadedJobDispatcher with 11 workers.
Refreshing native plugins compatible for Editor in 19.96 ms, found 4 plugins.
Preloading 0 native plugins for Editor in 0.00 ms.
Initialize engine version: 2022.3.12f1 (4fe6e059c7ef)
[Subsystems] Discovering subsystems at path C:/Program Files/Unity/Hub/Editor/2022.3.12f1/Editor/Data/Resources/UnitySubsystems
[Subsystems] Discovering subsystems at path C:/Users/quent/OneDrive/Documents/GitHub/MissionLatecoere-IPSA/MissionLatecoere/Assets
GfxDevice: creating device client; threaded=0; jobified=0
Direct3D:
    Version:  Direct3D 11.0 [level 11.1]
    Renderer: AMD Radeon(TM) Graphics (ID=0x164c)
    Vendor:   ATI
    VRAM:     7847 MB
    Driver:   31.0.12044.3
Initialize mono
Mono path[0] = 'C:/Program Files/Unity/Hub/Editor/2022.3.12f1/Editor/Data/Managed'
Mono path[1] = 'C:/Program Files/Unity/Hub/Editor/2022.3.12f1/Editor/Data/MonoBleedingEdge/lib/mono/unityjit-win32'
Mono config path = 'C:/Program Files/Unity/Hub/Editor/2022.3.12f1/Editor/Data/MonoBleedingEdge/etc'
Using monoOptions --debugger-agent=transport=dt_socket,embedding=1,server=y,suspend=n,address=127.0.0.1:56928
Begin MonoManager ReloadAssembly
Registering precompiled unity dll's ...
Register platform support module: C:/Program Files/Unity/Hub/Editor/2022.3.12f1/Editor/Data/PlaybackEngines/WebGLSupport/UnityEditor.WebGL.Extensions.dll
Register platform support module: C:/Program Files/Unity/Hub/Editor/2022.3.12f1/Editor/Data/PlaybackEngines/AndroidPlayer/UnityEditor.Android.Extensions.dll
Register platform support module: C:/Program Files/Unity/Hub/Editor/2022.3.12f1/Editor/Data/PlaybackEngines/iOSSupport/UnityEditor.iOS.Extensions.dll
Register platform support module: C:/Program Files/Unity/Hub/Editor/2022.3.12f1/Editor/Data/PlaybackEngines/WindowsStandaloneSupport/UnityEditor.WindowsStandalone.Extensions.dll
Registered in 0.017620 seconds.
- Loaded All Assemblies, in  0.660 seconds
Native extension for WindowsStandalone target not found
[usbmuxd] Start listen thread
[usbmuxd] Listen thread started
Native extension for iOS target not found
Native extension for Android target not found
Android Extension - Scanning For ADB Devices 551 ms
Native extension for WebGL target not found
Mono: successfully reloaded assembly
- Finished resetting the current domain, in  1.230 seconds
Domain Reload Profiling: 1885ms
	BeginReloadAssembly (175ms)
		ExecutionOrderSort (0ms)
		DisableScriptedObjects (0ms)
		BackupInstance (0ms)
		ReleaseScriptingObjects (0ms)
		CreateAndSetChildDomain (1ms)
	RebuildCommonClasses (62ms)
	RebuildNativeTypeToScriptingClass (23ms)
	initialDomainReloadingComplete (112ms)
	LoadAllAssembliesAndSetupDomain (283ms)
		LoadAssemblies (174ms)
		RebuildTransferFunctionScriptingTraits (0ms)
		AnalyzeDomain (277ms)
			TypeCache.Refresh (275ms)
				TypeCache.ScanAssembly (250ms)
			ScanForSourceGeneratedMonoScriptInfo (1ms)
			ResolveRequiredComponents (1ms)
	FinalizeReload (1231ms)
		ReleaseScriptCaches (0ms)
		RebuildScriptCaches (0ms)
		SetupLoadedEditorAssemblies (1115ms)
			LogAssemblyErrors (0ms)
			InitializePlatformSupportModulesInManaged (781ms)
			SetLoadedEditorAssemblies (7ms)
			RefreshPlugins (0ms)
			BeforeProcessingInitializeOnLoad (4ms)
			ProcessInitializeOnLoadAttributes (224ms)
			ProcessInitializeOnLoadMethodAttributes (99ms)
			AfterProcessingInitializeOnLoad (0ms)
			EditorAssembliesLoaded (0ms)
		ExecutionOrderSort2 (0ms)
		AwakeInstancesAfterBackupRestoration (0ms)
========================================================================
Worker process is ready to serve import requests
Begin MonoManager ReloadAssembly
- Loaded All Assemblies, in  1.213 seconds
Refreshing native plugins compatible for Editor in 13.47 ms, found 4 plugins.
Native extension for WindowsStandalone target not found
Native extension for iOS target not found
Native extension for Android target not found
Native extension for WebGL target not found
Package Manager log level set to [2]
[Package Manager] Server::EnsureServerProcessIsRunning -- launch failed, reason: Unity was launched with the -noUpm command-line argument
[Package Manager] UpmClient::Send -- Unable to send message (not connected to UPM process).
[Package Manager] Cannot connect to Unity Package Manager local server
Mono: successfully reloaded assembly
- Finished resetting the current domain, in  1.703 seconds
Domain Reload Profiling: 2911ms
	BeginReloadAssembly (254ms)
		ExecutionOrderSort (0ms)
		DisableScriptedObjects (7ms)
		BackupInstance (0ms)
		ReleaseScriptingObjects (0ms)
		CreateAndSetChildDomain (39ms)
	RebuildCommonClasses (55ms)
	RebuildNativeTypeToScriptingClass (16ms)
	initialDomainReloadingComplete (69ms)
	LoadAllAssembliesAndSetupDomain (813ms)
		LoadAssemblies (614ms)
		RebuildTransferFunctionScriptingTraits (0ms)
		AnalyzeDomain (356ms)
			TypeCache.Refresh (305ms)
				TypeCache.ScanAssembly (276ms)
			ScanForSourceGeneratedMonoScriptInfo (37ms)
			ResolveRequiredComponents (11ms)
	FinalizeReload (1704ms)
		ReleaseScriptCaches (0ms)
		RebuildScriptCaches (0ms)
		SetupLoadedEditorAssemblies (1340ms)
			LogAssemblyErrors (0ms)
			InitializePlatformSupportModulesInManaged (66ms)
			SetLoadedEditorAssemblies (7ms)
			RefreshPlugins (0ms)
			BeforeProcessingInitializeOnLoad (124ms)
			ProcessInitializeOnLoadAttributes (1052ms)
			ProcessInitializeOnLoadMethodAttributes (78ms)
			AfterProcessingInitializeOnLoad (13ms)
			EditorAssembliesLoaded (0ms)
		ExecutionOrderSort2 (0ms)
		AwakeInstancesAfterBackupRestoration (14ms)
Launched and connected shader compiler UnityShaderCompiler.exe after 0.12 seconds
Refreshing native plugins compatible for Editor in 18.15 ms, found 4 plugins.
Preloading 0 native plugins for Editor in 0.00 ms.
Unloading 4540 Unused Serialized files (Serialized files now loaded: 0)
Unloading 78 unused Assets / (247.1 KB). Loaded Objects now: 5001.
Memory consumption went from 162.4 MB to 162.2 MB.
Total: 11.902000 ms (FindLiveObjects: 0.753000 ms CreateObjectMapping: 0.567100 ms MarkObjects: 10.231300 ms  DeleteObjects: 0.346900 ms)

AssetImportParameters requested are different than current active one (requested -> active):
  custom:container-demuxer-ogg: 62fdf1f143b41e24485cea50d1cbac27 -> 
  custom:video-decoder-ogg-theora: a1e56fd34408186e4bbccfd4996cb3dc -> 
  custom:framework-win-MediaFoundation: 216162199b28c13a410421893ffa2e32 -> 
  custom:container-demuxer-webm: 4f35f7cbe854078d1ac9338744f61a02 -> 
  custom:container-muxer-webm: aa71ff27fc2769a1b78a27578f13a17b -> 
  custom:video-decoder-webm-vp8: 9c59270c3fd7afecdb556c50c9e8de78 -> 
  custom:AudioImporter_EditorPlatform: d09bf68614088b80899f8185d706f6e7 -> 
  custom:video-encoder-webm-vp8: eb34c28f22e8b96e1ab97ce403110664 -> 
  custom:audio-decoder-ogg-vorbis: bf7c407c2cedff20999df2af8eb42d56 -> 
  custom:audio-encoder-webm-vorbis: bf7c407c2cedff20999df2af8eb42d56 -> 
========================================================================
Received Import Request.
  Time since last request: 32890.133986 seconds.
  path: Assets/Quentin/Assets/images/biliotheque.jpg
  artifactKey: Guid(752a3fa1106e5de43b8354a64bcfc111) Importer(815301076,1909f56bfc062723c751e8b465ee728b)
Start importing Assets/Quentin/Assets/images/biliotheque.jpg using Guid(752a3fa1106e5de43b8354a64bcfc111) Importer(815301076,1909f56bfc062723c751e8b465ee728b)  -> (artifact id: '43825832df68bc79d1fa623c4667dc77') in 0.144474 seconds
Number of updated asset objects reloaded before import = 0
Number of asset objects unloaded after import = 3
========================================================================
Received Prepare
Refreshing native plugins compatible for Editor in 12.25 ms, found 4 plugins.
Preloading 0 native plugins for Editor in 0.00 ms.
Unloading 6 Unused Serialized files (Serialized files now loaded: 0)
Unloading 7 unused Assets / (196.5 KB). Loaded Objects now: 5007.
Memory consumption went from 87.7 MB to 87.5 MB.
Total: 6.929500 ms (FindLiveObjects: 0.592200 ms CreateObjectMapping: 0.478100 ms MarkObjects: 5.571600 ms  DeleteObjects: 0.285600 ms)

Prepare: number of updated asset objects reloaded= 0
AssetImportParameters requested are different than current active one (requested -> active):
  custom:container-demuxer-ogg: 62fdf1f143b41e24485cea50d1cbac27 -> 
  custom:video-decoder-ogg-theora: a1e56fd34408186e4bbccfd4996cb3dc -> 
  custom:framework-win-MediaFoundation: 216162199b28c13a410421893ffa2e32 -> 
  custom:CustomObjectIndexerAttribute: 756ad292c208cfabdd7b50bc23989ffe -> 
  custom:container-demuxer-webm: 4f35f7cbe854078d1ac9338744f61a02 -> 
  custom:container-muxer-webm: aa71ff27fc2769a1b78a27578f13a17b -> 
  custom:video-decoder-webm-vp8: 9c59270c3fd7afecdb556c50c9e8de78 -> 
  custom:SearchIndexIgnoredProperties: e643bd26f0fe6173181afceb89e7c659 -> 
  custom:AudioImporter_EditorPlatform: d09bf68614088b80899f8185d706f6e7 -> 
  custom:video-encoder-webm-vp8: eb34c28f22e8b96e1ab97ce403110664 -> 
  custom:audio-decoder-ogg-vorbis: bf7c407c2cedff20999df2af8eb42d56 -> 
  custom:audio-encoder-webm-vorbis: bf7c407c2cedff20999df2af8eb42d56 -> 
========================================================================
Received Import Request.
  Time since last request: 9.527613 seconds.
  path: Assets/Quentin/Assets/images/biliotheque.jpg
  artifactKey: Guid(752a3fa1106e5de43b8354a64bcfc111) Importer(815301076,1909f56bfc062723c751e8b465ee728b)
Start importing Assets/Quentin/Assets/images/biliotheque.jpg using Guid(752a3fa1106e5de43b8354a64bcfc111) Importer(815301076,1909f56bfc062723c751e8b465ee728b)  -> (artifact id: '36b9c485d8d55fb9a5a21958f29060a3') in 0.051482 seconds
Number of updated asset objects reloaded before import = 0
Number of asset objects unloaded after import = 3
========================================================================
Received Import Request.
  Time since last request: 19.294317 seconds.
  path: Assets/Quentin/Assets/images/biliotheque.jpg
  artifactKey: Guid(752a3fa1106e5de43b8354a64bcfc111) Importer(815301076,1909f56bfc062723c751e8b465ee728b)
Start importing Assets/Quentin/Assets/images/biliotheque.jpg using Guid(752a3fa1106e5de43b8354a64bcfc111) Importer(815301076,1909f56bfc062723c751e8b465ee728b)  -> (artifact id: 'c7f2eb12a73aad5b70b74209a40a4868') in 0.051861 seconds
Number of updated asset objects reloaded before import = 0
Number of asset objects unloaded after import = 3
========================================================================
Received Prepare
Begin MonoManager ReloadAssembly
- Loaded All Assemblies, in  0.870 seconds
Refreshing native plugins compatible for Editor in 13.38 ms, found 4 plugins.
Native extension for WindowsStandalone target not found
Native extension for iOS target not found
Native extension for Android target not found
Native extension for WebGL target not found
[Package Manager] Server::EnsureServerProcessIsRunning -- launch failed, reason: Unity was launched with the -noUpm command-line argument
[Package Manager] UpmClient::Send -- Unable to send message (not connected to UPM process).
[Package Manager] Cannot connect to Unity Package Manager local server
Mono: successfully reloaded assembly
- Finished resetting the current domain, in  2.590 seconds
Domain Reload Profiling: 3454ms
	BeginReloadAssembly (263ms)
		ExecutionOrderSort (0ms)
		DisableScriptedObjects (14ms)
		BackupInstance (0ms)
		ReleaseScriptingObjects (0ms)
		CreateAndSetChildDomain (57ms)
	RebuildCommonClasses (60ms)
	RebuildNativeTypeToScriptingClass (22ms)
	initialDomainReloadingComplete (60ms)
	LoadAllAssembliesAndSetupDomain (457ms)
		LoadAssemblies (589ms)
		RebuildTransferFunctionScriptingTraits (0ms)
		AnalyzeDomain (19ms)
			TypeCache.Refresh (8ms)
				TypeCache.ScanAssembly (0ms)
			ScanForSourceGeneratedMonoScriptInfo (0ms)
			ResolveRequiredComponents (9ms)
	FinalizeReload (2591ms)
		ReleaseScriptCaches (0ms)
		RebuildScriptCaches (0ms)
		SetupLoadedEditorAssemblies (1219ms)
			LogAssemblyErrors (0ms)
			InitializePlatformSupportModulesInManaged (61ms)
			SetLoadedEditorAssemblies (5ms)
			RefreshPlugins (0ms)
			BeforeProcessingInitializeOnLoad (118ms)
			ProcessInitializeOnLoadAttributes (969ms)
			ProcessInitializeOnLoadMethodAttributes (51ms)
			AfterProcessingInitializeOnLoad (14ms)
			EditorAssembliesLoaded (0ms)
		ExecutionOrderSort2 (0ms)
		AwakeInstancesAfterBackupRestoration (22ms)
Refreshing native plugins compatible for Editor in 8.80 ms, found 4 plugins.
Preloading 0 native plugins for Editor in 0.00 ms.
Unloading 4520 Unused Serialized files (Serialized files now loaded: 0)
Unloading 43 unused Assets / (218.3 KB). Loaded Objects now: 5011.
Memory consumption went from 158.9 MB to 158.7 MB.
Total: 7.192900 ms (FindLiveObjects: 0.733900 ms CreateObjectMapping: 0.572400 ms MarkObjects: 5.553700 ms  DeleteObjects: 0.329600 ms)

Prepare: number of updated asset objects reloaded= 0
AssetImportParameters requested are different than current active one (requested -> active):
  custom:container-demuxer-ogg: 62fdf1f143b41e24485cea50d1cbac27 -> 
  custom:video-decoder-ogg-theora: a1e56fd34408186e4bbccfd4996cb3dc -> 
  custom:framework-win-MediaFoundation: 216162199b28c13a410421893ffa2e32 -> 
  custom:CustomObjectIndexerAttribute: 756ad292c208cfabdd7b50bc23989ffe -> 
  custom:container-demuxer-webm: 4f35f7cbe854078d1ac9338744f61a02 -> 
  custom:container-muxer-webm: aa71ff27fc2769a1b78a27578f13a17b -> 
  custom:video-decoder-webm-vp8: 9c59270c3fd7afecdb556c50c9e8de78 -> 
  custom:SearchIndexIgnoredProperties: e643bd26f0fe6173181afceb89e7c659 -> 
  custom:AudioImporter_EditorPlatform: d09bf68614088b80899f8185d706f6e7 -> 
  custom:video-encoder-webm-vp8: eb34c28f22e8b96e1ab97ce403110664 -> 
  custom:audio-decoder-ogg-vorbis: bf7c407c2cedff20999df2af8eb42d56 -> 
  custom:audio-encoder-webm-vorbis: bf7c407c2cedff20999df2af8eb42d56 -> 
========================================================================
Received Import Request.
  Time since last request: 81.833243 seconds.
  path: Assets/Quentin/Assets/images/bibliotheque.jpg
  artifactKey: Guid(752a3fa1106e5de43b8354a64bcfc111) Importer(815301076,1909f56bfc062723c751e8b465ee728b)
Start importing Assets/Quentin/Assets/images/bibliotheque.jpg using Guid(752a3fa1106e5de43b8354a64bcfc111) Importer(815301076,1909f56bfc062723c751e8b465ee728b)  -> (artifact id: '881c1c292006d4c7a78d370802f31684') in 0.083369 seconds
Number of updated asset objects reloaded before import = 0
Number of asset objects unloaded after import = 3
========================================================================
Received Prepare
Begin MonoManager ReloadAssembly
- Loaded All Assemblies, in  0.713 seconds
Refreshing native plugins compatible for Editor in 8.97 ms, found 4 plugins.
Native extension for WindowsStandalone target not found
Native extension for iOS target not found
Native extension for Android target not found
Native extension for WebGL target not found
[Package Manager] Server::EnsureServerProcessIsRunning -- launch failed, reason: Unity was launched with the -noUpm command-line argument
[Package Manager] UpmClient::Send -- Unable to send message (not connected to UPM process).
[Package Manager] Cannot connect to Unity Package Manager local server
Mono: successfully reloaded assembly
- Finished resetting the current domain, in  1.963 seconds
Domain Reload Profiling: 2669ms
	BeginReloadAssembly (226ms)
		ExecutionOrderSort (0ms)
		DisableScriptedObjects (13ms)
		BackupInstance (0ms)
		ReleaseScriptingObjects (0ms)
		CreateAndSetChildDomain (53ms)
	RebuildCommonClasses (56ms)
	RebuildNativeTypeToScriptingClass (16ms)
	initialDomainReloadingComplete (51ms)
	LoadAllAssembliesAndSetupDomain (357ms)
		LoadAssemblies (454ms)
		RebuildTransferFunctionScriptingTraits (0ms)
		AnalyzeDomain (19ms)
			TypeCache.Refresh (8ms)
				TypeCache.ScanAssembly (0ms)
			ScanForSourceGeneratedMonoScriptInfo (0ms)
			ResolveRequiredComponents (9ms)
	FinalizeReload (1964ms)
		ReleaseScriptCaches (0ms)
		RebuildScriptCaches (0ms)
		SetupLoadedEditorAssemblies (954ms)
			LogAssemblyErrors (0ms)
			InitializePlatformSupportModulesInManaged (48ms)
			SetLoadedEditorAssemblies (4ms)
			RefreshPlugins (0ms)
			BeforeProcessingInitializeOnLoad (93ms)
			ProcessInitializeOnLoadAttributes (752ms)
			ProcessInitializeOnLoadMethodAttributes (47ms)
			AfterProcessingInitializeOnLoad (8ms)
			EditorAssembliesLoaded (0ms)
		ExecutionOrderSort2 (0ms)
		AwakeInstancesAfterBackupRestoration (19ms)
Refreshing native plugins compatible for Editor in 8.16 ms, found 4 plugins.
Preloading 0 native plugins for Editor in 0.00 ms.
Unloading 4520 Unused Serialized files (Serialized files now loaded: 0)
Unloading 43 unused Assets / (218.2 KB). Loaded Objects now: 5015.
Memory consumption went from 160.8 MB to 160.6 MB.
Total: 5.006500 ms (FindLiveObjects: 0.553000 ms CreateObjectMapping: 0.266300 ms MarkObjects: 3.953100 ms  DeleteObjects: 0.232200 ms)

Prepare: number of updated asset objects reloaded= 0
AssetImportParameters requested are different than current active one (requested -> active):
  custom:container-demuxer-ogg: 62fdf1f143b41e24485cea50d1cbac27 -> 
  custom:video-decoder-ogg-theora: a1e56fd34408186e4bbccfd4996cb3dc -> 
  custom:framework-win-MediaFoundation: 216162199b28c13a410421893ffa2e32 -> 
  custom:CustomObjectIndexerAttribute: 756ad292c208cfabdd7b50bc23989ffe -> 
  custom:container-demuxer-webm: 4f35f7cbe854078d1ac9338744f61a02 -> 
  custom:container-muxer-webm: aa71ff27fc2769a1b78a27578f13a17b -> 
  custom:video-decoder-webm-vp8: 9c59270c3fd7afecdb556c50c9e8de78 -> 
  custom:SearchIndexIgnoredProperties: e643bd26f0fe6173181afceb89e7c659 -> 
  custom:AudioImporter_EditorPlatform: d09bf68614088b80899f8185d706f6e7 -> 
  custom:video-encoder-webm-vp8: eb34c28f22e8b96e1ab97ce403110664 -> 
  custom:audio-decoder-ogg-vorbis: bf7c407c2cedff20999df2af8eb42d56 -> 
  custom:audio-encoder-webm-vorbis: bf7c407c2cedff20999df2af8eb42d56 -> 
========================================================================
Received Import Request.
  Time since last request: 107.253648 seconds.
  path: Assets/Quentin/Assets/drawing.svg
  artifactKey: Guid(6fd2e6b2e16459b4e815cae33f72d18f) Importer(815301076,1909f56bfc062723c751e8b465ee728b)
Start importing Assets/Quentin/Assets/drawing.svg using Guid(6fd2e6b2e16459b4e815cae33f72d18f) Importer(815301076,1909f56bfc062723c751e8b465ee728b)  -> (artifact id: 'eacf43ed645b815909ee6bacc8951097') in 0.017028 seconds
Number of updated asset objects reloaded before import = 0
Number of asset objects unloaded after import = 1
========================================================================
Received Import Request.
  Time since last request: 315.884782 seconds.
  path: Assets/Quentin/Assets/menuisier.png
  artifactKey: Guid(e4c4c6fcbc74bff4ebc40f58f68afea6) Importer(815301076,1909f56bfc062723c751e8b465ee728b)
Start importing Assets/Quentin/Assets/menuisier.png using Guid(e4c4c6fcbc74bff4ebc40f58f68afea6) Importer(815301076,1909f56bfc062723c751e8b465ee728b)  -> (artifact id: '41da3308ff7644a6cfb6930cd6e0a85e') in 0.114804 seconds
Number of updated asset objects reloaded before import = 0
Number of asset objects unloaded after import = 3
========================================================================
Received Import Request.
  Time since last request: 0.009260 seconds.
  path: Assets/Quentin/Assets/menuisier.png
  artifactKey: Guid(e4c4c6fcbc74bff4ebc40f58f68afea6) Importer(815301076,1909f56bfc062723c751e8b465ee728b)
Start importing Assets/Quentin/Assets/menuisier.png using Guid(e4c4c6fcbc74bff4ebc40f58f68afea6) Importer(815301076,1909f56bfc062723c751e8b465ee728b)  -> (artifact id: '41da3308ff7644a6cfb6930cd6e0a85e') in 0.039699 seconds
Number of updated asset objects reloaded before import = 0
Number of asset objects unloaded after import = 3
========================================================================
Received Prepare
Begin MonoManager ReloadAssembly
- Loaded All Assemblies, in  0.685 seconds
Refreshing native plugins compatible for Editor in 7.64 ms, found 4 plugins.
Native extension for WindowsStandalone target not found
Native extension for iOS target not found
Native extension for Android target not found
Native extension for WebGL target not found
[Package Manager] Server::EnsureServerProcessIsRunning -- launch failed, reason: Unity was launched with the -noUpm command-line argument
[Package Manager] UpmClient::Send -- Unable to send message (not connected to UPM process).
[Package Manager] Cannot connect to Unity Package Manager local server
Mono: successfully reloaded assembly
- Finished resetting the current domain, in  2.094 seconds
Domain Reload Profiling: 2770ms
	BeginReloadAssembly (211ms)
		ExecutionOrderSort (0ms)
		DisableScriptedObjects (15ms)
		BackupInstance (0ms)
		ReleaseScriptingObjects (0ms)
		CreateAndSetChildDomain (57ms)
	RebuildCommonClasses (52ms)
	RebuildNativeTypeToScriptingClass (20ms)
	initialDomainReloadingComplete (44ms)
	LoadAllAssembliesAndSetupDomain (348ms)
		LoadAssemblies (433ms)
		RebuildTransferFunctionScriptingTraits (0ms)
		AnalyzeDomain (16ms)
			TypeCache.Refresh (9ms)
				TypeCache.ScanAssembly (0ms)
			ScanForSourceGeneratedMonoScriptInfo (0ms)
			ResolveRequiredComponents (6ms)
	FinalizeReload (2095ms)
		ReleaseScriptCaches (0ms)
		RebuildScriptCaches (0ms)
		SetupLoadedEditorAssemblies (1020ms)
			LogAssemblyErrors (0ms)
			InitializePlatformSupportModulesInManaged (70ms)
			SetLoadedEditorAssemblies (6ms)
			RefreshPlugins (0ms)
			BeforeProcessingInitializeOnLoad (120ms)
			ProcessInitializeOnLoadAttributes (768ms)
			ProcessInitializeOnLoadMethodAttributes (47ms)
			AfterProcessingInitializeOnLoad (8ms)
			EditorAssembliesLoaded (0ms)
		ExecutionOrderSort2 (0ms)
		AwakeInstancesAfterBackupRestoration (22ms)
Refreshing native plugins compatible for Editor in 7.85 ms, found 4 plugins.
Preloading 0 native plugins for Editor in 0.00 ms.
Unloading 4520 Unused Serialized files (Serialized files now loaded: 0)
Unloading 43 unused Assets / (218.1 KB). Loaded Objects now: 5021.
Memory consumption went from 162.7 MB to 162.5 MB.
Total: 6.800800 ms (FindLiveObjects: 0.802500 ms CreateObjectMapping: 0.430600 ms MarkObjects: 5.288400 ms  DeleteObjects: 0.276600 ms)

Prepare: number of updated asset objects reloaded= 0
AssetImportParameters requested are different than current active one (requested -> active):
  custom:container-demuxer-ogg: 62fdf1f143b41e24485cea50d1cbac27 -> 
  custom:video-decoder-ogg-theora: a1e56fd34408186e4bbccfd4996cb3dc -> 
  custom:framework-win-MediaFoundation: 216162199b28c13a410421893ffa2e32 -> 
  custom:CustomObjectIndexerAttribute: 756ad292c208cfabdd7b50bc23989ffe -> 
  custom:container-demuxer-webm: 4f35f7cbe854078d1ac9338744f61a02 -> 
  custom:container-muxer-webm: aa71ff27fc2769a1b78a27578f13a17b -> 
  custom:video-decoder-webm-vp8: 9c59270c3fd7afecdb556c50c9e8de78 -> 
  custom:SearchIndexIgnoredProperties: e643bd26f0fe6173181afceb89e7c659 -> 
  custom:AudioImporter_EditorPlatform: d09bf68614088b80899f8185d706f6e7 -> 
  custom:video-encoder-webm-vp8: eb34c28f22e8b96e1ab97ce403110664 -> 
  custom:audio-decoder-ogg-vorbis: bf7c407c2cedff20999df2af8eb42d56 -> 
  custom:audio-encoder-webm-vorbis: bf7c407c2cedff20999df2af8eb42d56 -> 
========================================================================
Received Import Request.
  Time since last request: 112.192395 seconds.
  path: Assets/Quentin/Assets/images/menuiserie.jpg
  artifactKey: Guid(8583b73c1e913fa4bb19a9de289b754e) Importer(815301076,1909f56bfc062723c751e8b465ee728b)
Start importing Assets/Quentin/Assets/images/menuiserie.jpg using Guid(8583b73c1e913fa4bb19a9de289b754e) Importer(815301076,1909f56bfc062723c751e8b465ee728b)  -> (artifact id: '00000000000000000000000000000000') in 0.125304 seconds
Import Error Code:(4)
Message: Build asset version error: assets/quentin/assets/images/menuiserie.jpg in SourceAssetDB has modification time of '2024-12-20T23:26:57.5868636Z' while content on disk has modification time of '2024-12-20T23:27:07.7758145Z'
  ERROR: Build asset version error: assets/quentin/assets/images/menuiserie.jpg in SourceAssetDB has modification time of '2024-12-20T23:26:57.5868636Z' while content on disk has modification time of '2024-12-20T23:27:07.7758145Z'
Number of updated asset objects reloaded before import = 0
Number of asset objects unloaded after import = 0
========================================================================
Received Import Request.
  Time since last request: 0.012162 seconds.
  path: Assets/Quentin/Assets/images/menuiserie.jpg
  artifactKey: Guid(8583b73c1e913fa4bb19a9de289b754e) Importer(815301076,1909f56bfc062723c751e8b465ee728b)
Start importing Assets/Quentin/Assets/images/menuiserie.jpg using Guid(8583b73c1e913fa4bb19a9de289b754e) Importer(815301076,1909f56bfc062723c751e8b465ee728b)  -> (artifact id: '00000000000000000000000000000000') in 0.021754 seconds
Import Error Code:(4)
Message: Build asset version error: assets/quentin/assets/images/menuiserie.jpg in SourceAssetDB has modification time of '2024-12-20T23:26:57.5868636Z' while content on disk has modification time of '2024-12-20T23:27:07.7758145Z'
  ERROR: Build asset version error: assets/quentin/assets/images/menuiserie.jpg in SourceAssetDB has modification time of '2024-12-20T23:26:57.5868636Z' while content on disk has modification time of '2024-12-20T23:27:07.7758145Z'
Number of updated asset objects reloaded before import = 0
Number of asset objects unloaded after import = 0
========================================================================
Received Import Request.
  Time since last request: 0.019112 seconds.
  path: Assets/Quentin/Assets/images/menuiserie.jpg
  artifactKey: Guid(8583b73c1e913fa4bb19a9de289b754e) Importer(815301076,1909f56bfc062723c751e8b465ee728b)
Start importing Assets/Quentin/Assets/images/menuiserie.jpg using Guid(8583b73c1e913fa4bb19a9de289b754e) Importer(815301076,1909f56bfc062723c751e8b465ee728b)  -> (artifact id: '00000000000000000000000000000000') in 0.023578 seconds
Import Error Code:(4)
Message: Build asset version error: assets/quentin/assets/images/menuiserie.jpg in SourceAssetDB has modification time of '2024-12-20T23:26:57.5868636Z' while content on disk has modification time of '2024-12-20T23:27:07.7758145Z'
  ERROR: Build asset version error: assets/quentin/assets/images/menuiserie.jpg in SourceAssetDB has modification time of '2024-12-20T23:26:57.5868636Z' while content on disk has modification time of '2024-12-20T23:27:07.7758145Z'
Number of updated asset objects reloaded before import = 0
Number of asset objects unloaded after import = 0
========================================================================
Received Import Request.
  Time since last request: 0.005242 seconds.
  path: Assets/Quentin/Assets/images/menuiserie.jpg
  artifactKey: Guid(8583b73c1e913fa4bb19a9de289b754e) Importer(815301076,1909f56bfc062723c751e8b465ee728b)
Start importing Assets/Quentin/Assets/images/menuiserie.jpg using Guid(8583b73c1e913fa4bb19a9de289b754e) Importer(815301076,1909f56bfc062723c751e8b465ee728b)  -> (artifact id: '00000000000000000000000000000000') in 0.036793 seconds
Import Error Code:(4)
Message: Build asset version error: assets/quentin/assets/images/menuiserie.jpg in SourceAssetDB has modification time of '2024-12-20T23:26:57.5868636Z' while content on disk has modification time of '2024-12-20T23:27:07.7758145Z'
  ERROR: Build asset version error: assets/quentin/assets/images/menuiserie.jpg in SourceAssetDB has modification time of '2024-12-20T23:26:57.5868636Z' while content on disk has modification time of '2024-12-20T23:27:07.7758145Z'
Number of updated asset objects reloaded before import = 0
Number of asset objects unloaded after import = 0
========================================================================
Received Import Request.
  Time since last request: 0.000593 seconds.
  path: Assets/Quentin/Assets/images/menuiserie.jpg
  artifactKey: Guid(8583b73c1e913fa4bb19a9de289b754e) Importer(815301076,1909f56bfc062723c751e8b465ee728b)
Start importing Assets/Quentin/Assets/images/menuiserie.jpg using Guid(8583b73c1e913fa4bb19a9de289b754e) Importer(815301076,1909f56bfc062723c751e8b465ee728b)  -> (artifact id: '00000000000000000000000000000000') in 0.029294 seconds
Import Error Code:(4)
Message: Build asset version error: assets/quentin/assets/images/menuiserie.jpg in SourceAssetDB has modification time of '2024-12-20T23:26:57.5868636Z' while content on disk has modification time of '2024-12-20T23:27:07.7758145Z'
  ERROR: Build asset version error: assets/quentin/assets/images/menuiserie.jpg in SourceAssetDB has modification time of '2024-12-20T23:26:57.5868636Z' while content on disk has modification time of '2024-12-20T23:27:07.7758145Z'
Number of updated asset objects reloaded before import = 0
Number of asset objects unloaded after import = 0
========================================================================
Received Import Request.
  Time since last request: 0.015113 seconds.
  path: Assets/Quentin/Assets/images/menuiserie.jpg
  artifactKey: Guid(8583b73c1e913fa4bb19a9de289b754e) Importer(815301076,1909f56bfc062723c751e8b465ee728b)
Start importing Assets/Quentin/Assets/images/menuiserie.jpg using Guid(8583b73c1e913fa4bb19a9de289b754e) Importer(815301076,1909f56bfc062723c751e8b465ee728b)  -> (artifact id: '00000000000000000000000000000000') in 0.024303 seconds
Import Error Code:(4)
Message: Build asset version error: assets/quentin/assets/images/menuiserie.jpg in SourceAssetDB has modification time of '2024-12-20T23:26:57.5868636Z' while content on disk has modification time of '2024-12-20T23:27:07.7758145Z'
  ERROR: Build asset version error: assets/quentin/assets/images/menuiserie.jpg in SourceAssetDB has modification time of '2024-12-20T23:26:57.5868636Z' while content on disk has modification time of '2024-12-20T23:27:07.7758145Z'
Number of updated asset objects reloaded before import = 0
Number of asset objects unloaded after import = 0
========================================================================
Received Import Request.
  Time since last request: 0.012563 seconds.
  path: Assets/Quentin/Assets/images/menuiserie.jpg
  artifactKey: Guid(8583b73c1e913fa4bb19a9de289b754e) Importer(815301076,1909f56bfc062723c751e8b465ee728b)
Start importing Assets/Quentin/Assets/images/menuiserie.jpg using Guid(8583b73c1e913fa4bb19a9de289b754e) Importer(815301076,1909f56bfc062723c751e8b465ee728b)  -> (artifact id: '00000000000000000000000000000000') in 0.033214 seconds
Import Error Code:(4)
Message: Build asset version error: assets/quentin/assets/images/menuiserie.jpg in SourceAssetDB has modification time of '2024-12-20T23:26:57.5868636Z' while content on disk has modification time of '2024-12-20T23:27:07.7758145Z'
  ERROR: Build asset version error: assets/quentin/assets/images/menuiserie.jpg in SourceAssetDB has modification time of '2024-12-20T23:26:57.5868636Z' while content on disk has modification time of '2024-12-20T23:27:07.7758145Z'
Number of updated asset objects reloaded before import = 0
Number of asset objects unloaded after import = 0
========================================================================
Received Import Request.
  Time since last request: 0.004190 seconds.
  path: Assets/Quentin/Assets/images/menuiserie.jpg
  artifactKey: Guid(8583b73c1e913fa4bb19a9de289b754e) Importer(815301076,1909f56bfc062723c751e8b465ee728b)
Start importing Assets/Quentin/Assets/images/menuiserie.jpg using Guid(8583b73c1e913fa4bb19a9de289b754e) Importer(815301076,1909f56bfc062723c751e8b465ee728b)  -> (artifact id: '00000000000000000000000000000000') in 0.040032 seconds
Import Error Code:(4)
Message: Build asset version error: assets/quentin/assets/images/menuiserie.jpg in SourceAssetDB has modification time of '2024-12-20T23:26:57.5868636Z' while content on disk has modification time of '2024-12-20T23:27:07.7758145Z'
  ERROR: Build asset version error: assets/quentin/assets/images/menuiserie.jpg in SourceAssetDB has modification time of '2024-12-20T23:26:57.5868636Z' while content on disk has modification time of '2024-12-20T23:27:07.7758145Z'
Number of updated asset objects reloaded before import = 0
Number of asset objects unloaded after import = 0
========================================================================
Received Import Request.
  Time since last request: 0.004234 seconds.
  path: Assets/Quentin/Assets/images/menuiserie.jpg
  artifactKey: Guid(8583b73c1e913fa4bb19a9de289b754e) Importer(815301076,1909f56bfc062723c751e8b465ee728b)
Start importing Assets/Quentin/Assets/images/menuiserie.jpg using Guid(8583b73c1e913fa4bb19a9de289b754e) Importer(815301076,1909f56bfc062723c751e8b465ee728b)  -> (artifact id: '00000000000000000000000000000000') in 0.029133 seconds
Import Error Code:(4)
Message: Build asset version error: assets/quentin/assets/images/menuiserie.jpg in SourceAssetDB has modification time of '2024-12-20T23:26:57.5868636Z' while content on disk has modification time of '2024-12-20T23:27:07.7758145Z'
  ERROR: Build asset version error: assets/quentin/assets/images/menuiserie.jpg in SourceAssetDB has modification time of '2024-12-20T23:26:57.5868636Z' while content on disk has modification time of '2024-12-20T23:27:07.7758145Z'
Number of updated asset objects reloaded before import = 0
Number of asset objects unloaded after import = 0
========================================================================
Received Import Request.
  Time since last request: 0.003520 seconds.
  path: Assets/Quentin/Assets/images/menuiserie.jpg
  artifactKey: Guid(8583b73c1e913fa4bb19a9de289b754e) Importer(815301076,1909f56bfc062723c751e8b465ee728b)
Start importing Assets/Quentin/Assets/images/menuiserie.jpg using Guid(8583b73c1e913fa4bb19a9de289b754e) Importer(815301076,1909f56bfc062723c751e8b465ee728b)  -> (artifact id: '00000000000000000000000000000000') in 0.027381 seconds
Import Error Code:(4)
Message: Build asset version error: assets/quentin/assets/images/menuiserie.jpg in SourceAssetDB has modification time of '2024-12-20T23:26:57.5868636Z' while content on disk has modification time of '2024-12-20T23:27:07.7758145Z'
  ERROR: Build asset version error: assets/quentin/assets/images/menuiserie.jpg in SourceAssetDB has modification time of '2024-12-20T23:26:57.5868636Z' while content on disk has modification time of '2024-12-20T23:27:07.7758145Z'
Number of updated asset objects reloaded before import = 0
Number of asset objects unloaded after import = 0
========================================================================
Received Import Request.
  Time since last request: 0.017664 seconds.
  path: Assets/Quentin/Assets/images/menuiserie.jpg
  artifactKey: Guid(8583b73c1e913fa4bb19a9de289b754e) Importer(815301076,1909f56bfc062723c751e8b465ee728b)
Start importing Assets/Quentin/Assets/images/menuiserie.jpg using Guid(8583b73c1e913fa4bb19a9de289b754e) Importer(815301076,1909f56bfc062723c751e8b465ee728b)  -> (artifact id: '00000000000000000000000000000000') in 0.031179 seconds
Import Error Code:(4)
Message: Build asset version error: assets/quentin/assets/images/menuiserie.jpg in SourceAssetDB has modification time of '2024-12-20T23:26:57.5868636Z' while content on disk has modification time of '2024-12-20T23:27:07.7758145Z'
  ERROR: Build asset version error: assets/quentin/assets/images/menuiserie.jpg in SourceAssetDB has modification time of '2024-12-20T23:26:57.5868636Z' while content on disk has modification time of '2024-12-20T23:27:07.7758145Z'
Number of updated asset objects reloaded before import = 0
Number of asset objects unloaded after import = 0
========================================================================
Received Import Request.
  Time since last request: 0.001429 seconds.
  path: Assets/Quentin/Assets/images/menuiserie.jpg
  artifactKey: Guid(8583b73c1e913fa4bb19a9de289b754e) Importer(815301076,1909f56bfc062723c751e8b465ee728b)
Start importing Assets/Quentin/Assets/images/menuiserie.jpg using Guid(8583b73c1e913fa4bb19a9de289b754e) Importer(815301076,1909f56bfc062723c751e8b465ee728b)  -> (artifact id: '00000000000000000000000000000000') in 0.029961 seconds
Import Error Code:(4)
Message: Build asset version error: assets/quentin/assets/images/menuiserie.jpg in SourceAssetDB has modification time of '2024-12-20T23:26:57.5868636Z' while content on disk has modification time of '2024-12-20T23:27:07.7758145Z'
  ERROR: Build asset version error: assets/quentin/assets/images/menuiserie.jpg in SourceAssetDB has modification time of '2024-12-20T23:26:57.5868636Z' while content on disk has modification time of '2024-12-20T23:27:07.7758145Z'
Number of updated asset objects reloaded before import = 0
Number of asset objects unloaded after import = 0
========================================================================
Received Import Request.
  Time since last request: 0.018175 seconds.
  path: Assets/Quentin/Assets/images/menuiserie.jpg
  artifactKey: Guid(8583b73c1e913fa4bb19a9de289b754e) Importer(815301076,1909f56bfc062723c751e8b465ee728b)
Start importing Assets/Quentin/Assets/images/menuiserie.jpg using Guid(8583b73c1e913fa4bb19a9de289b754e) Importer(815301076,1909f56bfc062723c751e8b465ee728b)  -> (artifact id: '00000000000000000000000000000000') in 0.022791 seconds
Import Error Code:(4)
Message: Build asset version error: assets/quentin/assets/images/menuiserie.jpg in SourceAssetDB has modification time of '2024-12-20T23:26:57.5868636Z' while content on disk has modification time of '2024-12-20T23:27:07.7758145Z'
  ERROR: Build asset version error: assets/quentin/assets/images/menuiserie.jpg in SourceAssetDB has modification time of '2024-12-20T23:26:57.5868636Z' while content on disk has modification time of '2024-12-20T23:27:07.7758145Z'
Number of updated asset objects reloaded before import = 0
Number of asset objects unloaded after import = 0
========================================================================
Received Import Request.
  Time since last request: 0.023188 seconds.
  path: Assets/Quentin/Assets/images/menuiserie.jpg
  artifactKey: Guid(8583b73c1e913fa4bb19a9de289b754e) Importer(815301076,1909f56bfc062723c751e8b465ee728b)
Start importing Assets/Quentin/Assets/images/menuiserie.jpg using Guid(8583b73c1e913fa4bb19a9de289b754e) Importer(815301076,1909f56bfc062723c751e8b465ee728b)  -> (artifact id: '00000000000000000000000000000000') in 0.026994 seconds
Import Error Code:(4)
Message: Build asset version error: assets/quentin/assets/images/menuiserie.jpg in SourceAssetDB has modification time of '2024-12-20T23:26:57.5868636Z' while content on disk has modification time of '2024-12-20T23:27:07.7758145Z'
  ERROR: Build asset version error: assets/quentin/assets/images/menuiserie.jpg in SourceAssetDB has modification time of '2024-12-20T23:26:57.5868636Z' while content on disk has modification time of '2024-12-20T23:27:07.7758145Z'
Number of updated asset objects reloaded before import = 0
Number of asset objects unloaded after import = 0
========================================================================
Received Import Request.
  Time since last request: 0.002971 seconds.
  path: Assets/Quentin/Assets/images/menuiserie.jpg
  artifactKey: Guid(8583b73c1e913fa4bb19a9de289b754e) Importer(815301076,1909f56bfc062723c751e8b465ee728b)
Start importing Assets/Quentin/Assets/images/menuiserie.jpg using Guid(8583b73c1e913fa4bb19a9de289b754e) Importer(815301076,1909f56bfc062723c751e8b465ee728b)  -> (artifact id: '00000000000000000000000000000000') in 0.046964 seconds
Import Error Code:(4)
Message: Build asset version error: assets/quentin/assets/images/menuiserie.jpg in SourceAssetDB has modification time of '2024-12-20T23:26:57.5868636Z' while content on disk has modification time of '2024-12-20T23:27:07.7758145Z'
  ERROR: Build asset version error: assets/quentin/assets/images/menuiserie.jpg in SourceAssetDB has modification time of '2024-12-20T23:26:57.5868636Z' while content on disk has modification time of '2024-12-20T23:27:07.7758145Z'
Number of updated asset objects reloaded before import = 0
Number of asset objects unloaded after import = 0
========================================================================
Received Import Request.
  Time since last request: 0.001535 seconds.
  path: Assets/Quentin/Assets/images/menuiserie.jpg
  artifactKey: Guid(8583b73c1e913fa4bb19a9de289b754e) Importer(815301076,1909f56bfc062723c751e8b465ee728b)
Start importing Assets/Quentin/Assets/images/menuiserie.jpg using Guid(8583b73c1e913fa4bb19a9de289b754e) Importer(815301076,1909f56bfc062723c751e8b465ee728b)  -> (artifact id: '00000000000000000000000000000000') in 0.030900 seconds
Import Error Code:(4)
Message: Build asset version error: assets/quentin/assets/images/menuiserie.jpg in SourceAssetDB has modification time of '2024-12-20T23:26:57.5868636Z' while content on disk has modification time of '2024-12-20T23:27:07.7758145Z'
  ERROR: Build asset version error: assets/quentin/assets/images/menuiserie.jpg in SourceAssetDB has modification time of '2024-12-20T23:26:57.5868636Z' while content on disk has modification time of '2024-12-20T23:27:07.7758145Z'
Number of updated asset objects reloaded before import = 0
Number of asset objects unloaded after import = 0
========================================================================
Received Import Request.
  Time since last request: 0.001378 seconds.
  path: Assets/Quentin/Assets/images/menuiserie.jpg
  artifactKey: Guid(8583b73c1e913fa4bb19a9de289b754e) Importer(815301076,1909f56bfc062723c751e8b465ee728b)
Start importing Assets/Quentin/Assets/images/menuiserie.jpg using Guid(8583b73c1e913fa4bb19a9de289b754e) Importer(815301076,1909f56bfc062723c751e8b465ee728b)  -> (artifact id: '00000000000000000000000000000000') in 0.037175 seconds
Import Error Code:(4)
Message: Build asset version error: assets/quentin/assets/images/menuiserie.jpg in SourceAssetDB has modification time of '2024-12-20T23:26:57.5868636Z' while content on disk has modification time of '2024-12-20T23:27:07.7758145Z'
  ERROR: Build asset version error: assets/quentin/assets/images/menuiserie.jpg in SourceAssetDB has modification time of '2024-12-20T23:26:57.5868636Z' while content on disk has modification time of '2024-12-20T23:27:07.7758145Z'
Number of updated asset objects reloaded before import = 0
Number of asset objects unloaded after import = 0
========================================================================
Received Import Request.
  Time since last request: 0.002532 seconds.
  path: Assets/Quentin/Assets/images/menuiserie.jpg
  artifactKey: Guid(8583b73c1e913fa4bb19a9de289b754e) Importer(815301076,1909f56bfc062723c751e8b465ee728b)
Start importing Assets/Quentin/Assets/images/menuiserie.jpg using Guid(8583b73c1e913fa4bb19a9de289b754e) Importer(815301076,1909f56bfc062723c751e8b465ee728b)  -> (artifact id: '00000000000000000000000000000000') in 0.033872 seconds
Import Error Code:(4)
Message: Build asset version error: assets/quentin/assets/images/menuiserie.jpg in SourceAssetDB has modification time of '2024-12-20T23:26:57.5868636Z' while content on disk has modification time of '2024-12-20T23:27:07.7758145Z'
  ERROR: Build asset version error: assets/quentin/assets/images/menuiserie.jpg in SourceAssetDB has modification time of '2024-12-20T23:26:57.5868636Z' while content on disk has modification time of '2024-12-20T23:27:07.7758145Z'
Number of updated asset objects reloaded before import = 0
Number of asset objects unloaded after import = 0
========================================================================
Received Import Request.
  Time since last request: 0.018448 seconds.
  path: Assets/Quentin/Assets/images/menuiserie.jpg
  artifactKey: Guid(8583b73c1e913fa4bb19a9de289b754e) Importer(815301076,1909f56bfc062723c751e8b465ee728b)
Start importing Assets/Quentin/Assets/images/menuiserie.jpg using Guid(8583b73c1e913fa4bb19a9de289b754e) Importer(815301076,1909f56bfc062723c751e8b465ee728b)  -> (artifact id: '00000000000000000000000000000000') in 0.021425 seconds
Import Error Code:(4)
Message: Build asset version error: assets/quentin/assets/images/menuiserie.jpg in SourceAssetDB has modification time of '2024-12-20T23:26:57.5868636Z' while content on disk has modification time of '2024-12-20T23:27:07.7758145Z'
  ERROR: Build asset version error: assets/quentin/assets/images/menuiserie.jpg in SourceAssetDB has modification time of '2024-12-20T23:26:57.5868636Z' while content on disk has modification time of '2024-12-20T23:27:07.7758145Z'
Number of updated asset objects reloaded before import = 0
Number of asset objects unloaded after import = 0
========================================================================
Received Import Request.
  Time since last request: 0.017341 seconds.
  path: Assets/Quentin/Assets/images/menuiserie.jpg
  artifactKey: Guid(8583b73c1e913fa4bb19a9de289b754e) Importer(815301076,1909f56bfc062723c751e8b465ee728b)
Start importing Assets/Quentin/Assets/images/menuiserie.jpg using Guid(8583b73c1e913fa4bb19a9de289b754e) Importer(815301076,1909f56bfc062723c751e8b465ee728b)  -> (artifact id: '00000000000000000000000000000000') in 0.025664 seconds
Import Error Code:(4)
Message: Build asset version error: assets/quentin/assets/images/menuiserie.jpg in SourceAssetDB has modification time of '2024-12-20T23:26:57.5868636Z' while content on disk has modification time of '2024-12-20T23:27:07.7758145Z'
  ERROR: Build asset version error: assets/quentin/assets/images/menuiserie.jpg in SourceAssetDB has modification time of '2024-12-20T23:26:57.5868636Z' while content on disk has modification time of '2024-12-20T23:27:07.7758145Z'
Number of updated asset objects reloaded before import = 0
Number of asset objects unloaded after import = 0
========================================================================
Received Import Request.
  Time since last request: 0.002666 seconds.
  path: Assets/Quentin/Assets/images/menuiserie.jpg
  artifactKey: Guid(8583b73c1e913fa4bb19a9de289b754e) Importer(815301076,1909f56bfc062723c751e8b465ee728b)
Start importing Assets/Quentin/Assets/images/menuiserie.jpg using Guid(8583b73c1e913fa4bb19a9de289b754e) Importer(815301076,1909f56bfc062723c751e8b465ee728b)  -> (artifact id: '00000000000000000000000000000000') in 0.019252 seconds
Import Error Code:(4)
Message: Build asset version error: assets/quentin/assets/images/menuiserie.jpg in SourceAssetDB has modification time of '2024-12-20T23:26:57.5868636Z' while content on disk has modification time of '2024-12-20T23:27:07.7758145Z'
  ERROR: Build asset version error: assets/quentin/assets/images/menuiserie.jpg in SourceAssetDB has modification time of '2024-12-20T23:26:57.5868636Z' while content on disk has modification time of '2024-12-20T23:27:07.7758145Z'
Number of updated asset objects reloaded before import = 0
Number of asset objects unloaded after import = 0
========================================================================
Received Import Request.
  Time since last request: 0.019992 seconds.
  path: Assets/Quentin/Assets/images/menuiserie.jpg
  artifactKey: Guid(8583b73c1e913fa4bb19a9de289b754e) Importer(815301076,1909f56bfc062723c751e8b465ee728b)
Start importing Assets/Quentin/Assets/images/menuiserie.jpg using Guid(8583b73c1e913fa4bb19a9de289b754e) Importer(815301076,1909f56bfc062723c751e8b465ee728b)  -> (artifact id: '00000000000000000000000000000000') in 0.026843 seconds
Import Error Code:(4)
Message: Build asset version error: assets/quentin/assets/images/menuiserie.jpg in SourceAssetDB has modification time of '2024-12-20T23:26:57.5868636Z' while content on disk has modification time of '2024-12-20T23:27:07.7758145Z'
  ERROR: Build asset version error: assets/quentin/assets/images/menuiserie.jpg in SourceAssetDB has modification time of '2024-12-20T23:26:57.5868636Z' while content on disk has modification time of '2024-12-20T23:27:07.7758145Z'
Number of updated asset objects reloaded before import = 0
Number of asset objects unloaded after import = 0
========================================================================
Received Import Request.
  Time since last request: 0.001309 seconds.
  path: Assets/Quentin/Assets/images/menuiserie.jpg
  artifactKey: Guid(8583b73c1e913fa4bb19a9de289b754e) Importer(815301076,1909f56bfc062723c751e8b465ee728b)
Start importing Assets/Quentin/Assets/images/menuiserie.jpg using Guid(8583b73c1e913fa4bb19a9de289b754e) Importer(815301076,1909f56bfc062723c751e8b465ee728b)  -> (artifact id: '00000000000000000000000000000000') in 0.042257 seconds
Import Error Code:(4)
Message: Build asset version error: assets/quentin/assets/images/menuiserie.jpg in SourceAssetDB has modification time of '2024-12-20T23:26:57.5868636Z' while content on disk has modification time of '2024-12-20T23:27:07.7758145Z'
  ERROR: Build asset version error: assets/quentin/assets/images/menuiserie.jpg in SourceAssetDB has modification time of '2024-12-20T23:26:57.5868636Z' while content on disk has modification time of '2024-12-20T23:27:07.7758145Z'
Number of updated asset objects reloaded before import = 0
Number of asset objects unloaded after import = 0
========================================================================
Received Import Request.
  Time since last request: 0.018430 seconds.
  path: Assets/Quentin/Assets/images/menuiserie.jpg
  artifactKey: Guid(8583b73c1e913fa4bb19a9de289b754e) Importer(815301076,1909f56bfc062723c751e8b465ee728b)
Start importing Assets/Quentin/Assets/images/menuiserie.jpg using Guid(8583b73c1e913fa4bb19a9de289b754e) Importer(815301076,1909f56bfc062723c751e8b465ee728b)  -> (artifact id: '00000000000000000000000000000000') in 0.025249 seconds
Import Error Code:(4)
Message: Build asset version error: assets/quentin/assets/images/menuiserie.jpg in SourceAssetDB has modification time of '2024-12-20T23:26:57.5868636Z' while content on disk has modification time of '2024-12-20T23:27:07.7758145Z'
  ERROR: Build asset version error: assets/quentin/assets/images/menuiserie.jpg in SourceAssetDB has modification time of '2024-12-20T23:26:57.5868636Z' while content on disk has modification time of '2024-12-20T23:27:07.7758145Z'
Number of updated asset objects reloaded before import = 0
Number of asset objects unloaded after import = 0
========================================================================
Received Import Request.
  Time since last request: 0.018634 seconds.
  path: Assets/Quentin/Assets/images/menuiserie.jpg
  artifactKey: Guid(8583b73c1e913fa4bb19a9de289b754e) Importer(815301076,1909f56bfc062723c751e8b465ee728b)
Start importing Assets/Quentin/Assets/images/menuiserie.jpg using Guid(8583b73c1e913fa4bb19a9de289b754e) Importer(815301076,1909f56bfc062723c751e8b465ee728b)  -> (artifact id: '00000000000000000000000000000000') in 0.033132 seconds
Import Error Code:(4)
Message: Build asset version error: assets/quentin/assets/images/menuiserie.jpg in SourceAssetDB has modification time of '2024-12-20T23:26:57.5868636Z' while content on disk has modification time of '2024-12-20T23:27:07.7758145Z'
  ERROR: Build asset version error: assets/quentin/assets/images/menuiserie.jpg in SourceAssetDB has modification time of '2024-12-20T23:26:57.5868636Z' while content on disk has modification time of '2024-12-20T23:27:07.7758145Z'
Number of updated asset objects reloaded before import = 0
Number of asset objects unloaded after import = 0
========================================================================
Received Import Request.
  Time since last request: 0.010608 seconds.
  path: Assets/Quentin/Assets/images/menuiserie.jpg
  artifactKey: Guid(8583b73c1e913fa4bb19a9de289b754e) Importer(815301076,1909f56bfc062723c751e8b465ee728b)
Start importing Assets/Quentin/Assets/images/menuiserie.jpg using Guid(8583b73c1e913fa4bb19a9de289b754e) Importer(815301076,1909f56bfc062723c751e8b465ee728b)  -> (artifact id: '00000000000000000000000000000000') in 0.022560 seconds
Import Error Code:(4)
Message: Build asset version error: assets/quentin/assets/images/menuiserie.jpg in SourceAssetDB has modification time of '2024-12-20T23:26:57.5868636Z' while content on disk has modification time of '2024-12-20T23:27:07.7758145Z'
  ERROR: Build asset version error: assets/quentin/assets/images/menuiserie.jpg in SourceAssetDB has modification time of '2024-12-20T23:26:57.5868636Z' while content on disk has modification time of '2024-12-20T23:27:07.7758145Z'
Number of updated asset objects reloaded before import = 0
Number of asset objects unloaded after import = 0
========================================================================
Received Import Request.
  Time since last request: 0.002188 seconds.
  path: Assets/Quentin/Assets/images/menuiserie.jpg
  artifactKey: Guid(8583b73c1e913fa4bb19a9de289b754e) Importer(815301076,1909f56bfc062723c751e8b465ee728b)
Start importing Assets/Quentin/Assets/images/menuiserie.jpg using Guid(8583b73c1e913fa4bb19a9de289b754e) Importer(815301076,1909f56bfc062723c751e8b465ee728b)  -> (artifact id: '00000000000000000000000000000000') in 0.021244 seconds
Import Error Code:(4)
Message: Build asset version error: assets/quentin/assets/images/menuiserie.jpg in SourceAssetDB has modification time of '2024-12-20T23:26:57.5868636Z' while content on disk has modification time of '2024-12-20T23:27:07.7758145Z'
  ERROR: Build asset version error: assets/quentin/assets/images/menuiserie.jpg in SourceAssetDB has modification time of '2024-12-20T23:26:57.5868636Z' while content on disk has modification time of '2024-12-20T23:27:07.7758145Z'
Number of updated asset objects reloaded before import = 0
Number of asset objects unloaded after import = 0
========================================================================
Received Import Request.
  Time since last request: 0.032304 seconds.
  path: Assets/Quentin/Assets/images/menuiserie.jpg
  artifactKey: Guid(8583b73c1e913fa4bb19a9de289b754e) Importer(815301076,1909f56bfc062723c751e8b465ee728b)
Start importing Assets/Quentin/Assets/images/menuiserie.jpg using Guid(8583b73c1e913fa4bb19a9de289b754e) Importer(815301076,1909f56bfc062723c751e8b465ee728b)  -> (artifact id: '00000000000000000000000000000000') in 0.029266 seconds
Import Error Code:(4)
Message: Build asset version error: assets/quentin/assets/images/menuiserie.jpg in SourceAssetDB has modification time of '2024-12-20T23:26:57.5868636Z' while content on disk has modification time of '2024-12-20T23:27:07.7758145Z'
  ERROR: Build asset version error: assets/quentin/assets/images/menuiserie.jpg in SourceAssetDB has modification time of '2024-12-20T23:26:57.5868636Z' while content on disk has modification time of '2024-12-20T23:27:07.7758145Z'
Number of updated asset objects reloaded before import = 0
Number of asset objects unloaded after import = 0
========================================================================
Received Import Request.
  Time since last request: 0.061595 seconds.
  path: Assets/Quentin/Assets/images/menuiserie.jpg
  artifactKey: Guid(8583b73c1e913fa4bb19a9de289b754e) Importer(815301076,1909f56bfc062723c751e8b465ee728b)
Start importing Assets/Quentin/Assets/images/menuiserie.jpg using Guid(8583b73c1e913fa4bb19a9de289b754e) Importer(815301076,1909f56bfc062723c751e8b465ee728b)  -> (artifact id: '00000000000000000000000000000000') in 0.023848 seconds
Import Error Code:(4)
Message: Build asset version error: assets/quentin/assets/images/menuiserie.jpg in SourceAssetDB has modification time of '2024-12-20T23:26:57.5868636Z' while content on disk has modification time of '2024-12-20T23:27:07.7758145Z'
  ERROR: Build asset version error: assets/quentin/assets/images/menuiserie.jpg in SourceAssetDB has modification time of '2024-12-20T23:26:57.5868636Z' while content on disk has modification time of '2024-12-20T23:27:07.7758145Z'
Number of updated asset objects reloaded before import = 0
Number of asset objects unloaded after import = 0
========================================================================
Received Import Request.
  Time since last request: 0.008217 seconds.
  path: Assets/Quentin/Assets/images/menuiserie.jpg
  artifactKey: Guid(8583b73c1e913fa4bb19a9de289b754e) Importer(815301076,1909f56bfc062723c751e8b465ee728b)
Start importing Assets/Quentin/Assets/images/menuiserie.jpg using Guid(8583b73c1e913fa4bb19a9de289b754e) Importer(815301076,1909f56bfc062723c751e8b465ee728b)  -> (artifact id: '00000000000000000000000000000000') in 0.016947 seconds
Import Error Code:(4)
Message: Build asset version error: assets/quentin/assets/images/menuiserie.jpg in SourceAssetDB has modification time of '2024-12-20T23:26:57.5868636Z' while content on disk has modification time of '2024-12-20T23:27:07.7758145Z'
  ERROR: Build asset version error: assets/quentin/assets/images/menuiserie.jpg in SourceAssetDB has modification time of '2024-12-20T23:26:57.5868636Z' while content on disk has modification time of '2024-12-20T23:27:07.7758145Z'
Number of updated asset objects reloaded before import = 0
Number of asset objects unloaded after import = 0
========================================================================
Received Import Request.
  Time since last request: 0.055441 seconds.
  path: Assets/Quentin/Assets/images/menuiserie.jpg
  artifactKey: Guid(8583b73c1e913fa4bb19a9de289b754e) Importer(815301076,1909f56bfc062723c751e8b465ee728b)
Start importing Assets/Quentin/Assets/images/menuiserie.jpg using Guid(8583b73c1e913fa4bb19a9de289b754e) Importer(815301076,1909f56bfc062723c751e8b465ee728b)  -> (artifact id: '00000000000000000000000000000000') in 0.020918 seconds
Import Error Code:(4)
Message: Build asset version error: assets/quentin/assets/images/menuiserie.jpg in SourceAssetDB has modification time of '2024-12-20T23:26:57.5868636Z' while content on disk has modification time of '2024-12-20T23:27:07.7758145Z'
  ERROR: Build asset version error: assets/quentin/assets/images/menuiserie.jpg in SourceAssetDB has modification time of '2024-12-20T23:26:57.5868636Z' while content on disk has modification time of '2024-12-20T23:27:07.7758145Z'
Number of updated asset objects reloaded before import = 0
Number of asset objects unloaded after import = 0
========================================================================
Received Import Request.
  Time since last request: 0.013696 seconds.
  path: Assets/Quentin/Assets/images/menuiserie.jpg
  artifactKey: Guid(8583b73c1e913fa4bb19a9de289b754e) Importer(815301076,1909f56bfc062723c751e8b465ee728b)
Start importing Assets/Quentin/Assets/images/menuiserie.jpg using Guid(8583b73c1e913fa4bb19a9de289b754e) Importer(815301076,1909f56bfc062723c751e8b465ee728b)  -> (artifact id: '00000000000000000000000000000000') in 0.021619 seconds
Import Error Code:(4)
Message: Build asset version error: assets/quentin/assets/images/menuiserie.jpg in SourceAssetDB has modification time of '2024-12-20T23:26:57.5868636Z' while content on disk has modification time of '2024-12-20T23:27:07.7758145Z'
  ERROR: Build asset version error: assets/quentin/assets/images/menuiserie.jpg in SourceAssetDB has modification time of '2024-12-20T23:26:57.5868636Z' while content on disk has modification time of '2024-12-20T23:27:07.7758145Z'
Number of updated asset objects reloaded before import = 0
Number of asset objects unloaded after import = 0
========================================================================
Received Import Request.
  Time since last request: 0.027106 seconds.
  path: Assets/Quentin/Assets/images/menuiserie.jpg
  artifactKey: Guid(8583b73c1e913fa4bb19a9de289b754e) Importer(815301076,1909f56bfc062723c751e8b465ee728b)
Start importing Assets/Quentin/Assets/images/menuiserie.jpg using Guid(8583b73c1e913fa4bb19a9de289b754e) Importer(815301076,1909f56bfc062723c751e8b465ee728b)  -> (artifact id: '00000000000000000000000000000000') in 0.023747 seconds
Import Error Code:(4)
Message: Build asset version error: assets/quentin/assets/images/menuiserie.jpg in SourceAssetDB has modification time of '2024-12-20T23:26:57.5868636Z' while content on disk has modification time of '2024-12-20T23:27:07.7758145Z'
  ERROR: Build asset version error: assets/quentin/assets/images/menuiserie.jpg in SourceAssetDB has modification time of '2024-12-20T23:26:57.5868636Z' while content on disk has modification time of '2024-12-20T23:27:07.7758145Z'
Number of updated asset objects reloaded before import = 0
Number of asset objects unloaded after import = 0
========================================================================
Received Import Request.
  Time since last request: 0.005714 seconds.
  path: Assets/Quentin/Assets/images/menuiserie.jpg
  artifactKey: Guid(8583b73c1e913fa4bb19a9de289b754e) Importer(815301076,1909f56bfc062723c751e8b465ee728b)
Start importing Assets/Quentin/Assets/images/menuiserie.jpg using Guid(8583b73c1e913fa4bb19a9de289b754e) Importer(815301076,1909f56bfc062723c751e8b465ee728b)  -> (artifact id: '00000000000000000000000000000000') in 0.026881 seconds
Import Error Code:(4)
Message: Build asset version error: assets/quentin/assets/images/menuiserie.jpg in SourceAssetDB has modification time of '2024-12-20T23:26:57.5868636Z' while content on disk has modification time of '2024-12-20T23:27:07.7758145Z'
  ERROR: Build asset version error: assets/quentin/assets/images/menuiserie.jpg in SourceAssetDB has modification time of '2024-12-20T23:26:57.5868636Z' while content on disk has modification time of '2024-12-20T23:27:07.7758145Z'
Number of updated asset objects reloaded before import = 0
Number of asset objects unloaded after import = 0
========================================================================
Received Import Request.
  Time since last request: 0.004416 seconds.
  path: Assets/Quentin/Assets/images/menuiserie.jpg
  artifactKey: Guid(8583b73c1e913fa4bb19a9de289b754e) Importer(815301076,1909f56bfc062723c751e8b465ee728b)
Start importing Assets/Quentin/Assets/images/menuiserie.jpg using Guid(8583b73c1e913fa4bb19a9de289b754e) Importer(815301076,1909f56bfc062723c751e8b465ee728b)  -> (artifact id: '00000000000000000000000000000000') in 0.028274 seconds
Import Error Code:(4)
Message: Build asset version error: assets/quentin/assets/images/menuiserie.jpg in SourceAssetDB has modification time of '2024-12-20T23:26:57.5868636Z' while content on disk has modification time of '2024-12-20T23:27:07.7758145Z'
  ERROR: Build asset version error: assets/quentin/assets/images/menuiserie.jpg in SourceAssetDB has modification time of '2024-12-20T23:26:57.5868636Z' while content on disk has modification time of '2024-12-20T23:27:07.7758145Z'
Number of updated asset objects reloaded before import = 0
Number of asset objects unloaded after import = 0
========================================================================
Received Import Request.
  Time since last request: 0.009564 seconds.
  path: Assets/Quentin/Assets/images/menuiserie.jpg
  artifactKey: Guid(8583b73c1e913fa4bb19a9de289b754e) Importer(815301076,1909f56bfc062723c751e8b465ee728b)
Start importing Assets/Quentin/Assets/images/menuiserie.jpg using Guid(8583b73c1e913fa4bb19a9de289b754e) Importer(815301076,1909f56bfc062723c751e8b465ee728b)  -> (artifact id: '00000000000000000000000000000000') in 0.034082 seconds
Import Error Code:(4)
Message: Build asset version error: assets/quentin/assets/images/menuiserie.jpg in SourceAssetDB has modification time of '2024-12-20T23:26:57.5868636Z' while content on disk has modification time of '2024-12-20T23:27:07.7758145Z'
  ERROR: Build asset version error: assets/quentin/assets/images/menuiserie.jpg in SourceAssetDB has modification time of '2024-12-20T23:26:57.5868636Z' while content on disk has modification time of '2024-12-20T23:27:07.7758145Z'
Number of updated asset objects reloaded before import = 0
Number of asset objects unloaded after import = 0
========================================================================
Received Import Request.
  Time since last request: 0.001563 seconds.
  path: Assets/Quentin/Assets/images/menuiserie.jpg
  artifactKey: Guid(8583b73c1e913fa4bb19a9de289b754e) Importer(815301076,1909f56bfc062723c751e8b465ee728b)
Start importing Assets/Quentin/Assets/images/menuiserie.jpg using Guid(8583b73c1e913fa4bb19a9de289b754e) Importer(815301076,1909f56bfc062723c751e8b465ee728b)  -> (artifact id: '00000000000000000000000000000000') in 0.028984 seconds
Import Error Code:(4)
Message: Build asset version error: assets/quentin/assets/images/menuiserie.jpg in SourceAssetDB has modification time of '2024-12-20T23:26:57.5868636Z' while content on disk has modification time of '2024-12-20T23:27:07.7758145Z'
  ERROR: Build asset version error: assets/quentin/assets/images/menuiserie.jpg in SourceAssetDB has modification time of '2024-12-20T23:26:57.5868636Z' while content on disk has modification time of '2024-12-20T23:27:07.7758145Z'
Number of updated asset objects reloaded before import = 0
Number of asset objects unloaded after import = 0
========================================================================
Received Import Request.
  Time since last request: 0.007823 seconds.
  path: Assets/Quentin/Assets/images/menuiserie.jpg
  artifactKey: Guid(8583b73c1e913fa4bb19a9de289b754e) Importer(815301076,1909f56bfc062723c751e8b465ee728b)
Start importing Assets/Quentin/Assets/images/menuiserie.jpg using Guid(8583b73c1e913fa4bb19a9de289b754e) Importer(815301076,1909f56bfc062723c751e8b465ee728b)  -> (artifact id: '00000000000000000000000000000000') in 0.020444 seconds
Import Error Code:(4)
Message: Build asset version error: assets/quentin/assets/images/menuiserie.jpg in SourceAssetDB has modification time of '2024-12-20T23:26:57.5868636Z' while content on disk has modification time of '2024-12-20T23:27:07.7758145Z'
  ERROR: Build asset version error: assets/quentin/assets/images/menuiserie.jpg in SourceAssetDB has modification time of '2024-12-20T23:26:57.5868636Z' while content on disk has modification time of '2024-12-20T23:27:07.7758145Z'
Number of updated asset objects reloaded before import = 0
Number of asset objects unloaded after import = 0
========================================================================
Received Import Request.
  Time since last request: 0.023978 seconds.
  path: Assets/Quentin/Assets/images/menuiserie.jpg
  artifactKey: Guid(8583b73c1e913fa4bb19a9de289b754e) Importer(815301076,1909f56bfc062723c751e8b465ee728b)
Start importing Assets/Quentin/Assets/images/menuiserie.jpg using Guid(8583b73c1e913fa4bb19a9de289b754e) Importer(815301076,1909f56bfc062723c751e8b465ee728b)  -> (artifact id: '00000000000000000000000000000000') in 0.030687 seconds
Import Error Code:(4)
Message: Build asset version error: assets/quentin/assets/images/menuiserie.jpg in SourceAssetDB has modification time of '2024-12-20T23:26:57.5868636Z' while content on disk has modification time of '2024-12-20T23:27:07.7758145Z'
  ERROR: Build asset version error: assets/quentin/assets/images/menuiserie.jpg in SourceAssetDB has modification time of '2024-12-20T23:26:57.5868636Z' while content on disk has modification time of '2024-12-20T23:27:07.7758145Z'
Number of updated asset objects reloaded before import = 0
Number of asset objects unloaded after import = 0
========================================================================
Received Import Request.
  Time since last request: 0.002097 seconds.
  path: Assets/Quentin/Assets/images/menuiserie.jpg
  artifactKey: Guid(8583b73c1e913fa4bb19a9de289b754e) Importer(815301076,1909f56bfc062723c751e8b465ee728b)
Start importing Assets/Quentin/Assets/images/menuiserie.jpg using Guid(8583b73c1e913fa4bb19a9de289b754e) Importer(815301076,1909f56bfc062723c751e8b465ee728b)  -> (artifact id: '00000000000000000000000000000000') in 0.036284 seconds
Import Error Code:(4)
Message: Build asset version error: assets/quentin/assets/images/menuiserie.jpg in SourceAssetDB has modification time of '2024-12-20T23:26:57.5868636Z' while content on disk has modification time of '2024-12-20T23:27:07.7758145Z'
  ERROR: Build asset version error: assets/quentin/assets/images/menuiserie.jpg in SourceAssetDB has modification time of '2024-12-20T23:26:57.5868636Z' while content on disk has modification time of '2024-12-20T23:27:07.7758145Z'
Number of updated asset objects reloaded before import = 0
Number of asset objects unloaded after import = 0
========================================================================
Received Import Request.
  Time since last request: 0.000837 seconds.
  path: Assets/Quentin/Assets/images/menuiserie.jpg
  artifactKey: Guid(8583b73c1e913fa4bb19a9de289b754e) Importer(815301076,1909f56bfc062723c751e8b465ee728b)
Start importing Assets/Quentin/Assets/images/menuiserie.jpg using Guid(8583b73c1e913fa4bb19a9de289b754e) Importer(815301076,1909f56bfc062723c751e8b465ee728b)  -> (artifact id: '00000000000000000000000000000000') in 0.022960 seconds
Import Error Code:(4)
Message: Build asset version error: assets/quentin/assets/images/menuiserie.jpg in SourceAssetDB has modification time of '2024-12-20T23:26:57.5868636Z' while content on disk has modification time of '2024-12-20T23:27:07.7758145Z'
  ERROR: Build asset version error: assets/quentin/assets/images/menuiserie.jpg in SourceAssetDB has modification time of '2024-12-20T23:26:57.5868636Z' while content on disk has modification time of '2024-12-20T23:27:07.7758145Z'
Number of updated asset objects reloaded before import = 0
Number of asset objects unloaded after import = 0
========================================================================
Received Import Request.
  Time since last request: 0.009938 seconds.
  path: Assets/Quentin/Assets/images/menuiserie.jpg
  artifactKey: Guid(8583b73c1e913fa4bb19a9de289b754e) Importer(815301076,1909f56bfc062723c751e8b465ee728b)
Start importing Assets/Quentin/Assets/images/menuiserie.jpg using Guid(8583b73c1e913fa4bb19a9de289b754e) Importer(815301076,1909f56bfc062723c751e8b465ee728b)  -> (artifact id: '00000000000000000000000000000000') in 0.029729 seconds
Import Error Code:(4)
Message: Build asset version error: assets/quentin/assets/images/menuiserie.jpg in SourceAssetDB has modification time of '2024-12-20T23:26:57.5868636Z' while content on disk has modification time of '2024-12-20T23:27:07.7758145Z'
  ERROR: Build asset version error: assets/quentin/assets/images/menuiserie.jpg in SourceAssetDB has modification time of '2024-12-20T23:26:57.5868636Z' while content on disk has modification time of '2024-12-20T23:27:07.7758145Z'
Number of updated asset objects reloaded before import = 0
Number of asset objects unloaded after import = 0
========================================================================
Received Import Request.
  Time since last request: 0.008561 seconds.
  path: Assets/Quentin/Assets/images/menuiserie.jpg
  artifactKey: Guid(8583b73c1e913fa4bb19a9de289b754e) Importer(815301076,1909f56bfc062723c751e8b465ee728b)
Start importing Assets/Quentin/Assets/images/menuiserie.jpg using Guid(8583b73c1e913fa4bb19a9de289b754e) Importer(815301076,1909f56bfc062723c751e8b465ee728b)  -> (artifact id: '00000000000000000000000000000000') in 0.021569 seconds
Import Error Code:(4)
Message: Build asset version error: assets/quentin/assets/images/menuiserie.jpg in SourceAssetDB has modification time of '2024-12-20T23:26:57.5868636Z' while content on disk has modification time of '2024-12-20T23:27:07.7758145Z'
  ERROR: Build asset version error: assets/quentin/assets/images/menuiserie.jpg in SourceAssetDB has modification time of '2024-12-20T23:26:57.5868636Z' while content on disk has modification time of '2024-12-20T23:27:07.7758145Z'
Number of updated asset objects reloaded before import = 0
Number of asset objects unloaded after import = 0
========================================================================
Received Import Request.
  Time since last request: 0.010316 seconds.
  path: Assets/Quentin/Assets/images/menuiserie.jpg
  artifactKey: Guid(8583b73c1e913fa4bb19a9de289b754e) Importer(815301076,1909f56bfc062723c751e8b465ee728b)
Start importing Assets/Quentin/Assets/images/menuiserie.jpg using Guid(8583b73c1e913fa4bb19a9de289b754e) Importer(815301076,1909f56bfc062723c751e8b465ee728b)  -> (artifact id: '00000000000000000000000000000000') in 0.023555 seconds
Import Error Code:(4)
Message: Build asset version error: assets/quentin/assets/images/menuiserie.jpg in SourceAssetDB has modification time of '2024-12-20T23:26:57.5868636Z' while content on disk has modification time of '2024-12-20T23:27:07.7758145Z'
  ERROR: Build asset version error: assets/quentin/assets/images/menuiserie.jpg in SourceAssetDB has modification time of '2024-12-20T23:26:57.5868636Z' while content on disk has modification time of '2024-12-20T23:27:07.7758145Z'
Number of updated asset objects reloaded before import = 0
Number of asset objects unloaded after import = 0
========================================================================
Received Import Request.
  Time since last request: 0.010994 seconds.
  path: Assets/Quentin/Assets/images/menuiserie.jpg
  artifactKey: Guid(8583b73c1e913fa4bb19a9de289b754e) Importer(815301076,1909f56bfc062723c751e8b465ee728b)
Start importing Assets/Quentin/Assets/images/menuiserie.jpg using Guid(8583b73c1e913fa4bb19a9de289b754e) Importer(815301076,1909f56bfc062723c751e8b465ee728b)  -> (artifact id: '00000000000000000000000000000000') in 0.021555 seconds
Import Error Code:(4)
Message: Build asset version error: assets/quentin/assets/images/menuiserie.jpg in SourceAssetDB has modification time of '2024-12-20T23:26:57.5868636Z' while content on disk has modification time of '2024-12-20T23:27:07.7758145Z'
  ERROR: Build asset version error: assets/quentin/assets/images/menuiserie.jpg in SourceAssetDB has modification time of '2024-12-20T23:26:57.5868636Z' while content on disk has modification time of '2024-12-20T23:27:07.7758145Z'
Number of updated asset objects reloaded before import = 0
Number of asset objects unloaded after import = 0
========================================================================
Received Import Request.
  Time since last request: 0.247913 seconds.
  path: Assets/Quentin/Assets/images/menuiserie.jpg
  artifactKey: Guid(8583b73c1e913fa4bb19a9de289b754e) Importer(815301076,1909f56bfc062723c751e8b465ee728b)
Start importing Assets/Quentin/Assets/images/menuiserie.jpg using Guid(8583b73c1e913fa4bb19a9de289b754e) Importer(815301076,1909f56bfc062723c751e8b465ee728b)  -> (artifact id: '00000000000000000000000000000000') in 0.030764 seconds
Import Error Code:(4)
Message: Build asset version error: assets/quentin/assets/images/menuiserie.jpg in SourceAssetDB has modification time of '2024-12-20T23:26:57.5868636Z' while content on disk has modification time of '2024-12-20T23:27:07.7758145Z'
  ERROR: Build asset version error: assets/quentin/assets/images/menuiserie.jpg in SourceAssetDB has modification time of '2024-12-20T23:26:57.5868636Z' while content on disk has modification time of '2024-12-20T23:27:07.7758145Z'
Number of updated asset objects reloaded before import = 0
Number of asset objects unloaded after import = 0
========================================================================
Received Import Request.
  Time since last request: 0.004252 seconds.
  path: Assets/Quentin/Assets/images/menuiserie.jpg
  artifactKey: Guid(8583b73c1e913fa4bb19a9de289b754e) Importer(815301076,1909f56bfc062723c751e8b465ee728b)
Start importing Assets/Quentin/Assets/images/menuiserie.jpg using Guid(8583b73c1e913fa4bb19a9de289b754e) Importer(815301076,1909f56bfc062723c751e8b465ee728b)  -> (artifact id: '00000000000000000000000000000000') in 0.034912 seconds
Import Error Code:(4)
Message: Build asset version error: assets/quentin/assets/images/menuiserie.jpg in SourceAssetDB has modification time of '2024-12-20T23:26:57.5868636Z' while content on disk has modification time of '2024-12-20T23:27:07.7758145Z'
  ERROR: Build asset version error: assets/quentin/assets/images/menuiserie.jpg in SourceAssetDB has modification time of '2024-12-20T23:26:57.5868636Z' while content on disk has modification time of '2024-12-20T23:27:07.7758145Z'
Number of updated asset objects reloaded before import = 0
Number of asset objects unloaded after import = 0
========================================================================
Received Import Request.
  Time since last request: 0.005186 seconds.
  path: Assets/Quentin/Assets/images/menuiserie.jpg
  artifactKey: Guid(8583b73c1e913fa4bb19a9de289b754e) Importer(815301076,1909f56bfc062723c751e8b465ee728b)
Start importing Assets/Quentin/Assets/images/menuiserie.jpg using Guid(8583b73c1e913fa4bb19a9de289b754e) Importer(815301076,1909f56bfc062723c751e8b465ee728b)  -> (artifact id: '00000000000000000000000000000000') in 0.025676 seconds
Import Error Code:(4)
Message: Build asset version error: assets/quentin/assets/images/menuiserie.jpg in SourceAssetDB has modification time of '2024-12-20T23:26:57.5868636Z' while content on disk has modification time of '2024-12-20T23:27:07.7758145Z'
  ERROR: Build asset version error: assets/quentin/assets/images/menuiserie.jpg in SourceAssetDB has modification time of '2024-12-20T23:26:57.5868636Z' while content on disk has modification time of '2024-12-20T23:27:07.7758145Z'
Number of updated asset objects reloaded before import = 0
Number of asset objects unloaded after import = 0
========================================================================
Received Import Request.
  Time since last request: 0.014323 seconds.
  path: Assets/Quentin/Assets/images/menuiserie.jpg
  artifactKey: Guid(8583b73c1e913fa4bb19a9de289b754e) Importer(815301076,1909f56bfc062723c751e8b465ee728b)
Start importing Assets/Quentin/Assets/images/menuiserie.jpg using Guid(8583b73c1e913fa4bb19a9de289b754e) Importer(815301076,1909f56bfc062723c751e8b465ee728b)  -> (artifact id: '00000000000000000000000000000000') in 0.029262 seconds
Import Error Code:(4)
Message: Build asset version error: assets/quentin/assets/images/menuiserie.jpg in SourceAssetDB has modification time of '2024-12-20T23:26:57.5868636Z' while content on disk has modification time of '2024-12-20T23:27:07.7758145Z'
  ERROR: Build asset version error: assets/quentin/assets/images/menuiserie.jpg in SourceAssetDB has modification time of '2024-12-20T23:26:57.5868636Z' while content on disk has modification time of '2024-12-20T23:27:07.7758145Z'
Number of updated asset objects reloaded before import = 0
Number of asset objects unloaded after import = 0
========================================================================
Received Import Request.
  Time since last request: 0.029518 seconds.
  path: Assets/Quentin/Assets/images/menuiserie.jpg
  artifactKey: Guid(8583b73c1e913fa4bb19a9de289b754e) Importer(815301076,1909f56bfc062723c751e8b465ee728b)
Start importing Assets/Quentin/Assets/images/menuiserie.jpg using Guid(8583b73c1e913fa4bb19a9de289b754e) Importer(815301076,1909f56bfc062723c751e8b465ee728b)  -> (artifact id: '00000000000000000000000000000000') in 0.023621 seconds
Import Error Code:(4)
Message: Build asset version error: assets/quentin/assets/images/menuiserie.jpg in SourceAssetDB has modification time of '2024-12-20T23:26:57.5868636Z' while content on disk has modification time of '2024-12-20T23:27:07.7758145Z'
  ERROR: Build asset version error: assets/quentin/assets/images/menuiserie.jpg in SourceAssetDB has modification time of '2024-12-20T23:26:57.5868636Z' while content on disk has modification time of '2024-12-20T23:27:07.7758145Z'
Number of updated asset objects reloaded before import = 0
Number of asset objects unloaded after import = 0
========================================================================
Received Import Request.
  Time since last request: 0.008526 seconds.
  path: Assets/Quentin/Assets/images/menuiserie.jpg
  artifactKey: Guid(8583b73c1e913fa4bb19a9de289b754e) Importer(815301076,1909f56bfc062723c751e8b465ee728b)
Start importing Assets/Quentin/Assets/images/menuiserie.jpg using Guid(8583b73c1e913fa4bb19a9de289b754e) Importer(815301076,1909f56bfc062723c751e8b465ee728b)  -> (artifact id: '00000000000000000000000000000000') in 0.022347 seconds
Import Error Code:(4)
Message: Build asset version error: assets/quentin/assets/images/menuiserie.jpg in SourceAssetDB has modification time of '2024-12-20T23:26:57.5868636Z' while content on disk has modification time of '2024-12-20T23:27:07.7758145Z'
  ERROR: Build asset version error: assets/quentin/assets/images/menuiserie.jpg in SourceAssetDB has modification time of '2024-12-20T23:26:57.5868636Z' while content on disk has modification time of '2024-12-20T23:27:07.7758145Z'
Number of updated asset objects reloaded before import = 0
Number of asset objects unloaded after import = 0
========================================================================
Received Import Request.
  Time since last request: 0.012865 seconds.
  path: Assets/Quentin/Assets/images/menuiserie.jpg
  artifactKey: Guid(8583b73c1e913fa4bb19a9de289b754e) Importer(815301076,1909f56bfc062723c751e8b465ee728b)
Start importing Assets/Quentin/Assets/images/menuiserie.jpg using Guid(8583b73c1e913fa4bb19a9de289b754e) Importer(815301076,1909f56bfc062723c751e8b465ee728b)  -> (artifact id: '00000000000000000000000000000000') in 0.038801 seconds
Import Error Code:(4)
Message: Build asset version error: assets/quentin/assets/images/menuiserie.jpg in SourceAssetDB has modification time of '2024-12-20T23:26:57.5868636Z' while content on disk has modification time of '2024-12-20T23:27:07.7758145Z'
  ERROR: Build asset version error: assets/quentin/assets/images/menuiserie.jpg in SourceAssetDB has modification time of '2024-12-20T23:26:57.5868636Z' while content on disk has modification time of '2024-12-20T23:27:07.7758145Z'
Number of updated asset objects reloaded before import = 0
Number of asset objects unloaded after import = 0
========================================================================
Received Import Request.
  Time since last request: 0.010655 seconds.
  path: Assets/Quentin/Assets/images/menuiserie.jpg
  artifactKey: Guid(8583b73c1e913fa4bb19a9de289b754e) Importer(815301076,1909f56bfc062723c751e8b465ee728b)
Start importing Assets/Quentin/Assets/images/menuiserie.jpg using Guid(8583b73c1e913fa4bb19a9de289b754e) Importer(815301076,1909f56bfc062723c751e8b465ee728b)  -> (artifact id: '00000000000000000000000000000000') in 0.043023 seconds
Import Error Code:(4)
Message: Build asset version error: assets/quentin/assets/images/menuiserie.jpg in SourceAssetDB has modification time of '2024-12-20T23:26:57.5868636Z' while content on disk has modification time of '2024-12-20T23:27:07.7758145Z'
  ERROR: Build asset version error: assets/quentin/assets/images/menuiserie.jpg in SourceAssetDB has modification time of '2024-12-20T23:26:57.5868636Z' while content on disk has modification time of '2024-12-20T23:27:07.7758145Z'
Number of updated asset objects reloaded before import = 0
Number of asset objects unloaded after import = 0
========================================================================
Received Import Request.
  Time since last request: 0.002063 seconds.
  path: Assets/Quentin/Assets/images/menuiserie.jpg
  artifactKey: Guid(8583b73c1e913fa4bb19a9de289b754e) Importer(815301076,1909f56bfc062723c751e8b465ee728b)
Start importing Assets/Quentin/Assets/images/menuiserie.jpg using Guid(8583b73c1e913fa4bb19a9de289b754e) Importer(815301076,1909f56bfc062723c751e8b465ee728b)  -> (artifact id: '00000000000000000000000000000000') in 0.036248 seconds
Import Error Code:(4)
Message: Build asset version error: assets/quentin/assets/images/menuiserie.jpg in SourceAssetDB has modification time of '2024-12-20T23:26:57.5868636Z' while content on disk has modification time of '2024-12-20T23:27:07.7758145Z'
  ERROR: Build asset version error: assets/quentin/assets/images/menuiserie.jpg in SourceAssetDB has modification time of '2024-12-20T23:26:57.5868636Z' while content on disk has modification time of '2024-12-20T23:27:07.7758145Z'
Number of updated asset objects reloaded before import = 0
Number of asset objects unloaded after import = 0
========================================================================
Received Import Request.
  Time since last request: 0.010787 seconds.
  path: Assets/Quentin/Assets/images/menuiserie.jpg
  artifactKey: Guid(8583b73c1e913fa4bb19a9de289b754e) Importer(815301076,1909f56bfc062723c751e8b465ee728b)
Start importing Assets/Quentin/Assets/images/menuiserie.jpg using Guid(8583b73c1e913fa4bb19a9de289b754e) Importer(815301076,1909f56bfc062723c751e8b465ee728b)  -> (artifact id: '00000000000000000000000000000000') in 0.038030 seconds
Import Error Code:(4)
Message: Build asset version error: assets/quentin/assets/images/menuiserie.jpg in SourceAssetDB has modification time of '2024-12-20T23:26:57.5868636Z' while content on disk has modification time of '2024-12-20T23:27:07.7758145Z'
  ERROR: Build asset version error: assets/quentin/assets/images/menuiserie.jpg in SourceAssetDB has modification time of '2024-12-20T23:26:57.5868636Z' while content on disk has modification time of '2024-12-20T23:27:07.7758145Z'
Number of updated asset objects reloaded before import = 0
Number of asset objects unloaded after import = 0
========================================================================
Received Import Request.
  Time since last request: 0.007184 seconds.
  path: Assets/Quentin/Assets/images/menuiserie.jpg
  artifactKey: Guid(8583b73c1e913fa4bb19a9de289b754e) Importer(815301076,1909f56bfc062723c751e8b465ee728b)
Start importing Assets/Quentin/Assets/images/menuiserie.jpg using Guid(8583b73c1e913fa4bb19a9de289b754e) Importer(815301076,1909f56bfc062723c751e8b465ee728b)  -> (artifact id: '00000000000000000000000000000000') in 0.022748 seconds
Import Error Code:(4)
Message: Build asset version error: assets/quentin/assets/images/menuiserie.jpg in SourceAssetDB has modification time of '2024-12-20T23:26:57.5868636Z' while content on disk has modification time of '2024-12-20T23:27:07.7758145Z'
  ERROR: Build asset version error: assets/quentin/assets/images/menuiserie.jpg in SourceAssetDB has modification time of '2024-12-20T23:26:57.5868636Z' while content on disk has modification time of '2024-12-20T23:27:07.7758145Z'
Number of updated asset objects reloaded before import = 0
Number of asset objects unloaded after import = 0
========================================================================
Received Import Request.
  Time since last request: 0.030705 seconds.
  path: Assets/Quentin/Assets/images/menuiserie.jpg
  artifactKey: Guid(8583b73c1e913fa4bb19a9de289b754e) Importer(815301076,1909f56bfc062723c751e8b465ee728b)
Start importing Assets/Quentin/Assets/images/menuiserie.jpg using Guid(8583b73c1e913fa4bb19a9de289b754e) Importer(815301076,1909f56bfc062723c751e8b465ee728b)  -> (artifact id: '00000000000000000000000000000000') in 0.025216 seconds
Import Error Code:(4)
Message: Build asset version error: assets/quentin/assets/images/menuiserie.jpg in SourceAssetDB has modification time of '2024-12-20T23:26:57.5868636Z' while content on disk has modification time of '2024-12-20T23:27:07.7758145Z'
  ERROR: Build asset version error: assets/quentin/assets/images/menuiserie.jpg in SourceAssetDB has modification time of '2024-12-20T23:26:57.5868636Z' while content on disk has modification time of '2024-12-20T23:27:07.7758145Z'
Number of updated asset objects reloaded before import = 0
Number of asset objects unloaded after import = 0
========================================================================
Received Import Request.
  Time since last request: 0.032457 seconds.
  path: Assets/Quentin/Assets/images/menuiserie.jpg
  artifactKey: Guid(8583b73c1e913fa4bb19a9de289b754e) Importer(815301076,1909f56bfc062723c751e8b465ee728b)
Start importing Assets/Quentin/Assets/images/menuiserie.jpg using Guid(8583b73c1e913fa4bb19a9de289b754e) Importer(815301076,1909f56bfc062723c751e8b465ee728b)  -> (artifact id: '00000000000000000000000000000000') in 0.050398 seconds
Import Error Code:(4)
Message: Build asset version error: assets/quentin/assets/images/menuiserie.jpg in SourceAssetDB has modification time of '2024-12-20T23:26:57.5868636Z' while content on disk has modification time of '2024-12-20T23:27:07.7758145Z'
  ERROR: Build asset version error: assets/quentin/assets/images/menuiserie.jpg in SourceAssetDB has modification time of '2024-12-20T23:26:57.5868636Z' while content on disk has modification time of '2024-12-20T23:27:07.7758145Z'
Number of updated asset objects reloaded before import = 0
Number of asset objects unloaded after import = 0
========================================================================
Received Import Request.
  Time since last request: 0.028361 seconds.
  path: Assets/Quentin/Assets/images/menuiserie.jpg
  artifactKey: Guid(8583b73c1e913fa4bb19a9de289b754e) Importer(815301076,1909f56bfc062723c751e8b465ee728b)
Start importing Assets/Quentin/Assets/images/menuiserie.jpg using Guid(8583b73c1e913fa4bb19a9de289b754e) Importer(815301076,1909f56bfc062723c751e8b465ee728b)  -> (artifact id: '00000000000000000000000000000000') in 0.054052 seconds
Import Error Code:(4)
Message: Build asset version error: assets/quentin/assets/images/menuiserie.jpg in SourceAssetDB has modification time of '2024-12-20T23:26:57.5868636Z' while content on disk has modification time of '2024-12-20T23:27:07.7758145Z'
  ERROR: Build asset version error: assets/quentin/assets/images/menuiserie.jpg in SourceAssetDB has modification time of '2024-12-20T23:26:57.5868636Z' while content on disk has modification time of '2024-12-20T23:27:07.7758145Z'
Number of updated asset objects reloaded before import = 0
Number of asset objects unloaded after import = 0
========================================================================
Received Import Request.
  Time since last request: 0.008614 seconds.
  path: Assets/Quentin/Assets/images/menuiserie.jpg
  artifactKey: Guid(8583b73c1e913fa4bb19a9de289b754e) Importer(815301076,1909f56bfc062723c751e8b465ee728b)
Start importing Assets/Quentin/Assets/images/menuiserie.jpg using Guid(8583b73c1e913fa4bb19a9de289b754e) Importer(815301076,1909f56bfc062723c751e8b465ee728b)  -> (artifact id: '00000000000000000000000000000000') in 0.042997 seconds
Import Error Code:(4)
Message: Build asset version error: assets/quentin/assets/images/menuiserie.jpg in SourceAssetDB has modification time of '2024-12-20T23:26:57.5868636Z' while content on disk has modification time of '2024-12-20T23:27:07.7758145Z'
  ERROR: Build asset version error: assets/quentin/assets/images/menuiserie.jpg in SourceAssetDB has modification time of '2024-12-20T23:26:57.5868636Z' while content on disk has modification time of '2024-12-20T23:27:07.7758145Z'
Number of updated asset objects reloaded before import = 0
Number of asset objects unloaded after import = 0
========================================================================
Received Import Request.
  Time since last request: 0.030943 seconds.
  path: Assets/Quentin/Assets/images/menuiserie.jpg
  artifactKey: Guid(8583b73c1e913fa4bb19a9de289b754e) Importer(815301076,1909f56bfc062723c751e8b465ee728b)
Start importing Assets/Quentin/Assets/images/menuiserie.jpg using Guid(8583b73c1e913fa4bb19a9de289b754e) Importer(815301076,1909f56bfc062723c751e8b465ee728b)  -> (artifact id: '00000000000000000000000000000000') in 0.033261 seconds
Import Error Code:(4)
Message: Build asset version error: assets/quentin/assets/images/menuiserie.jpg in SourceAssetDB has modification time of '2024-12-20T23:26:57.5868636Z' while content on disk has modification time of '2024-12-20T23:27:07.7758145Z'
  ERROR: Build asset version error: assets/quentin/assets/images/menuiserie.jpg in SourceAssetDB has modification time of '2024-12-20T23:26:57.5868636Z' while content on disk has modification time of '2024-12-20T23:27:07.7758145Z'
Number of updated asset objects reloaded before import = 0
Number of asset objects unloaded after import = 0
========================================================================
Received Import Request.
  Time since last request: 0.013519 seconds.
  path: Assets/Quentin/Assets/images/menuiserie.jpg
  artifactKey: Guid(8583b73c1e913fa4bb19a9de289b754e) Importer(815301076,1909f56bfc062723c751e8b465ee728b)
Start importing Assets/Quentin/Assets/images/menuiserie.jpg using Guid(8583b73c1e913fa4bb19a9de289b754e) Importer(815301076,1909f56bfc062723c751e8b465ee728b)  -> (artifact id: '00000000000000000000000000000000') in 0.043741 seconds
Import Error Code:(4)
Message: Build asset version error: assets/quentin/assets/images/menuiserie.jpg in SourceAssetDB has modification time of '2024-12-20T23:26:57.5868636Z' while content on disk has modification time of '2024-12-20T23:27:07.7758145Z'
  ERROR: Build asset version error: assets/quentin/assets/images/menuiserie.jpg in SourceAssetDB has modification time of '2024-12-20T23:26:57.5868636Z' while content on disk has modification time of '2024-12-20T23:27:07.7758145Z'
Number of updated asset objects reloaded before import = 0
Number of asset objects unloaded after import = 0
========================================================================
Received Import Request.
  Time since last request: 0.010636 seconds.
  path: Assets/Quentin/Assets/images/menuiserie.jpg
  artifactKey: Guid(8583b73c1e913fa4bb19a9de289b754e) Importer(815301076,1909f56bfc062723c751e8b465ee728b)
Start importing Assets/Quentin/Assets/images/menuiserie.jpg using Guid(8583b73c1e913fa4bb19a9de289b754e) Importer(815301076,1909f56bfc062723c751e8b465ee728b)  -> (artifact id: '00000000000000000000000000000000') in 0.045205 seconds
Import Error Code:(4)
Message: Build asset version error: assets/quentin/assets/images/menuiserie.jpg in SourceAssetDB has modification time of '2024-12-20T23:26:57.5868636Z' while content on disk has modification time of '2024-12-20T23:27:07.7758145Z'
  ERROR: Build asset version error: assets/quentin/assets/images/menuiserie.jpg in SourceAssetDB has modification time of '2024-12-20T23:26:57.5868636Z' while content on disk has modification time of '2024-12-20T23:27:07.7758145Z'
Number of updated asset objects reloaded before import = 0
Number of asset objects unloaded after import = 0
========================================================================
Received Import Request.
  Time since last request: 0.009316 seconds.
  path: Assets/Quentin/Assets/images/menuiserie.jpg
  artifactKey: Guid(8583b73c1e913fa4bb19a9de289b754e) Importer(815301076,1909f56bfc062723c751e8b465ee728b)
Start importing Assets/Quentin/Assets/images/menuiserie.jpg using Guid(8583b73c1e913fa4bb19a9de289b754e) Importer(815301076,1909f56bfc062723c751e8b465ee728b)  -> (artifact id: '00000000000000000000000000000000') in 0.033295 seconds
Import Error Code:(4)
Message: Build asset version error: assets/quentin/assets/images/menuiserie.jpg in SourceAssetDB has modification time of '2024-12-20T23:26:57.5868636Z' while content on disk has modification time of '2024-12-20T23:27:07.7758145Z'
  ERROR: Build asset version error: assets/quentin/assets/images/menuiserie.jpg in SourceAssetDB has modification time of '2024-12-20T23:26:57.5868636Z' while content on disk has modification time of '2024-12-20T23:27:07.7758145Z'
Number of updated asset objects reloaded before import = 0
Number of asset objects unloaded after import = 0
========================================================================
Received Import Request.
  Time since last request: 0.010004 seconds.
  path: Assets/Quentin/Assets/images/menuiserie.jpg
  artifactKey: Guid(8583b73c1e913fa4bb19a9de289b754e) Importer(815301076,1909f56bfc062723c751e8b465ee728b)
Start importing Assets/Quentin/Assets/images/menuiserie.jpg using Guid(8583b73c1e913fa4bb19a9de289b754e) Importer(815301076,1909f56bfc062723c751e8b465ee728b)  -> (artifact id: '00000000000000000000000000000000') in 0.064525 seconds
Import Error Code:(4)
Message: Build asset version error: assets/quentin/assets/images/menuiserie.jpg in SourceAssetDB has modification time of '2024-12-20T23:26:57.5868636Z' while content on disk has modification time of '2024-12-20T23:27:07.7758145Z'
  ERROR: Build asset version error: assets/quentin/assets/images/menuiserie.jpg in SourceAssetDB has modification time of '2024-12-20T23:26:57.5868636Z' while content on disk has modification time of '2024-12-20T23:27:07.7758145Z'
Number of updated asset objects reloaded before import = 0
Number of asset objects unloaded after import = 0
========================================================================
Received Import Request.
  Time since last request: 0.016114 seconds.
  path: Assets/Quentin/Assets/images/menuiserie.jpg
  artifactKey: Guid(8583b73c1e913fa4bb19a9de289b754e) Importer(815301076,1909f56bfc062723c751e8b465ee728b)
Start importing Assets/Quentin/Assets/images/menuiserie.jpg using Guid(8583b73c1e913fa4bb19a9de289b754e) Importer(815301076,1909f56bfc062723c751e8b465ee728b)  -> (artifact id: '00000000000000000000000000000000') in 0.037094 seconds
Import Error Code:(4)
Message: Build asset version error: assets/quentin/assets/images/menuiserie.jpg in SourceAssetDB has modification time of '2024-12-20T23:26:57.5868636Z' while content on disk has modification time of '2024-12-20T23:27:07.7758145Z'
  ERROR: Build asset version error: assets/quentin/assets/images/menuiserie.jpg in SourceAssetDB has modification time of '2024-12-20T23:26:57.5868636Z' while content on disk has modification time of '2024-12-20T23:27:07.7758145Z'
Number of updated asset objects reloaded before import = 0
Number of asset objects unloaded after import = 0
========================================================================
Received Import Request.
  Time since last request: 0.029511 seconds.
  path: Assets/Quentin/Assets/images/menuiserie.jpg
  artifactKey: Guid(8583b73c1e913fa4bb19a9de289b754e) Importer(815301076,1909f56bfc062723c751e8b465ee728b)
Start importing Assets/Quentin/Assets/images/menuiserie.jpg using Guid(8583b73c1e913fa4bb19a9de289b754e) Importer(815301076,1909f56bfc062723c751e8b465ee728b)  -> (artifact id: '00000000000000000000000000000000') in 0.041972 seconds
Import Error Code:(4)
Message: Build asset version error: assets/quentin/assets/images/menuiserie.jpg in SourceAssetDB has modification time of '2024-12-20T23:26:57.5868636Z' while content on disk has modification time of '2024-12-20T23:27:07.7758145Z'
  ERROR: Build asset version error: assets/quentin/assets/images/menuiserie.jpg in SourceAssetDB has modification time of '2024-12-20T23:26:57.5868636Z' while content on disk has modification time of '2024-12-20T23:27:07.7758145Z'
Number of updated asset objects reloaded before import = 0
Number of asset objects unloaded after import = 0
========================================================================
Received Import Request.
  Time since last request: 0.010365 seconds.
  path: Assets/Quentin/Assets/images/menuiserie.jpg
  artifactKey: Guid(8583b73c1e913fa4bb19a9de289b754e) Importer(815301076,1909f56bfc062723c751e8b465ee728b)
Start importing Assets/Quentin/Assets/images/menuiserie.jpg using Guid(8583b73c1e913fa4bb19a9de289b754e) Importer(815301076,1909f56bfc062723c751e8b465ee728b)  -> (artifact id: '00000000000000000000000000000000') in 0.070543 seconds
Import Error Code:(4)
Message: Build asset version error: assets/quentin/assets/images/menuiserie.jpg in SourceAssetDB has modification time of '2024-12-20T23:26:57.5868636Z' while content on disk has modification time of '2024-12-20T23:27:07.7758145Z'
  ERROR: Build asset version error: assets/quentin/assets/images/menuiserie.jpg in SourceAssetDB has modification time of '2024-12-20T23:26:57.5868636Z' while content on disk has modification time of '2024-12-20T23:27:07.7758145Z'
Number of updated asset objects reloaded before import = 0
Number of asset objects unloaded after import = 0
========================================================================
Received Import Request.
  Time since last request: 0.055513 seconds.
  path: Assets/Quentin/Assets/images/menuiserie.jpg
  artifactKey: Guid(8583b73c1e913fa4bb19a9de289b754e) Importer(815301076,1909f56bfc062723c751e8b465ee728b)
Start importing Assets/Quentin/Assets/images/menuiserie.jpg using Guid(8583b73c1e913fa4bb19a9de289b754e) Importer(815301076,1909f56bfc062723c751e8b465ee728b)  -> (artifact id: '00000000000000000000000000000000') in 0.046707 seconds
Import Error Code:(4)
Message: Build asset version error: assets/quentin/assets/images/menuiserie.jpg in SourceAssetDB has modification time of '2024-12-20T23:26:57.5868636Z' while content on disk has modification time of '2024-12-20T23:27:07.7758145Z'
  ERROR: Build asset version error: assets/quentin/assets/images/menuiserie.jpg in SourceAssetDB has modification time of '2024-12-20T23:26:57.5868636Z' while content on disk has modification time of '2024-12-20T23:27:07.7758145Z'
Number of updated asset objects reloaded before import = 0
Number of asset objects unloaded after import = 0
========================================================================
Received Import Request.
  Time since last request: 0.002775 seconds.
  path: Assets/Quentin/Assets/images/menuiserie.jpg
  artifactKey: Guid(8583b73c1e913fa4bb19a9de289b754e) Importer(815301076,1909f56bfc062723c751e8b465ee728b)
Start importing Assets/Quentin/Assets/images/menuiserie.jpg using Guid(8583b73c1e913fa4bb19a9de289b754e) Importer(815301076,1909f56bfc062723c751e8b465ee728b)  -> (artifact id: '00000000000000000000000000000000') in 0.042281 seconds
Import Error Code:(4)
Message: Build asset version error: assets/quentin/assets/images/menuiserie.jpg in SourceAssetDB has modification time of '2024-12-20T23:26:57.5868636Z' while content on disk has modification time of '2024-12-20T23:27:07.7758145Z'
  ERROR: Build asset version error: assets/quentin/assets/images/menuiserie.jpg in SourceAssetDB has modification time of '2024-12-20T23:26:57.5868636Z' while content on disk has modification time of '2024-12-20T23:27:07.7758145Z'
Number of updated asset objects reloaded before import = 0
Number of asset objects unloaded after import = 0
========================================================================
Received Import Request.
  Time since last request: 0.004467 seconds.
  path: Assets/Quentin/Assets/images/menuiserie.jpg
  artifactKey: Guid(8583b73c1e913fa4bb19a9de289b754e) Importer(815301076,1909f56bfc062723c751e8b465ee728b)
Start importing Assets/Quentin/Assets/images/menuiserie.jpg using Guid(8583b73c1e913fa4bb19a9de289b754e) Importer(815301076,1909f56bfc062723c751e8b465ee728b)  -> (artifact id: '00000000000000000000000000000000') in 0.047691 seconds
Import Error Code:(4)
Message: Build asset version error: assets/quentin/assets/images/menuiserie.jpg in SourceAssetDB has modification time of '2024-12-20T23:26:57.5868636Z' while content on disk has modification time of '2024-12-20T23:27:07.7758145Z'
  ERROR: Build asset version error: assets/quentin/assets/images/menuiserie.jpg in SourceAssetDB has modification time of '2024-12-20T23:26:57.5868636Z' while content on disk has modification time of '2024-12-20T23:27:07.7758145Z'
Number of updated asset objects reloaded before import = 0
Number of asset objects unloaded after import = 0
========================================================================
Received Import Request.
  Time since last request: 0.014709 seconds.
  path: Assets/Quentin/Assets/images/menuiserie.jpg
  artifactKey: Guid(8583b73c1e913fa4bb19a9de289b754e) Importer(815301076,1909f56bfc062723c751e8b465ee728b)
Start importing Assets/Quentin/Assets/images/menuiserie.jpg using Guid(8583b73c1e913fa4bb19a9de289b754e) Importer(815301076,1909f56bfc062723c751e8b465ee728b)  -> (artifact id: '00000000000000000000000000000000') in 0.032626 seconds
Import Error Code:(4)
Message: Build asset version error: assets/quentin/assets/images/menuiserie.jpg in SourceAssetDB has modification time of '2024-12-20T23:26:57.5868636Z' while content on disk has modification time of '2024-12-20T23:27:07.7758145Z'
  ERROR: Build asset version error: assets/quentin/assets/images/menuiserie.jpg in SourceAssetDB has modification time of '2024-12-20T23:26:57.5868636Z' while content on disk has modification time of '2024-12-20T23:27:07.7758145Z'
Number of updated asset objects reloaded before import = 0
Number of asset objects unloaded after import = 0
========================================================================
Received Import Request.
  Time since last request: 0.047649 seconds.
  path: Assets/Quentin/Assets/images/menuiserie.jpg
  artifactKey: Guid(8583b73c1e913fa4bb19a9de289b754e) Importer(815301076,1909f56bfc062723c751e8b465ee728b)
Start importing Assets/Quentin/Assets/images/menuiserie.jpg using Guid(8583b73c1e913fa4bb19a9de289b754e) Importer(815301076,1909f56bfc062723c751e8b465ee728b)  -> (artifact id: '00000000000000000000000000000000') in 0.029885 seconds
Import Error Code:(4)
Message: Build asset version error: assets/quentin/assets/images/menuiserie.jpg in SourceAssetDB has modification time of '2024-12-20T23:26:57.5868636Z' while content on disk has modification time of '2024-12-20T23:27:07.7758145Z'
  ERROR: Build asset version error: assets/quentin/assets/images/menuiserie.jpg in SourceAssetDB has modification time of '2024-12-20T23:26:57.5868636Z' while content on disk has modification time of '2024-12-20T23:27:07.7758145Z'
Number of updated asset objects reloaded before import = 0
Number of asset objects unloaded after import = 0
========================================================================
Received Import Request.
  Time since last request: 0.013161 seconds.
  path: Assets/Quentin/Assets/images/menuiserie.jpg
  artifactKey: Guid(8583b73c1e913fa4bb19a9de289b754e) Importer(815301076,1909f56bfc062723c751e8b465ee728b)
Start importing Assets/Quentin/Assets/images/menuiserie.jpg using Guid(8583b73c1e913fa4bb19a9de289b754e) Importer(815301076,1909f56bfc062723c751e8b465ee728b)  -> (artifact id: '00000000000000000000000000000000') in 0.052453 seconds
Import Error Code:(4)
Message: Build asset version error: assets/quentin/assets/images/menuiserie.jpg in SourceAssetDB has modification time of '2024-12-20T23:26:57.5868636Z' while content on disk has modification time of '2024-12-20T23:27:07.7758145Z'
  ERROR: Build asset version error: assets/quentin/assets/images/menuiserie.jpg in SourceAssetDB has modification time of '2024-12-20T23:26:57.5868636Z' while content on disk has modification time of '2024-12-20T23:27:07.7758145Z'
Number of updated asset objects reloaded before import = 0
Number of asset objects unloaded after import = 0
========================================================================
Received Import Request.
  Time since last request: 0.016890 seconds.
  path: Assets/Quentin/Assets/images/menuiserie.jpg
  artifactKey: Guid(8583b73c1e913fa4bb19a9de289b754e) Importer(815301076,1909f56bfc062723c751e8b465ee728b)
Start importing Assets/Quentin/Assets/images/menuiserie.jpg using Guid(8583b73c1e913fa4bb19a9de289b754e) Importer(815301076,1909f56bfc062723c751e8b465ee728b)  -> (artifact id: '00000000000000000000000000000000') in 0.031440 seconds
Import Error Code:(4)
Message: Build asset version error: assets/quentin/assets/images/menuiserie.jpg in SourceAssetDB has modification time of '2024-12-20T23:26:57.5868636Z' while content on disk has modification time of '2024-12-20T23:27:07.7758145Z'
  ERROR: Build asset version error: assets/quentin/assets/images/menuiserie.jpg in SourceAssetDB has modification time of '2024-12-20T23:26:57.5868636Z' while content on disk has modification time of '2024-12-20T23:27:07.7758145Z'
Number of updated asset objects reloaded before import = 0
Number of asset objects unloaded after import = 0
========================================================================
Received Import Request.
  Time since last request: 0.024756 seconds.
  path: Assets/Quentin/Assets/images/menuiserie.jpg
  artifactKey: Guid(8583b73c1e913fa4bb19a9de289b754e) Importer(815301076,1909f56bfc062723c751e8b465ee728b)
Start importing Assets/Quentin/Assets/images/menuiserie.jpg using Guid(8583b73c1e913fa4bb19a9de289b754e) Importer(815301076,1909f56bfc062723c751e8b465ee728b)  -> (artifact id: '00000000000000000000000000000000') in 0.040404 seconds
Import Error Code:(4)
Message: Build asset version error: assets/quentin/assets/images/menuiserie.jpg in SourceAssetDB has modification time of '2024-12-20T23:26:57.5868636Z' while content on disk has modification time of '2024-12-20T23:27:07.7758145Z'
  ERROR: Build asset version error: assets/quentin/assets/images/menuiserie.jpg in SourceAssetDB has modification time of '2024-12-20T23:26:57.5868636Z' while content on disk has modification time of '2024-12-20T23:27:07.7758145Z'
Number of updated asset objects reloaded before import = 0
Number of asset objects unloaded after import = 0
========================================================================
Received Import Request.
  Time since last request: 0.049258 seconds.
  path: Assets/Quentin/Assets/images/menuiserie.jpg
  artifactKey: Guid(8583b73c1e913fa4bb19a9de289b754e) Importer(815301076,1909f56bfc062723c751e8b465ee728b)
Start importing Assets/Quentin/Assets/images/menuiserie.jpg using Guid(8583b73c1e913fa4bb19a9de289b754e) Importer(815301076,1909f56bfc062723c751e8b465ee728b)  -> (artifact id: '00000000000000000000000000000000') in 0.046046 seconds
Import Error Code:(4)
Message: Build asset version error: assets/quentin/assets/images/menuiserie.jpg in SourceAssetDB has modification time of '2024-12-20T23:26:57.5868636Z' while content on disk has modification time of '2024-12-20T23:27:07.7758145Z'
  ERROR: Build asset version error: assets/quentin/assets/images/menuiserie.jpg in SourceAssetDB has modification time of '2024-12-20T23:26:57.5868636Z' while content on disk has modification time of '2024-12-20T23:27:07.7758145Z'
Number of updated asset objects reloaded before import = 0
Number of asset objects unloaded after import = 0
========================================================================
Received Import Request.
  Time since last request: 0.001384 seconds.
  path: Assets/Quentin/Assets/images/menuiserie.jpg
  artifactKey: Guid(8583b73c1e913fa4bb19a9de289b754e) Importer(815301076,1909f56bfc062723c751e8b465ee728b)
Start importing Assets/Quentin/Assets/images/menuiserie.jpg using Guid(8583b73c1e913fa4bb19a9de289b754e) Importer(815301076,1909f56bfc062723c751e8b465ee728b)  -> (artifact id: '00000000000000000000000000000000') in 0.047153 seconds
Import Error Code:(4)
Message: Build asset version error: assets/quentin/assets/images/menuiserie.jpg in SourceAssetDB has modification time of '2024-12-20T23:26:57.5868636Z' while content on disk has modification time of '2024-12-20T23:27:07.7758145Z'
  ERROR: Build asset version error: assets/quentin/assets/images/menuiserie.jpg in SourceAssetDB has modification time of '2024-12-20T23:26:57.5868636Z' while content on disk has modification time of '2024-12-20T23:27:07.7758145Z'
Number of updated asset objects reloaded before import = 0
Number of asset objects unloaded after import = 0
========================================================================
Received Import Request.
  Time since last request: 0.018101 seconds.
  path: Assets/Quentin/Assets/images/menuiserie.jpg
  artifactKey: Guid(8583b73c1e913fa4bb19a9de289b754e) Importer(815301076,1909f56bfc062723c751e8b465ee728b)
Start importing Assets/Quentin/Assets/images/menuiserie.jpg using Guid(8583b73c1e913fa4bb19a9de289b754e) Importer(815301076,1909f56bfc062723c751e8b465ee728b)  -> (artifact id: '00000000000000000000000000000000') in 0.031938 seconds
Import Error Code:(4)
Message: Build asset version error: assets/quentin/assets/images/menuiserie.jpg in SourceAssetDB has modification time of '2024-12-20T23:26:57.5868636Z' while content on disk has modification time of '2024-12-20T23:27:07.7758145Z'
  ERROR: Build asset version error: assets/quentin/assets/images/menuiserie.jpg in SourceAssetDB has modification time of '2024-12-20T23:26:57.5868636Z' while content on disk has modification time of '2024-12-20T23:27:07.7758145Z'
Number of updated asset objects reloaded before import = 0
Number of asset objects unloaded after import = 0
========================================================================
Received Import Request.
  Time since last request: 0.025905 seconds.
  path: Assets/Quentin/Assets/images/menuiserie.jpg
  artifactKey: Guid(8583b73c1e913fa4bb19a9de289b754e) Importer(815301076,1909f56bfc062723c751e8b465ee728b)
Start importing Assets/Quentin/Assets/images/menuiserie.jpg using Guid(8583b73c1e913fa4bb19a9de289b754e) Importer(815301076,1909f56bfc062723c751e8b465ee728b)  -> (artifact id: '00000000000000000000000000000000') in 0.028455 seconds
Import Error Code:(4)
Message: Build asset version error: assets/quentin/assets/images/menuiserie.jpg in SourceAssetDB has modification time of '2024-12-20T23:26:57.5868636Z' while content on disk has modification time of '2024-12-20T23:27:07.7758145Z'
  ERROR: Build asset version error: assets/quentin/assets/images/menuiserie.jpg in SourceAssetDB has modification time of '2024-12-20T23:26:57.5868636Z' while content on disk has modification time of '2024-12-20T23:27:07.7758145Z'
Number of updated asset objects reloaded before import = 0
Number of asset objects unloaded after import = 0
========================================================================
Received Import Request.
  Time since last request: 0.019137 seconds.
  path: Assets/Quentin/Assets/images/menuiserie.jpg
  artifactKey: Guid(8583b73c1e913fa4bb19a9de289b754e) Importer(815301076,1909f56bfc062723c751e8b465ee728b)
Start importing Assets/Quentin/Assets/images/menuiserie.jpg using Guid(8583b73c1e913fa4bb19a9de289b754e) Importer(815301076,1909f56bfc062723c751e8b465ee728b)  -> (artifact id: '00000000000000000000000000000000') in 0.036091 seconds
Import Error Code:(4)
Message: Build asset version error: assets/quentin/assets/images/menuiserie.jpg in SourceAssetDB has modification time of '2024-12-20T23:26:57.5868636Z' while content on disk has modification time of '2024-12-20T23:27:07.7758145Z'
  ERROR: Build asset version error: assets/quentin/assets/images/menuiserie.jpg in SourceAssetDB has modification time of '2024-12-20T23:26:57.5868636Z' while content on disk has modification time of '2024-12-20T23:27:07.7758145Z'
Number of updated asset objects reloaded before import = 0
Number of asset objects unloaded after import = 0
========================================================================
Received Import Request.
  Time since last request: 0.029251 seconds.
  path: Assets/Quentin/Assets/images/menuiserie.jpg
  artifactKey: Guid(8583b73c1e913fa4bb19a9de289b754e) Importer(815301076,1909f56bfc062723c751e8b465ee728b)
Start importing Assets/Quentin/Assets/images/menuiserie.jpg using Guid(8583b73c1e913fa4bb19a9de289b754e) Importer(815301076,1909f56bfc062723c751e8b465ee728b)  -> (artifact id: '00000000000000000000000000000000') in 0.027806 seconds
Import Error Code:(4)
Message: Build asset version error: assets/quentin/assets/images/menuiserie.jpg in SourceAssetDB has modification time of '2024-12-20T23:26:57.5868636Z' while content on disk has modification time of '2024-12-20T23:27:07.7758145Z'
  ERROR: Build asset version error: assets/quentin/assets/images/menuiserie.jpg in SourceAssetDB has modification time of '2024-12-20T23:26:57.5868636Z' while content on disk has modification time of '2024-12-20T23:27:07.7758145Z'
Number of updated asset objects reloaded before import = 0
Number of asset objects unloaded after import = 0
========================================================================
Received Import Request.
  Time since last request: 0.017798 seconds.
  path: Assets/Quentin/Assets/images/menuiserie.jpg
  artifactKey: Guid(8583b73c1e913fa4bb19a9de289b754e) Importer(815301076,1909f56bfc062723c751e8b465ee728b)
Start importing Assets/Quentin/Assets/images/menuiserie.jpg using Guid(8583b73c1e913fa4bb19a9de289b754e) Importer(815301076,1909f56bfc062723c751e8b465ee728b)  -> (artifact id: '00000000000000000000000000000000') in 0.044656 seconds
Import Error Code:(4)
Message: Build asset version error: assets/quentin/assets/images/menuiserie.jpg in SourceAssetDB has modification time of '2024-12-20T23:26:57.5868636Z' while content on disk has modification time of '2024-12-20T23:27:07.7758145Z'
  ERROR: Build asset version error: assets/quentin/assets/images/menuiserie.jpg in SourceAssetDB has modification time of '2024-12-20T23:26:57.5868636Z' while content on disk has modification time of '2024-12-20T23:27:07.7758145Z'
Number of updated asset objects reloaded before import = 0
Number of asset objects unloaded after import = 0
========================================================================
Received Import Request.
  Time since last request: 0.003570 seconds.
  path: Assets/Quentin/Assets/images/menuiserie.jpg
  artifactKey: Guid(8583b73c1e913fa4bb19a9de289b754e) Importer(815301076,1909f56bfc062723c751e8b465ee728b)
Start importing Assets/Quentin/Assets/images/menuiserie.jpg using Guid(8583b73c1e913fa4bb19a9de289b754e) Importer(815301076,1909f56bfc062723c751e8b465ee728b)  -> (artifact id: '00000000000000000000000000000000') in 0.031558 seconds
Import Error Code:(4)
Message: Build asset version error: assets/quentin/assets/images/menuiserie.jpg in SourceAssetDB has modification time of '2024-12-20T23:26:57.5868636Z' while content on disk has modification time of '2024-12-20T23:27:07.7758145Z'
  ERROR: Build asset version error: assets/quentin/assets/images/menuiserie.jpg in SourceAssetDB has modification time of '2024-12-20T23:26:57.5868636Z' while content on disk has modification time of '2024-12-20T23:27:07.7758145Z'
Number of updated asset objects reloaded before import = 0
Number of asset objects unloaded after import = 0
========================================================================
Received Import Request.
  Time since last request: 0.031313 seconds.
  path: Assets/Quentin/Assets/images/menuiserie.jpg
  artifactKey: Guid(8583b73c1e913fa4bb19a9de289b754e) Importer(815301076,1909f56bfc062723c751e8b465ee728b)
Start importing Assets/Quentin/Assets/images/menuiserie.jpg using Guid(8583b73c1e913fa4bb19a9de289b754e) Importer(815301076,1909f56bfc062723c751e8b465ee728b)  -> (artifact id: '00000000000000000000000000000000') in 0.033655 seconds
Import Error Code:(4)
Message: Build asset version error: assets/quentin/assets/images/menuiserie.jpg in SourceAssetDB has modification time of '2024-12-20T23:26:57.5868636Z' while content on disk has modification time of '2024-12-20T23:27:07.7758145Z'
  ERROR: Build asset version error: assets/quentin/assets/images/menuiserie.jpg in SourceAssetDB has modification time of '2024-12-20T23:26:57.5868636Z' while content on disk has modification time of '2024-12-20T23:27:07.7758145Z'
Number of updated asset objects reloaded before import = 0
Number of asset objects unloaded after import = 0
========================================================================
Received Import Request.
  Time since last request: 0.003395 seconds.
  path: Assets/Quentin/Assets/images/menuiserie.jpg
  artifactKey: Guid(8583b73c1e913fa4bb19a9de289b754e) Importer(815301076,1909f56bfc062723c751e8b465ee728b)
Start importing Assets/Quentin/Assets/images/menuiserie.jpg using Guid(8583b73c1e913fa4bb19a9de289b754e) Importer(815301076,1909f56bfc062723c751e8b465ee728b)  -> (artifact id: '00000000000000000000000000000000') in 0.045121 seconds
Import Error Code:(4)
Message: Build asset version error: assets/quentin/assets/images/menuiserie.jpg in SourceAssetDB has modification time of '2024-12-20T23:26:57.5868636Z' while content on disk has modification time of '2024-12-20T23:27:07.7758145Z'
  ERROR: Build asset version error: assets/quentin/assets/images/menuiserie.jpg in SourceAssetDB has modification time of '2024-12-20T23:26:57.5868636Z' while content on disk has modification time of '2024-12-20T23:27:07.7758145Z'
Number of updated asset objects reloaded before import = 0
Number of asset objects unloaded after import = 0
========================================================================
Received Import Request.
  Time since last request: 0.001971 seconds.
  path: Assets/Quentin/Assets/images/menuiserie.jpg
  artifactKey: Guid(8583b73c1e913fa4bb19a9de289b754e) Importer(815301076,1909f56bfc062723c751e8b465ee728b)
Start importing Assets/Quentin/Assets/images/menuiserie.jpg using Guid(8583b73c1e913fa4bb19a9de289b754e) Importer(815301076,1909f56bfc062723c751e8b465ee728b)  -> (artifact id: '00000000000000000000000000000000') in 0.032464 seconds
Import Error Code:(4)
Message: Build asset version error: assets/quentin/assets/images/menuiserie.jpg in SourceAssetDB has modification time of '2024-12-20T23:26:57.5868636Z' while content on disk has modification time of '2024-12-20T23:27:07.7758145Z'
  ERROR: Build asset version error: assets/quentin/assets/images/menuiserie.jpg in SourceAssetDB has modification time of '2024-12-20T23:26:57.5868636Z' while content on disk has modification time of '2024-12-20T23:27:07.7758145Z'
Number of updated asset objects reloaded before import = 0
Number of asset objects unloaded after import = 0
========================================================================
Received Import Request.
  Time since last request: 0.017158 seconds.
  path: Assets/Quentin/Assets/images/menuiserie.jpg
  artifactKey: Guid(8583b73c1e913fa4bb19a9de289b754e) Importer(815301076,1909f56bfc062723c751e8b465ee728b)
Start importing Assets/Quentin/Assets/images/menuiserie.jpg using Guid(8583b73c1e913fa4bb19a9de289b754e) Importer(815301076,1909f56bfc062723c751e8b465ee728b)  -> (artifact id: '00000000000000000000000000000000') in 0.026139 seconds
Import Error Code:(4)
Message: Build asset version error: assets/quentin/assets/images/menuiserie.jpg in SourceAssetDB has modification time of '2024-12-20T23:26:57.5868636Z' while content on disk has modification time of '2024-12-20T23:27:07.7758145Z'
  ERROR: Build asset version error: assets/quentin/assets/images/menuiserie.jpg in SourceAssetDB has modification time of '2024-12-20T23:26:57.5868636Z' while content on disk has modification time of '2024-12-20T23:27:07.7758145Z'
Number of updated asset objects reloaded before import = 0
Number of asset objects unloaded after import = 0
========================================================================
Received Import Request.
  Time since last request: 0.029171 seconds.
  path: Assets/Quentin/Assets/images/menuiserie.jpg
  artifactKey: Guid(8583b73c1e913fa4bb19a9de289b754e) Importer(815301076,1909f56bfc062723c751e8b465ee728b)
Start importing Assets/Quentin/Assets/images/menuiserie.jpg using Guid(8583b73c1e913fa4bb19a9de289b754e) Importer(815301076,1909f56bfc062723c751e8b465ee728b)  -> (artifact id: '00000000000000000000000000000000') in 0.034609 seconds
Import Error Code:(4)
Message: Build asset version error: assets/quentin/assets/images/menuiserie.jpg in SourceAssetDB has modification time of '2024-12-20T23:26:57.5868636Z' while content on disk has modification time of '2024-12-20T23:27:07.7758145Z'
  ERROR: Build asset version error: assets/quentin/assets/images/menuiserie.jpg in SourceAssetDB has modification time of '2024-12-20T23:26:57.5868636Z' while content on disk has modification time of '2024-12-20T23:27:07.7758145Z'
Number of updated asset objects reloaded before import = 0
Number of asset objects unloaded after import = 0
========================================================================
Received Import Request.
  Time since last request: 0.003261 seconds.
  path: Assets/Quentin/Assets/images/menuiserie.jpg
  artifactKey: Guid(8583b73c1e913fa4bb19a9de289b754e) Importer(815301076,1909f56bfc062723c751e8b465ee728b)
Start importing Assets/Quentin/Assets/images/menuiserie.jpg using Guid(8583b73c1e913fa4bb19a9de289b754e) Importer(815301076,1909f56bfc062723c751e8b465ee728b)  -> (artifact id: '00000000000000000000000000000000') in 0.047418 seconds
Import Error Code:(4)
Message: Build asset version error: assets/quentin/assets/images/menuiserie.jpg in SourceAssetDB has modification time of '2024-12-20T23:26:57.5868636Z' while content on disk has modification time of '2024-12-20T23:27:07.7758145Z'
  ERROR: Build asset version error: assets/quentin/assets/images/menuiserie.jpg in SourceAssetDB has modification time of '2024-12-20T23:26:57.5868636Z' while content on disk has modification time of '2024-12-20T23:27:07.7758145Z'
Number of updated asset objects reloaded before import = 0
Number of asset objects unloaded after import = 0
========================================================================
Received Import Request.
  Time since last request: 0.018408 seconds.
  path: Assets/Quentin/Assets/images/menuiserie.jpg
  artifactKey: Guid(8583b73c1e913fa4bb19a9de289b754e) Importer(815301076,1909f56bfc062723c751e8b465ee728b)
Start importing Assets/Quentin/Assets/images/menuiserie.jpg using Guid(8583b73c1e913fa4bb19a9de289b754e) Importer(815301076,1909f56bfc062723c751e8b465ee728b)  -> (artifact id: '00000000000000000000000000000000') in 0.039626 seconds
Import Error Code:(4)
Message: Build asset version error: assets/quentin/assets/images/menuiserie.jpg in SourceAssetDB has modification time of '2024-12-20T23:26:57.5868636Z' while content on disk has modification time of '2024-12-20T23:27:07.7758145Z'
  ERROR: Build asset version error: assets/quentin/assets/images/menuiserie.jpg in SourceAssetDB has modification time of '2024-12-20T23:26:57.5868636Z' while content on disk has modification time of '2024-12-20T23:27:07.7758145Z'
Number of updated asset objects reloaded before import = 0
Number of asset objects unloaded after import = 0
========================================================================
Received Import Request.
  Time since last request: 0.012316 seconds.
  path: Assets/Quentin/Assets/images/menuiserie.jpg
  artifactKey: Guid(8583b73c1e913fa4bb19a9de289b754e) Importer(815301076,1909f56bfc062723c751e8b465ee728b)
Start importing Assets/Quentin/Assets/images/menuiserie.jpg using Guid(8583b73c1e913fa4bb19a9de289b754e) Importer(815301076,1909f56bfc062723c751e8b465ee728b)  -> (artifact id: '00000000000000000000000000000000') in 0.026465 seconds
Import Error Code:(4)
Message: Build asset version error: assets/quentin/assets/images/menuiserie.jpg in SourceAssetDB has modification time of '2024-12-20T23:26:57.5868636Z' while content on disk has modification time of '2024-12-20T23:27:07.7758145Z'
  ERROR: Build asset version error: assets/quentin/assets/images/menuiserie.jpg in SourceAssetDB has modification time of '2024-12-20T23:26:57.5868636Z' while content on disk has modification time of '2024-12-20T23:27:07.7758145Z'
Number of updated asset objects reloaded before import = 0
Number of asset objects unloaded after import = 0
========================================================================
Received Import Request.
  Time since last request: 0.058548 seconds.
  path: Assets/Quentin/Assets/images/menuiserie.jpg
  artifactKey: Guid(8583b73c1e913fa4bb19a9de289b754e) Importer(815301076,1909f56bfc062723c751e8b465ee728b)
Start importing Assets/Quentin/Assets/images/menuiserie.jpg using Guid(8583b73c1e913fa4bb19a9de289b754e) Importer(815301076,1909f56bfc062723c751e8b465ee728b)  -> (artifact id: '00000000000000000000000000000000') in 0.039729 seconds
Import Error Code:(4)
Message: Build asset version error: assets/quentin/assets/images/menuiserie.jpg in SourceAssetDB has modification time of '2024-12-20T23:26:57.5868636Z' while content on disk has modification time of '2024-12-20T23:27:07.7758145Z'
  ERROR: Build asset version error: assets/quentin/assets/images/menuiserie.jpg in SourceAssetDB has modification time of '2024-12-20T23:26:57.5868636Z' while content on disk has modification time of '2024-12-20T23:27:07.7758145Z'
Number of updated asset objects reloaded before import = 0
Number of asset objects unloaded after import = 0
========================================================================
Received Import Request.
  Time since last request: 0.005938 seconds.
  path: Assets/Quentin/Assets/images/menuiserie.jpg
  artifactKey: Guid(8583b73c1e913fa4bb19a9de289b754e) Importer(815301076,1909f56bfc062723c751e8b465ee728b)
Start importing Assets/Quentin/Assets/images/menuiserie.jpg using Guid(8583b73c1e913fa4bb19a9de289b754e) Importer(815301076,1909f56bfc062723c751e8b465ee728b)  -> (artifact id: '00000000000000000000000000000000') in 0.045869 seconds
Import Error Code:(4)
Message: Build asset version error: assets/quentin/assets/images/menuiserie.jpg in SourceAssetDB has modification time of '2024-12-20T23:26:57.5868636Z' while content on disk has modification time of '2024-12-20T23:27:07.7758145Z'
  ERROR: Build asset version error: assets/quentin/assets/images/menuiserie.jpg in SourceAssetDB has modification time of '2024-12-20T23:26:57.5868636Z' while content on disk has modification time of '2024-12-20T23:27:07.7758145Z'
Number of updated asset objects reloaded before import = 0
Number of asset objects unloaded after import = 0
========================================================================
Received Import Request.
  Time since last request: 0.005948 seconds.
  path: Assets/Quentin/Assets/images/menuiserie.jpg
  artifactKey: Guid(8583b73c1e913fa4bb19a9de289b754e) Importer(815301076,1909f56bfc062723c751e8b465ee728b)
Start importing Assets/Quentin/Assets/images/menuiserie.jpg using Guid(8583b73c1e913fa4bb19a9de289b754e) Importer(815301076,1909f56bfc062723c751e8b465ee728b)  -> (artifact id: '00000000000000000000000000000000') in 0.024020 seconds
Import Error Code:(4)
Message: Build asset version error: assets/quentin/assets/images/menuiserie.jpg in SourceAssetDB has modification time of '2024-12-20T23:26:57.5868636Z' while content on disk has modification time of '2024-12-20T23:27:07.7758145Z'
  ERROR: Build asset version error: assets/quentin/assets/images/menuiserie.jpg in SourceAssetDB has modification time of '2024-12-20T23:26:57.5868636Z' while content on disk has modification time of '2024-12-20T23:27:07.7758145Z'
Number of updated asset objects reloaded before import = 0
Number of asset objects unloaded after import = 0
========================================================================
Received Import Request.
  Time since last request: 0.026047 seconds.
  path: Assets/Quentin/Assets/images/menuiserie.jpg
  artifactKey: Guid(8583b73c1e913fa4bb19a9de289b754e) Importer(815301076,1909f56bfc062723c751e8b465ee728b)
Start importing Assets/Quentin/Assets/images/menuiserie.jpg using Guid(8583b73c1e913fa4bb19a9de289b754e) Importer(815301076,1909f56bfc062723c751e8b465ee728b)  -> (artifact id: '00000000000000000000000000000000') in 0.025331 seconds
Import Error Code:(4)
Message: Build asset version error: assets/quentin/assets/images/menuiserie.jpg in SourceAssetDB has modification time of '2024-12-20T23:26:57.5868636Z' while content on disk has modification time of '2024-12-20T23:27:07.7758145Z'
  ERROR: Build asset version error: assets/quentin/assets/images/menuiserie.jpg in SourceAssetDB has modification time of '2024-12-20T23:26:57.5868636Z' while content on disk has modification time of '2024-12-20T23:27:07.7758145Z'
Number of updated asset objects reloaded before import = 0
Number of asset objects unloaded after import = 0
========================================================================
Received Import Request.
  Time since last request: 0.021442 seconds.
  path: Assets/Quentin/Assets/images/menuiserie.jpg
  artifactKey: Guid(8583b73c1e913fa4bb19a9de289b754e) Importer(815301076,1909f56bfc062723c751e8b465ee728b)
Start importing Assets/Quentin/Assets/images/menuiserie.jpg using Guid(8583b73c1e913fa4bb19a9de289b754e) Importer(815301076,1909f56bfc062723c751e8b465ee728b)  -> (artifact id: '00000000000000000000000000000000') in 0.027080 seconds
Import Error Code:(4)
Message: Build asset version error: assets/quentin/assets/images/menuiserie.jpg in SourceAssetDB has modification time of '2024-12-20T23:26:57.5868636Z' while content on disk has modification time of '2024-12-20T23:27:07.7758145Z'
  ERROR: Build asset version error: assets/quentin/assets/images/menuiserie.jpg in SourceAssetDB has modification time of '2024-12-20T23:26:57.5868636Z' while content on disk has modification time of '2024-12-20T23:27:07.7758145Z'
Number of updated asset objects reloaded before import = 0
Number of asset objects unloaded after import = 0
========================================================================
Received Import Request.
  Time since last request: 0.007343 seconds.
  path: Assets/Quentin/Assets/images/menuiserie.jpg
  artifactKey: Guid(8583b73c1e913fa4bb19a9de289b754e) Importer(815301076,1909f56bfc062723c751e8b465ee728b)
Start importing Assets/Quentin/Assets/images/menuiserie.jpg using Guid(8583b73c1e913fa4bb19a9de289b754e) Importer(815301076,1909f56bfc062723c751e8b465ee728b)  -> (artifact id: '00000000000000000000000000000000') in 0.024229 seconds
Import Error Code:(4)
Message: Build asset version error: assets/quentin/assets/images/menuiserie.jpg in SourceAssetDB has modification time of '2024-12-20T23:26:57.5868636Z' while content on disk has modification time of '2024-12-20T23:27:07.7758145Z'
  ERROR: Build asset version error: assets/quentin/assets/images/menuiserie.jpg in SourceAssetDB has modification time of '2024-12-20T23:26:57.5868636Z' while content on disk has modification time of '2024-12-20T23:27:07.7758145Z'
Number of updated asset objects reloaded before import = 0
Number of asset objects unloaded after import = 0
========================================================================
Received Import Request.
  Time since last request: 0.040286 seconds.
  path: Assets/Quentin/Assets/images/menuiserie.jpg
  artifactKey: Guid(8583b73c1e913fa4bb19a9de289b754e) Importer(815301076,1909f56bfc062723c751e8b465ee728b)
Start importing Assets/Quentin/Assets/images/menuiserie.jpg using Guid(8583b73c1e913fa4bb19a9de289b754e) Importer(815301076,1909f56bfc062723c751e8b465ee728b)  -> (artifact id: '00000000000000000000000000000000') in 0.046739 seconds
Import Error Code:(4)
Message: Build asset version error: assets/quentin/assets/images/menuiserie.jpg in SourceAssetDB has modification time of '2024-12-20T23:26:57.5868636Z' while content on disk has modification time of '2024-12-20T23:27:07.7758145Z'
  ERROR: Build asset version error: assets/quentin/assets/images/menuiserie.jpg in SourceAssetDB has modification time of '2024-12-20T23:26:57.5868636Z' while content on disk has modification time of '2024-12-20T23:27:07.7758145Z'
Number of updated asset objects reloaded before import = 0
Number of asset objects unloaded after import = 0
========================================================================
Received Import Request.
  Time since last request: 0.003626 seconds.
  path: Assets/Quentin/Assets/images/menuiserie.jpg
  artifactKey: Guid(8583b73c1e913fa4bb19a9de289b754e) Importer(815301076,1909f56bfc062723c751e8b465ee728b)
Start importing Assets/Quentin/Assets/images/menuiserie.jpg using Guid(8583b73c1e913fa4bb19a9de289b754e) Importer(815301076,1909f56bfc062723c751e8b465ee728b)  -> (artifact id: '00000000000000000000000000000000') in 0.024296 seconds
Import Error Code:(4)
Message: Build asset version error: assets/quentin/assets/images/menuiserie.jpg in SourceAssetDB has modification time of '2024-12-20T23:26:57.5868636Z' while content on disk has modification time of '2024-12-20T23:27:07.7758145Z'
  ERROR: Build asset version error: assets/quentin/assets/images/menuiserie.jpg in SourceAssetDB has modification time of '2024-12-20T23:26:57.5868636Z' while content on disk has modification time of '2024-12-20T23:27:07.7758145Z'
Number of updated asset objects reloaded before import = 0
Number of asset objects unloaded after import = 0
========================================================================
Received Import Request.
  Time since last request: 0.004576 seconds.
  path: Assets/Quentin/Assets/images/menuiserie.jpg
  artifactKey: Guid(8583b73c1e913fa4bb19a9de289b754e) Importer(815301076,1909f56bfc062723c751e8b465ee728b)
Start importing Assets/Quentin/Assets/images/menuiserie.jpg using Guid(8583b73c1e913fa4bb19a9de289b754e) Importer(815301076,1909f56bfc062723c751e8b465ee728b)  -> (artifact id: '00000000000000000000000000000000') in 0.031441 seconds
Import Error Code:(4)
Message: Build asset version error: assets/quentin/assets/images/menuiserie.jpg in SourceAssetDB has modification time of '2024-12-20T23:26:57.5868636Z' while content on disk has modification time of '2024-12-20T23:27:07.7758145Z'
  ERROR: Build asset version error: assets/quentin/assets/images/menuiserie.jpg in SourceAssetDB has modification time of '2024-12-20T23:26:57.5868636Z' while content on disk has modification time of '2024-12-20T23:27:07.7758145Z'
Number of updated asset objects reloaded before import = 0
Number of asset objects unloaded after import = 0
========================================================================
Received Import Request.
  Time since last request: 0.008793 seconds.
  path: Assets/Quentin/Assets/images/menuiserie.jpg
  artifactKey: Guid(8583b73c1e913fa4bb19a9de289b754e) Importer(815301076,1909f56bfc062723c751e8b465ee728b)
Start importing Assets/Quentin/Assets/images/menuiserie.jpg using Guid(8583b73c1e913fa4bb19a9de289b754e) Importer(815301076,1909f56bfc062723c751e8b465ee728b)  -> (artifact id: '00000000000000000000000000000000') in 0.034236 seconds
Import Error Code:(4)
Message: Build asset version error: assets/quentin/assets/images/menuiserie.jpg in SourceAssetDB has modification time of '2024-12-20T23:26:57.5868636Z' while content on disk has modification time of '2024-12-20T23:27:07.7758145Z'
  ERROR: Build asset version error: assets/quentin/assets/images/menuiserie.jpg in SourceAssetDB has modification time of '2024-12-20T23:26:57.5868636Z' while content on disk has modification time of '2024-12-20T23:27:07.7758145Z'
Number of updated asset objects reloaded before import = 0
Number of asset objects unloaded after import = 0
========================================================================
Received Import Request.
  Time since last request: 0.008965 seconds.
  path: Assets/Quentin/Assets/images/menuiserie.jpg
  artifactKey: Guid(8583b73c1e913fa4bb19a9de289b754e) Importer(815301076,1909f56bfc062723c751e8b465ee728b)
Start importing Assets/Quentin/Assets/images/menuiserie.jpg using Guid(8583b73c1e913fa4bb19a9de289b754e) Importer(815301076,1909f56bfc062723c751e8b465ee728b)  -> (artifact id: '00000000000000000000000000000000') in 0.031130 seconds
Import Error Code:(4)
Message: Build asset version error: assets/quentin/assets/images/menuiserie.jpg in SourceAssetDB has modification time of '2024-12-20T23:26:57.5868636Z' while content on disk has modification time of '2024-12-20T23:27:07.7758145Z'
  ERROR: Build asset version error: assets/quentin/assets/images/menuiserie.jpg in SourceAssetDB has modification time of '2024-12-20T23:26:57.5868636Z' while content on disk has modification time of '2024-12-20T23:27:07.7758145Z'
Number of updated asset objects reloaded before import = 0
Number of asset objects unloaded after import = 0
========================================================================
Received Import Request.
  Time since last request: 0.012442 seconds.
  path: Assets/Quentin/Assets/images/menuiserie.jpg
  artifactKey: Guid(8583b73c1e913fa4bb19a9de289b754e) Importer(815301076,1909f56bfc062723c751e8b465ee728b)
Start importing Assets/Quentin/Assets/images/menuiserie.jpg using Guid(8583b73c1e913fa4bb19a9de289b754e) Importer(815301076,1909f56bfc062723c751e8b465ee728b)  -> (artifact id: '00000000000000000000000000000000') in 0.028356 seconds
Import Error Code:(4)
Message: Build asset version error: assets/quentin/assets/images/menuiserie.jpg in SourceAssetDB has modification time of '2024-12-20T23:26:57.5868636Z' while content on disk has modification time of '2024-12-20T23:27:07.7758145Z'
  ERROR: Build asset version error: assets/quentin/assets/images/menuiserie.jpg in SourceAssetDB has modification time of '2024-12-20T23:26:57.5868636Z' while content on disk has modification time of '2024-12-20T23:27:07.7758145Z'
Number of updated asset objects reloaded before import = 0
Number of asset objects unloaded after import = 0
========================================================================
Received Import Request.
  Time since last request: 0.010451 seconds.
  path: Assets/Quentin/Assets/images/menuiserie.jpg
  artifactKey: Guid(8583b73c1e913fa4bb19a9de289b754e) Importer(815301076,1909f56bfc062723c751e8b465ee728b)
Start importing Assets/Quentin/Assets/images/menuiserie.jpg using Guid(8583b73c1e913fa4bb19a9de289b754e) Importer(815301076,1909f56bfc062723c751e8b465ee728b)  -> (artifact id: '00000000000000000000000000000000') in 0.033447 seconds
Import Error Code:(4)
Message: Build asset version error: assets/quentin/assets/images/menuiserie.jpg in SourceAssetDB has modification time of '2024-12-20T23:26:57.5868636Z' while content on disk has modification time of '2024-12-20T23:27:07.7758145Z'
  ERROR: Build asset version error: assets/quentin/assets/images/menuiserie.jpg in SourceAssetDB has modification time of '2024-12-20T23:26:57.5868636Z' while content on disk has modification time of '2024-12-20T23:27:07.7758145Z'
Number of updated asset objects reloaded before import = 0
Number of asset objects unloaded after import = 0
========================================================================
Received Import Request.
  Time since last request: 0.005462 seconds.
  path: Assets/Quentin/Assets/images/menuiserie.jpg
  artifactKey: Guid(8583b73c1e913fa4bb19a9de289b754e) Importer(815301076,1909f56bfc062723c751e8b465ee728b)
Start importing Assets/Quentin/Assets/images/menuiserie.jpg using Guid(8583b73c1e913fa4bb19a9de289b754e) Importer(815301076,1909f56bfc062723c751e8b465ee728b)  -> (artifact id: '00000000000000000000000000000000') in 0.032586 seconds
Import Error Code:(4)
Message: Build asset version error: assets/quentin/assets/images/menuiserie.jpg in SourceAssetDB has modification time of '2024-12-20T23:26:57.5868636Z' while content on disk has modification time of '2024-12-20T23:27:07.7758145Z'
  ERROR: Build asset version error: assets/quentin/assets/images/menuiserie.jpg in SourceAssetDB has modification time of '2024-12-20T23:26:57.5868636Z' while content on disk has modification time of '2024-12-20T23:27:07.7758145Z'
Number of updated asset objects reloaded before import = 0
Number of asset objects unloaded after import = 0
========================================================================
Received Import Request.
  Time since last request: 0.005656 seconds.
  path: Assets/Quentin/Assets/images/menuiserie.jpg
  artifactKey: Guid(8583b73c1e913fa4bb19a9de289b754e) Importer(815301076,1909f56bfc062723c751e8b465ee728b)
Start importing Assets/Quentin/Assets/images/menuiserie.jpg using Guid(8583b73c1e913fa4bb19a9de289b754e) Importer(815301076,1909f56bfc062723c751e8b465ee728b)  -> (artifact id: '00000000000000000000000000000000') in 0.028250 seconds
Import Error Code:(4)
Message: Build asset version error: assets/quentin/assets/images/menuiserie.jpg in SourceAssetDB has modification time of '2024-12-20T23:26:57.5868636Z' while content on disk has modification time of '2024-12-20T23:27:07.7758145Z'
  ERROR: Build asset version error: assets/quentin/assets/images/menuiserie.jpg in SourceAssetDB has modification time of '2024-12-20T23:26:57.5868636Z' while content on disk has modification time of '2024-12-20T23:27:07.7758145Z'
Number of updated asset objects reloaded before import = 0
Number of asset objects unloaded after import = 0
========================================================================
Received Import Request.
  Time since last request: 0.024866 seconds.
  path: Assets/Quentin/Assets/images/menuiserie.jpg
  artifactKey: Guid(8583b73c1e913fa4bb19a9de289b754e) Importer(815301076,1909f56bfc062723c751e8b465ee728b)
Start importing Assets/Quentin/Assets/images/menuiserie.jpg using Guid(8583b73c1e913fa4bb19a9de289b754e) Importer(815301076,1909f56bfc062723c751e8b465ee728b)  -> (artifact id: '00000000000000000000000000000000') in 0.039014 seconds
Import Error Code:(4)
Message: Build asset version error: assets/quentin/assets/images/menuiserie.jpg in SourceAssetDB has modification time of '2024-12-20T23:26:57.5868636Z' while content on disk has modification time of '2024-12-20T23:27:07.7758145Z'
  ERROR: Build asset version error: assets/quentin/assets/images/menuiserie.jpg in SourceAssetDB has modification time of '2024-12-20T23:26:57.5868636Z' while content on disk has modification time of '2024-12-20T23:27:07.7758145Z'
Number of updated asset objects reloaded before import = 0
Number of asset objects unloaded after import = 0
========================================================================
Received Import Request.
  Time since last request: 0.037958 seconds.
  path: Assets/Quentin/Assets/images/menuiserie.jpg
  artifactKey: Guid(8583b73c1e913fa4bb19a9de289b754e) Importer(815301076,1909f56bfc062723c751e8b465ee728b)
Start importing Assets/Quentin/Assets/images/menuiserie.jpg using Guid(8583b73c1e913fa4bb19a9de289b754e) Importer(815301076,1909f56bfc062723c751e8b465ee728b)  -> (artifact id: '00000000000000000000000000000000') in 0.026703 seconds
Import Error Code:(4)
Message: Build asset version error: assets/quentin/assets/images/menuiserie.jpg in SourceAssetDB has modification time of '2024-12-20T23:26:57.5868636Z' while content on disk has modification time of '2024-12-20T23:27:07.7758145Z'
  ERROR: Build asset version error: assets/quentin/assets/images/menuiserie.jpg in SourceAssetDB has modification time of '2024-12-20T23:26:57.5868636Z' while content on disk has modification time of '2024-12-20T23:27:07.7758145Z'
Number of updated asset objects reloaded before import = 0
Number of asset objects unloaded after import = 0
========================================================================
Received Import Request.
  Time since last request: 0.003599 seconds.
  path: Assets/Quentin/Assets/images/menuiserie.jpg
  artifactKey: Guid(8583b73c1e913fa4bb19a9de289b754e) Importer(815301076,1909f56bfc062723c751e8b465ee728b)
Start importing Assets/Quentin/Assets/images/menuiserie.jpg using Guid(8583b73c1e913fa4bb19a9de289b754e) Importer(815301076,1909f56bfc062723c751e8b465ee728b)  -> (artifact id: '00000000000000000000000000000000') in 0.034237 seconds
Import Error Code:(4)
Message: Build asset version error: assets/quentin/assets/images/menuiserie.jpg in SourceAssetDB has modification time of '2024-12-20T23:26:57.5868636Z' while content on disk has modification time of '2024-12-20T23:27:07.7758145Z'
  ERROR: Build asset version error: assets/quentin/assets/images/menuiserie.jpg in SourceAssetDB has modification time of '2024-12-20T23:26:57.5868636Z' while content on disk has modification time of '2024-12-20T23:27:07.7758145Z'
Number of updated asset objects reloaded before import = 0
Number of asset objects unloaded after import = 0
========================================================================
Received Import Request.
  Time since last request: 0.044713 seconds.
  path: Assets/Quentin/Assets/images/menuiserie.jpg
  artifactKey: Guid(8583b73c1e913fa4bb19a9de289b754e) Importer(815301076,1909f56bfc062723c751e8b465ee728b)
Start importing Assets/Quentin/Assets/images/menuiserie.jpg using Guid(8583b73c1e913fa4bb19a9de289b754e) Importer(815301076,1909f56bfc062723c751e8b465ee728b)  -> (artifact id: '00000000000000000000000000000000') in 0.028214 seconds
Import Error Code:(4)
Message: Build asset version error: assets/quentin/assets/images/menuiserie.jpg in SourceAssetDB has modification time of '2024-12-20T23:26:57.5868636Z' while content on disk has modification time of '2024-12-20T23:27:07.7758145Z'
  ERROR: Build asset version error: assets/quentin/assets/images/menuiserie.jpg in SourceAssetDB has modification time of '2024-12-20T23:26:57.5868636Z' while content on disk has modification time of '2024-12-20T23:27:07.7758145Z'
Number of updated asset objects reloaded before import = 0
Number of asset objects unloaded after import = 0
========================================================================
Received Import Request.
  Time since last request: 0.000591 seconds.
  path: Assets/Quentin/Assets/images/menuiserie.jpg
  artifactKey: Guid(8583b73c1e913fa4bb19a9de289b754e) Importer(815301076,1909f56bfc062723c751e8b465ee728b)
Start importing Assets/Quentin/Assets/images/menuiserie.jpg using Guid(8583b73c1e913fa4bb19a9de289b754e) Importer(815301076,1909f56bfc062723c751e8b465ee728b)  -> (artifact id: '00000000000000000000000000000000') in 0.025156 seconds
Import Error Code:(4)
Message: Build asset version error: assets/quentin/assets/images/menuiserie.jpg in SourceAssetDB has modification time of '2024-12-20T23:26:57.5868636Z' while content on disk has modification time of '2024-12-20T23:27:07.7758145Z'
  ERROR: Build asset version error: assets/quentin/assets/images/menuiserie.jpg in SourceAssetDB has modification time of '2024-12-20T23:26:57.5868636Z' while content on disk has modification time of '2024-12-20T23:27:07.7758145Z'
Number of updated asset objects reloaded before import = 0
Number of asset objects unloaded after import = 0
========================================================================
Received Import Request.
  Time since last request: 0.001978 seconds.
  path: Assets/Quentin/Assets/images/menuiserie.jpg
  artifactKey: Guid(8583b73c1e913fa4bb19a9de289b754e) Importer(815301076,1909f56bfc062723c751e8b465ee728b)
Start importing Assets/Quentin/Assets/images/menuiserie.jpg using Guid(8583b73c1e913fa4bb19a9de289b754e) Importer(815301076,1909f56bfc062723c751e8b465ee728b)  -> (artifact id: '00000000000000000000000000000000') in 0.029991 seconds
Import Error Code:(4)
Message: Build asset version error: assets/quentin/assets/images/menuiserie.jpg in SourceAssetDB has modification time of '2024-12-20T23:26:57.5868636Z' while content on disk has modification time of '2024-12-20T23:27:07.7758145Z'
  ERROR: Build asset version error: assets/quentin/assets/images/menuiserie.jpg in SourceAssetDB has modification time of '2024-12-20T23:26:57.5868636Z' while content on disk has modification time of '2024-12-20T23:27:07.7758145Z'
Number of updated asset objects reloaded before import = 0
Number of asset objects unloaded after import = 0
========================================================================
Received Import Request.
  Time since last request: 0.009653 seconds.
  path: Assets/Quentin/Assets/images/menuiserie.jpg
  artifactKey: Guid(8583b73c1e913fa4bb19a9de289b754e) Importer(815301076,1909f56bfc062723c751e8b465ee728b)
Start importing Assets/Quentin/Assets/images/menuiserie.jpg using Guid(8583b73c1e913fa4bb19a9de289b754e) Importer(815301076,1909f56bfc062723c751e8b465ee728b)  -> (artifact id: '00000000000000000000000000000000') in 0.029584 seconds
Import Error Code:(4)
Message: Build asset version error: assets/quentin/assets/images/menuiserie.jpg in SourceAssetDB has modification time of '2024-12-20T23:26:57.5868636Z' while content on disk has modification time of '2024-12-20T23:27:07.7758145Z'
  ERROR: Build asset version error: assets/quentin/assets/images/menuiserie.jpg in SourceAssetDB has modification time of '2024-12-20T23:26:57.5868636Z' while content on disk has modification time of '2024-12-20T23:27:07.7758145Z'
Number of updated asset objects reloaded before import = 0
Number of asset objects unloaded after import = 0
========================================================================
Received Import Request.
  Time since last request: 0.008383 seconds.
  path: Assets/Quentin/Assets/images/menuiserie.jpg
  artifactKey: Guid(8583b73c1e913fa4bb19a9de289b754e) Importer(815301076,1909f56bfc062723c751e8b465ee728b)
Start importing Assets/Quentin/Assets/images/menuiserie.jpg using Guid(8583b73c1e913fa4bb19a9de289b754e) Importer(815301076,1909f56bfc062723c751e8b465ee728b)  -> (artifact id: '00000000000000000000000000000000') in 0.026669 seconds
Import Error Code:(4)
Message: Build asset version error: assets/quentin/assets/images/menuiserie.jpg in SourceAssetDB has modification time of '2024-12-20T23:26:57.5868636Z' while content on disk has modification time of '2024-12-20T23:27:07.7758145Z'
  ERROR: Build asset version error: assets/quentin/assets/images/menuiserie.jpg in SourceAssetDB has modification time of '2024-12-20T23:26:57.5868636Z' while content on disk has modification time of '2024-12-20T23:27:07.7758145Z'
Number of updated asset objects reloaded before import = 0
Number of asset objects unloaded after import = 0
========================================================================
Received Import Request.
  Time since last request: 0.009579 seconds.
  path: Assets/Quentin/Assets/images/menuiserie.jpg
  artifactKey: Guid(8583b73c1e913fa4bb19a9de289b754e) Importer(815301076,1909f56bfc062723c751e8b465ee728b)
Start importing Assets/Quentin/Assets/images/menuiserie.jpg using Guid(8583b73c1e913fa4bb19a9de289b754e) Importer(815301076,1909f56bfc062723c751e8b465ee728b)  -> (artifact id: '00000000000000000000000000000000') in 0.024418 seconds
Import Error Code:(4)
Message: Build asset version error: assets/quentin/assets/images/menuiserie.jpg in SourceAssetDB has modification time of '2024-12-20T23:26:57.5868636Z' while content on disk has modification time of '2024-12-20T23:27:07.7758145Z'
  ERROR: Build asset version error: assets/quentin/assets/images/menuiserie.jpg in SourceAssetDB has modification time of '2024-12-20T23:26:57.5868636Z' while content on disk has modification time of '2024-12-20T23:27:07.7758145Z'
Number of updated asset objects reloaded before import = 0
Number of asset objects unloaded after import = 0
========================================================================
Received Import Request.
  Time since last request: 0.019762 seconds.
  path: Assets/Quentin/Assets/images/menuiserie.jpg
  artifactKey: Guid(8583b73c1e913fa4bb19a9de289b754e) Importer(815301076,1909f56bfc062723c751e8b465ee728b)
Start importing Assets/Quentin/Assets/images/menuiserie.jpg using Guid(8583b73c1e913fa4bb19a9de289b754e) Importer(815301076,1909f56bfc062723c751e8b465ee728b)  -> (artifact id: '00000000000000000000000000000000') in 0.028009 seconds
Import Error Code:(4)
Message: Build asset version error: assets/quentin/assets/images/menuiserie.jpg in SourceAssetDB has modification time of '2024-12-20T23:26:57.5868636Z' while content on disk has modification time of '2024-12-20T23:27:07.7758145Z'
  ERROR: Build asset version error: assets/quentin/assets/images/menuiserie.jpg in SourceAssetDB has modification time of '2024-12-20T23:26:57.5868636Z' while content on disk has modification time of '2024-12-20T23:27:07.7758145Z'
Number of updated asset objects reloaded before import = 0
Number of asset objects unloaded after import = 0
========================================================================
Received Import Request.
  Time since last request: 0.032392 seconds.
  path: Assets/Quentin/Assets/images/menuiserie.jpg
  artifactKey: Guid(8583b73c1e913fa4bb19a9de289b754e) Importer(815301076,1909f56bfc062723c751e8b465ee728b)
Start importing Assets/Quentin/Assets/images/menuiserie.jpg using Guid(8583b73c1e913fa4bb19a9de289b754e) Importer(815301076,1909f56bfc062723c751e8b465ee728b)  -> (artifact id: '00000000000000000000000000000000') in 0.029009 seconds
Import Error Code:(4)
Message: Build asset version error: assets/quentin/assets/images/menuiserie.jpg in SourceAssetDB has modification time of '2024-12-20T23:26:57.5868636Z' while content on disk has modification time of '2024-12-20T23:27:07.7758145Z'
  ERROR: Build asset version error: assets/quentin/assets/images/menuiserie.jpg in SourceAssetDB has modification time of '2024-12-20T23:26:57.5868636Z' while content on disk has modification time of '2024-12-20T23:27:07.7758145Z'
Number of updated asset objects reloaded before import = 0
Number of asset objects unloaded after import = 0
========================================================================
Received Import Request.
  Time since last request: 0.002102 seconds.
  path: Assets/Quentin/Assets/images/menuiserie.jpg
  artifactKey: Guid(8583b73c1e913fa4bb19a9de289b754e) Importer(815301076,1909f56bfc062723c751e8b465ee728b)
Start importing Assets/Quentin/Assets/images/menuiserie.jpg using Guid(8583b73c1e913fa4bb19a9de289b754e) Importer(815301076,1909f56bfc062723c751e8b465ee728b)  -> (artifact id: '00000000000000000000000000000000') in 0.018537 seconds
Import Error Code:(4)
Message: Build asset version error: assets/quentin/assets/images/menuiserie.jpg in SourceAssetDB has modification time of '2024-12-20T23:26:57.5868636Z' while content on disk has modification time of '2024-12-20T23:27:07.7758145Z'
  ERROR: Build asset version error: assets/quentin/assets/images/menuiserie.jpg in SourceAssetDB has modification time of '2024-12-20T23:26:57.5868636Z' while content on disk has modification time of '2024-12-20T23:27:07.7758145Z'
Number of updated asset objects reloaded before import = 0
Number of asset objects unloaded after import = 0
========================================================================
Received Import Request.
  Time since last request: 0.019666 seconds.
  path: Assets/Quentin/Assets/images/menuiserie.jpg
  artifactKey: Guid(8583b73c1e913fa4bb19a9de289b754e) Importer(815301076,1909f56bfc062723c751e8b465ee728b)
Start importing Assets/Quentin/Assets/images/menuiserie.jpg using Guid(8583b73c1e913fa4bb19a9de289b754e) Importer(815301076,1909f56bfc062723c751e8b465ee728b)  -> (artifact id: '00000000000000000000000000000000') in 0.023876 seconds
Import Error Code:(4)
Message: Build asset version error: assets/quentin/assets/images/menuiserie.jpg in SourceAssetDB has modification time of '2024-12-20T23:26:57.5868636Z' while content on disk has modification time of '2024-12-20T23:27:07.7758145Z'
  ERROR: Build asset version error: assets/quentin/assets/images/menuiserie.jpg in SourceAssetDB has modification time of '2024-12-20T23:26:57.5868636Z' while content on disk has modification time of '2024-12-20T23:27:07.7758145Z'
Number of updated asset objects reloaded before import = 0
Number of asset objects unloaded after import = 0
========================================================================
Received Import Request.
  Time since last request: 0.006716 seconds.
  path: Assets/Quentin/Assets/images/menuiserie.jpg
  artifactKey: Guid(8583b73c1e913fa4bb19a9de289b754e) Importer(815301076,1909f56bfc062723c751e8b465ee728b)
Start importing Assets/Quentin/Assets/images/menuiserie.jpg using Guid(8583b73c1e913fa4bb19a9de289b754e) Importer(815301076,1909f56bfc062723c751e8b465ee728b)  -> (artifact id: '00000000000000000000000000000000') in 0.027432 seconds
Import Error Code:(4)
Message: Build asset version error: assets/quentin/assets/images/menuiserie.jpg in SourceAssetDB has modification time of '2024-12-20T23:26:57.5868636Z' while content on disk has modification time of '2024-12-20T23:27:07.7758145Z'
  ERROR: Build asset version error: assets/quentin/assets/images/menuiserie.jpg in SourceAssetDB has modification time of '2024-12-20T23:26:57.5868636Z' while content on disk has modification time of '2024-12-20T23:27:07.7758145Z'
Number of updated asset objects reloaded before import = 0
Number of asset objects unloaded after import = 0
========================================================================
Received Import Request.
  Time since last request: 0.006570 seconds.
  path: Assets/Quentin/Assets/images/menuiserie.jpg
  artifactKey: Guid(8583b73c1e913fa4bb19a9de289b754e) Importer(815301076,1909f56bfc062723c751e8b465ee728b)
Start importing Assets/Quentin/Assets/images/menuiserie.jpg using Guid(8583b73c1e913fa4bb19a9de289b754e) Importer(815301076,1909f56bfc062723c751e8b465ee728b)  -> (artifact id: '00000000000000000000000000000000') in 0.033287 seconds
Import Error Code:(4)
Message: Build asset version error: assets/quentin/assets/images/menuiserie.jpg in SourceAssetDB has modification time of '2024-12-20T23:26:57.5868636Z' while content on disk has modification time of '2024-12-20T23:27:07.7758145Z'
  ERROR: Build asset version error: assets/quentin/assets/images/menuiserie.jpg in SourceAssetDB has modification time of '2024-12-20T23:26:57.5868636Z' while content on disk has modification time of '2024-12-20T23:27:07.7758145Z'
Number of updated asset objects reloaded before import = 0
Number of asset objects unloaded after import = 0
========================================================================
Received Import Request.
  Time since last request: 0.010516 seconds.
  path: Assets/Quentin/Assets/images/menuiserie.jpg
  artifactKey: Guid(8583b73c1e913fa4bb19a9de289b754e) Importer(815301076,1909f56bfc062723c751e8b465ee728b)
Start importing Assets/Quentin/Assets/images/menuiserie.jpg using Guid(8583b73c1e913fa4bb19a9de289b754e) Importer(815301076,1909f56bfc062723c751e8b465ee728b)  -> (artifact id: '00000000000000000000000000000000') in 0.032314 seconds
Import Error Code:(4)
Message: Build asset version error: assets/quentin/assets/images/menuiserie.jpg in SourceAssetDB has modification time of '2024-12-20T23:26:57.5868636Z' while content on disk has modification time of '2024-12-20T23:27:07.7758145Z'
  ERROR: Build asset version error: assets/quentin/assets/images/menuiserie.jpg in SourceAssetDB has modification time of '2024-12-20T23:26:57.5868636Z' while content on disk has modification time of '2024-12-20T23:27:07.7758145Z'
Number of updated asset objects reloaded before import = 0
Number of asset objects unloaded after import = 0
========================================================================
Received Import Request.
  Time since last request: 0.009765 seconds.
  path: Assets/Quentin/Assets/images/menuiserie.jpg
  artifactKey: Guid(8583b73c1e913fa4bb19a9de289b754e) Importer(815301076,1909f56bfc062723c751e8b465ee728b)
Start importing Assets/Quentin/Assets/images/menuiserie.jpg using Guid(8583b73c1e913fa4bb19a9de289b754e) Importer(815301076,1909f56bfc062723c751e8b465ee728b)  -> (artifact id: '00000000000000000000000000000000') in 0.026442 seconds
Import Error Code:(4)
Message: Build asset version error: assets/quentin/assets/images/menuiserie.jpg in SourceAssetDB has modification time of '2024-12-20T23:26:57.5868636Z' while content on disk has modification time of '2024-12-20T23:27:07.7758145Z'
  ERROR: Build asset version error: assets/quentin/assets/images/menuiserie.jpg in SourceAssetDB has modification time of '2024-12-20T23:26:57.5868636Z' while content on disk has modification time of '2024-12-20T23:27:07.7758145Z'
Number of updated asset objects reloaded before import = 0
Number of asset objects unloaded after import = 0
========================================================================
Received Import Request.
  Time since last request: 0.011011 seconds.
  path: Assets/Quentin/Assets/images/menuiserie.jpg
  artifactKey: Guid(8583b73c1e913fa4bb19a9de289b754e) Importer(815301076,1909f56bfc062723c751e8b465ee728b)
Start importing Assets/Quentin/Assets/images/menuiserie.jpg using Guid(8583b73c1e913fa4bb19a9de289b754e) Importer(815301076,1909f56bfc062723c751e8b465ee728b)  -> (artifact id: '00000000000000000000000000000000') in 0.034504 seconds
Import Error Code:(4)
Message: Build asset version error: assets/quentin/assets/images/menuiserie.jpg in SourceAssetDB has modification time of '2024-12-20T23:26:57.5868636Z' while content on disk has modification time of '2024-12-20T23:27:07.7758145Z'
  ERROR: Build asset version error: assets/quentin/assets/images/menuiserie.jpg in SourceAssetDB has modification time of '2024-12-20T23:26:57.5868636Z' while content on disk has modification time of '2024-12-20T23:27:07.7758145Z'
Number of updated asset objects reloaded before import = 0
Number of asset objects unloaded after import = 0
========================================================================
Received Import Request.
  Time since last request: 0.006866 seconds.
  path: Assets/Quentin/Assets/images/menuiserie.jpg
  artifactKey: Guid(8583b73c1e913fa4bb19a9de289b754e) Importer(815301076,1909f56bfc062723c751e8b465ee728b)
Start importing Assets/Quentin/Assets/images/menuiserie.jpg using Guid(8583b73c1e913fa4bb19a9de289b754e) Importer(815301076,1909f56bfc062723c751e8b465ee728b)  -> (artifact id: '00000000000000000000000000000000') in 0.042296 seconds
Import Error Code:(4)
Message: Build asset version error: assets/quentin/assets/images/menuiserie.jpg in SourceAssetDB has modification time of '2024-12-20T23:26:57.5868636Z' while content on disk has modification time of '2024-12-20T23:27:07.7758145Z'
  ERROR: Build asset version error: assets/quentin/assets/images/menuiserie.jpg in SourceAssetDB has modification time of '2024-12-20T23:26:57.5868636Z' while content on disk has modification time of '2024-12-20T23:27:07.7758145Z'
Number of updated asset objects reloaded before import = 0
Number of asset objects unloaded after import = 0
========================================================================
Received Import Request.
  Time since last request: 0.007472 seconds.
  path: Assets/Quentin/Assets/images/menuiserie.jpg
  artifactKey: Guid(8583b73c1e913fa4bb19a9de289b754e) Importer(815301076,1909f56bfc062723c751e8b465ee728b)
Start importing Assets/Quentin/Assets/images/menuiserie.jpg using Guid(8583b73c1e913fa4bb19a9de289b754e) Importer(815301076,1909f56bfc062723c751e8b465ee728b)  -> (artifact id: '00000000000000000000000000000000') in 0.041865 seconds
Import Error Code:(4)
Message: Build asset version error: assets/quentin/assets/images/menuiserie.jpg in SourceAssetDB has modification time of '2024-12-20T23:26:57.5868636Z' while content on disk has modification time of '2024-12-20T23:27:07.7758145Z'
  ERROR: Build asset version error: assets/quentin/assets/images/menuiserie.jpg in SourceAssetDB has modification time of '2024-12-20T23:26:57.5868636Z' while content on disk has modification time of '2024-12-20T23:27:07.7758145Z'
Number of updated asset objects reloaded before import = 0
Number of asset objects unloaded after import = 0
========================================================================
Received Import Request.
  Time since last request: 0.018863 seconds.
  path: Assets/Quentin/Assets/images/menuiserie.jpg
  artifactKey: Guid(8583b73c1e913fa4bb19a9de289b754e) Importer(815301076,1909f56bfc062723c751e8b465ee728b)
Start importing Assets/Quentin/Assets/images/menuiserie.jpg using Guid(8583b73c1e913fa4bb19a9de289b754e) Importer(815301076,1909f56bfc062723c751e8b465ee728b)  -> (artifact id: '00000000000000000000000000000000') in 0.047606 seconds
Import Error Code:(4)
Message: Build asset version error: assets/quentin/assets/images/menuiserie.jpg in SourceAssetDB has modification time of '2024-12-20T23:26:57.5868636Z' while content on disk has modification time of '2024-12-20T23:27:07.7758145Z'
  ERROR: Build asset version error: assets/quentin/assets/images/menuiserie.jpg in SourceAssetDB has modification time of '2024-12-20T23:26:57.5868636Z' while content on disk has modification time of '2024-12-20T23:27:07.7758145Z'
Number of updated asset objects reloaded before import = 0
Number of asset objects unloaded after import = 0
========================================================================
Received Import Request.
  Time since last request: 0.002738 seconds.
  path: Assets/Quentin/Assets/images/menuiserie.jpg
  artifactKey: Guid(8583b73c1e913fa4bb19a9de289b754e) Importer(815301076,1909f56bfc062723c751e8b465ee728b)
Start importing Assets/Quentin/Assets/images/menuiserie.jpg using Guid(8583b73c1e913fa4bb19a9de289b754e) Importer(815301076,1909f56bfc062723c751e8b465ee728b)  -> (artifact id: '00000000000000000000000000000000') in 0.038092 seconds
Import Error Code:(4)
Message: Build asset version error: assets/quentin/assets/images/menuiserie.jpg in SourceAssetDB has modification time of '2024-12-20T23:26:57.5868636Z' while content on disk has modification time of '2024-12-20T23:27:07.7758145Z'
  ERROR: Build asset version error: assets/quentin/assets/images/menuiserie.jpg in SourceAssetDB has modification time of '2024-12-20T23:26:57.5868636Z' while content on disk has modification time of '2024-12-20T23:27:07.7758145Z'
Number of updated asset objects reloaded before import = 0
Number of asset objects unloaded after import = 0
========================================================================
Received Import Request.
  Time since last request: 0.007424 seconds.
  path: Assets/Quentin/Assets/images/menuiserie.jpg
  artifactKey: Guid(8583b73c1e913fa4bb19a9de289b754e) Importer(815301076,1909f56bfc062723c751e8b465ee728b)
Start importing Assets/Quentin/Assets/images/menuiserie.jpg using Guid(8583b73c1e913fa4bb19a9de289b754e) Importer(815301076,1909f56bfc062723c751e8b465ee728b)  -> (artifact id: '00000000000000000000000000000000') in 0.036426 seconds
Import Error Code:(4)
Message: Build asset version error: assets/quentin/assets/images/menuiserie.jpg in SourceAssetDB has modification time of '2024-12-20T23:26:57.5868636Z' while content on disk has modification time of '2024-12-20T23:27:07.7758145Z'
  ERROR: Build asset version error: assets/quentin/assets/images/menuiserie.jpg in SourceAssetDB has modification time of '2024-12-20T23:26:57.5868636Z' while content on disk has modification time of '2024-12-20T23:27:07.7758145Z'
Number of updated asset objects reloaded before import = 0
Number of asset objects unloaded after import = 0
========================================================================
Received Import Request.
  Time since last request: 0.013954 seconds.
  path: Assets/Quentin/Assets/images/menuiserie.jpg
  artifactKey: Guid(8583b73c1e913fa4bb19a9de289b754e) Importer(815301076,1909f56bfc062723c751e8b465ee728b)
Start importing Assets/Quentin/Assets/images/menuiserie.jpg using Guid(8583b73c1e913fa4bb19a9de289b754e) Importer(815301076,1909f56bfc062723c751e8b465ee728b)  -> (artifact id: '00000000000000000000000000000000') in 0.027216 seconds
Import Error Code:(4)
Message: Build asset version error: assets/quentin/assets/images/menuiserie.jpg in SourceAssetDB has modification time of '2024-12-20T23:26:57.5868636Z' while content on disk has modification time of '2024-12-20T23:27:07.7758145Z'
  ERROR: Build asset version error: assets/quentin/assets/images/menuiserie.jpg in SourceAssetDB has modification time of '2024-12-20T23:26:57.5868636Z' while content on disk has modification time of '2024-12-20T23:27:07.7758145Z'
Number of updated asset objects reloaded before import = 0
Number of asset objects unloaded after import = 0
========================================================================
Received Import Request.
  Time since last request: 0.014356 seconds.
  path: Assets/Quentin/Assets/images/menuiserie.jpg
  artifactKey: Guid(8583b73c1e913fa4bb19a9de289b754e) Importer(815301076,1909f56bfc062723c751e8b465ee728b)
Start importing Assets/Quentin/Assets/images/menuiserie.jpg using Guid(8583b73c1e913fa4bb19a9de289b754e) Importer(815301076,1909f56bfc062723c751e8b465ee728b)  -> (artifact id: '00000000000000000000000000000000') in 0.027177 seconds
Import Error Code:(4)
Message: Build asset version error: assets/quentin/assets/images/menuiserie.jpg in SourceAssetDB has modification time of '2024-12-20T23:26:57.5868636Z' while content on disk has modification time of '2024-12-20T23:27:07.7758145Z'
  ERROR: Build asset version error: assets/quentin/assets/images/menuiserie.jpg in SourceAssetDB has modification time of '2024-12-20T23:26:57.5868636Z' while content on disk has modification time of '2024-12-20T23:27:07.7758145Z'
Number of updated asset objects reloaded before import = 0
Number of asset objects unloaded after import = 0
========================================================================
Received Import Request.
  Time since last request: 0.001583 seconds.
  path: Assets/Quentin/Assets/images/menuiserie.jpg
  artifactKey: Guid(8583b73c1e913fa4bb19a9de289b754e) Importer(815301076,1909f56bfc062723c751e8b465ee728b)
Start importing Assets/Quentin/Assets/images/menuiserie.jpg using Guid(8583b73c1e913fa4bb19a9de289b754e) Importer(815301076,1909f56bfc062723c751e8b465ee728b)  -> (artifact id: '00000000000000000000000000000000') in 0.032838 seconds
Import Error Code:(4)
Message: Build asset version error: assets/quentin/assets/images/menuiserie.jpg in SourceAssetDB has modification time of '2024-12-20T23:26:57.5868636Z' while content on disk has modification time of '2024-12-20T23:27:07.7758145Z'
  ERROR: Build asset version error: assets/quentin/assets/images/menuiserie.jpg in SourceAssetDB has modification time of '2024-12-20T23:26:57.5868636Z' while content on disk has modification time of '2024-12-20T23:27:07.7758145Z'
Number of updated asset objects reloaded before import = 0
Number of asset objects unloaded after import = 0
========================================================================
Received Import Request.
  Time since last request: 0.007338 seconds.
  path: Assets/Quentin/Assets/images/menuiserie.jpg
  artifactKey: Guid(8583b73c1e913fa4bb19a9de289b754e) Importer(815301076,1909f56bfc062723c751e8b465ee728b)
Start importing Assets/Quentin/Assets/images/menuiserie.jpg using Guid(8583b73c1e913fa4bb19a9de289b754e) Importer(815301076,1909f56bfc062723c751e8b465ee728b)  -> (artifact id: '00000000000000000000000000000000') in 0.048270 seconds
Import Error Code:(4)
Message: Build asset version error: assets/quentin/assets/images/menuiserie.jpg in SourceAssetDB has modification time of '2024-12-20T23:26:57.5868636Z' while content on disk has modification time of '2024-12-20T23:27:07.7758145Z'
  ERROR: Build asset version error: assets/quentin/assets/images/menuiserie.jpg in SourceAssetDB has modification time of '2024-12-20T23:26:57.5868636Z' while content on disk has modification time of '2024-12-20T23:27:07.7758145Z'
Number of updated asset objects reloaded before import = 0
Number of asset objects unloaded after import = 0
========================================================================
Received Import Request.
  Time since last request: 0.014314 seconds.
  path: Assets/Quentin/Assets/images/menuiserie.jpg
  artifactKey: Guid(8583b73c1e913fa4bb19a9de289b754e) Importer(815301076,1909f56bfc062723c751e8b465ee728b)
Start importing Assets/Quentin/Assets/images/menuiserie.jpg using Guid(8583b73c1e913fa4bb19a9de289b754e) Importer(815301076,1909f56bfc062723c751e8b465ee728b)  -> (artifact id: '00000000000000000000000000000000') in 0.021447 seconds
Import Error Code:(4)
Message: Build asset version error: assets/quentin/assets/images/menuiserie.jpg in SourceAssetDB has modification time of '2024-12-20T23:26:57.5868636Z' while content on disk has modification time of '2024-12-20T23:27:07.7758145Z'
  ERROR: Build asset version error: assets/quentin/assets/images/menuiserie.jpg in SourceAssetDB has modification time of '2024-12-20T23:26:57.5868636Z' while content on disk has modification time of '2024-12-20T23:27:07.7758145Z'
Number of updated asset objects reloaded before import = 0
Number of asset objects unloaded after import = 0
========================================================================
Received Import Request.
  Time since last request: 0.019947 seconds.
  path: Assets/Quentin/Assets/images/menuiserie.jpg
  artifactKey: Guid(8583b73c1e913fa4bb19a9de289b754e) Importer(815301076,1909f56bfc062723c751e8b465ee728b)
Start importing Assets/Quentin/Assets/images/menuiserie.jpg using Guid(8583b73c1e913fa4bb19a9de289b754e) Importer(815301076,1909f56bfc062723c751e8b465ee728b)  -> (artifact id: '00000000000000000000000000000000') in 0.041279 seconds
Import Error Code:(4)
Message: Build asset version error: assets/quentin/assets/images/menuiserie.jpg in SourceAssetDB has modification time of '2024-12-20T23:26:57.5868636Z' while content on disk has modification time of '2024-12-20T23:27:07.7758145Z'
  ERROR: Build asset version error: assets/quentin/assets/images/menuiserie.jpg in SourceAssetDB has modification time of '2024-12-20T23:26:57.5868636Z' while content on disk has modification time of '2024-12-20T23:27:07.7758145Z'
Number of updated asset objects reloaded before import = 0
Number of asset objects unloaded after import = 0
========================================================================
Received Import Request.
  Time since last request: 0.013483 seconds.
  path: Assets/Quentin/Assets/images/menuiserie.jpg
  artifactKey: Guid(8583b73c1e913fa4bb19a9de289b754e) Importer(815301076,1909f56bfc062723c751e8b465ee728b)
Start importing Assets/Quentin/Assets/images/menuiserie.jpg using Guid(8583b73c1e913fa4bb19a9de289b754e) Importer(815301076,1909f56bfc062723c751e8b465ee728b)  -> (artifact id: '00000000000000000000000000000000') in 0.030237 seconds
Import Error Code:(4)
Message: Build asset version error: assets/quentin/assets/images/menuiserie.jpg in SourceAssetDB has modification time of '2024-12-20T23:26:57.5868636Z' while content on disk has modification time of '2024-12-20T23:27:07.7758145Z'
  ERROR: Build asset version error: assets/quentin/assets/images/menuiserie.jpg in SourceAssetDB has modification time of '2024-12-20T23:26:57.5868636Z' while content on disk has modification time of '2024-12-20T23:27:07.7758145Z'
Number of updated asset objects reloaded before import = 0
Number of asset objects unloaded after import = 0
========================================================================
Received Import Request.
  Time since last request: 0.022357 seconds.
  path: Assets/Quentin/Assets/images/menuiserie.jpg
  artifactKey: Guid(8583b73c1e913fa4bb19a9de289b754e) Importer(815301076,1909f56bfc062723c751e8b465ee728b)
Start importing Assets/Quentin/Assets/images/menuiserie.jpg using Guid(8583b73c1e913fa4bb19a9de289b754e) Importer(815301076,1909f56bfc062723c751e8b465ee728b)  -> (artifact id: '00000000000000000000000000000000') in 0.027764 seconds
Import Error Code:(4)
Message: Build asset version error: assets/quentin/assets/images/menuiserie.jpg in SourceAssetDB has modification time of '2024-12-20T23:26:57.5868636Z' while content on disk has modification time of '2024-12-20T23:27:07.7758145Z'
  ERROR: Build asset version error: assets/quentin/assets/images/menuiserie.jpg in SourceAssetDB has modification time of '2024-12-20T23:26:57.5868636Z' while content on disk has modification time of '2024-12-20T23:27:07.7758145Z'
Number of updated asset objects reloaded before import = 0
Number of asset objects unloaded after import = 0
========================================================================
Received Import Request.
  Time since last request: 0.008026 seconds.
  path: Assets/Quentin/Assets/images/menuiserie.jpg
  artifactKey: Guid(8583b73c1e913fa4bb19a9de289b754e) Importer(815301076,1909f56bfc062723c751e8b465ee728b)
Start importing Assets/Quentin/Assets/images/menuiserie.jpg using Guid(8583b73c1e913fa4bb19a9de289b754e) Importer(815301076,1909f56bfc062723c751e8b465ee728b)  -> (artifact id: '00000000000000000000000000000000') in 0.026625 seconds
Import Error Code:(4)
Message: Build asset version error: assets/quentin/assets/images/menuiserie.jpg in SourceAssetDB has modification time of '2024-12-20T23:26:57.5868636Z' while content on disk has modification time of '2024-12-20T23:27:07.7758145Z'
  ERROR: Build asset version error: assets/quentin/assets/images/menuiserie.jpg in SourceAssetDB has modification time of '2024-12-20T23:26:57.5868636Z' while content on disk has modification time of '2024-12-20T23:27:07.7758145Z'
Number of updated asset objects reloaded before import = 0
Number of asset objects unloaded after import = 0
========================================================================
Received Import Request.
  Time since last request: 0.013127 seconds.
  path: Assets/Quentin/Assets/images/menuiserie.jpg
  artifactKey: Guid(8583b73c1e913fa4bb19a9de289b754e) Importer(815301076,1909f56bfc062723c751e8b465ee728b)
Start importing Assets/Quentin/Assets/images/menuiserie.jpg using Guid(8583b73c1e913fa4bb19a9de289b754e) Importer(815301076,1909f56bfc062723c751e8b465ee728b)  -> (artifact id: '00000000000000000000000000000000') in 0.033662 seconds
Import Error Code:(4)
Message: Build asset version error: assets/quentin/assets/images/menuiserie.jpg in SourceAssetDB has modification time of '2024-12-20T23:26:57.5868636Z' while content on disk has modification time of '2024-12-20T23:27:07.7758145Z'
  ERROR: Build asset version error: assets/quentin/assets/images/menuiserie.jpg in SourceAssetDB has modification time of '2024-12-20T23:26:57.5868636Z' while content on disk has modification time of '2024-12-20T23:27:07.7758145Z'
Number of updated asset objects reloaded before import = 0
Number of asset objects unloaded after import = 0
========================================================================
Received Import Request.
  Time since last request: 0.007880 seconds.
  path: Assets/Quentin/Assets/images/menuiserie.jpg
  artifactKey: Guid(8583b73c1e913fa4bb19a9de289b754e) Importer(815301076,1909f56bfc062723c751e8b465ee728b)
Start importing Assets/Quentin/Assets/images/menuiserie.jpg using Guid(8583b73c1e913fa4bb19a9de289b754e) Importer(815301076,1909f56bfc062723c751e8b465ee728b)  -> (artifact id: '00000000000000000000000000000000') in 0.032288 seconds
Import Error Code:(4)
Message: Build asset version error: assets/quentin/assets/images/menuiserie.jpg in SourceAssetDB has modification time of '2024-12-20T23:26:57.5868636Z' while content on disk has modification time of '2024-12-20T23:27:07.7758145Z'
  ERROR: Build asset version error: assets/quentin/assets/images/menuiserie.jpg in SourceAssetDB has modification time of '2024-12-20T23:26:57.5868636Z' while content on disk has modification time of '2024-12-20T23:27:07.7758145Z'
Number of updated asset objects reloaded before import = 0
Number of asset objects unloaded after import = 0
========================================================================
Received Import Request.
  Time since last request: 0.009252 seconds.
  path: Assets/Quentin/Assets/images/menuiserie.jpg
  artifactKey: Guid(8583b73c1e913fa4bb19a9de289b754e) Importer(815301076,1909f56bfc062723c751e8b465ee728b)
Start importing Assets/Quentin/Assets/images/menuiserie.jpg using Guid(8583b73c1e913fa4bb19a9de289b754e) Importer(815301076,1909f56bfc062723c751e8b465ee728b)  -> (artifact id: '00000000000000000000000000000000') in 0.027838 seconds
Import Error Code:(4)
Message: Build asset version error: assets/quentin/assets/images/menuiserie.jpg in SourceAssetDB has modification time of '2024-12-20T23:26:57.5868636Z' while content on disk has modification time of '2024-12-20T23:27:07.7758145Z'
  ERROR: Build asset version error: assets/quentin/assets/images/menuiserie.jpg in SourceAssetDB has modification time of '2024-12-20T23:26:57.5868636Z' while content on disk has modification time of '2024-12-20T23:27:07.7758145Z'
Number of updated asset objects reloaded before import = 0
Number of asset objects unloaded after import = 0
========================================================================
Received Import Request.
  Time since last request: 0.018056 seconds.
  path: Assets/Quentin/Assets/images/menuiserie.jpg
  artifactKey: Guid(8583b73c1e913fa4bb19a9de289b754e) Importer(815301076,1909f56bfc062723c751e8b465ee728b)
Start importing Assets/Quentin/Assets/images/menuiserie.jpg using Guid(8583b73c1e913fa4bb19a9de289b754e) Importer(815301076,1909f56bfc062723c751e8b465ee728b)  -> (artifact id: '00000000000000000000000000000000') in 0.025427 seconds
Import Error Code:(4)
Message: Build asset version error: assets/quentin/assets/images/menuiserie.jpg in SourceAssetDB has modification time of '2024-12-20T23:26:57.5868636Z' while content on disk has modification time of '2024-12-20T23:27:07.7758145Z'
  ERROR: Build asset version error: assets/quentin/assets/images/menuiserie.jpg in SourceAssetDB has modification time of '2024-12-20T23:26:57.5868636Z' while content on disk has modification time of '2024-12-20T23:27:07.7758145Z'
Number of updated asset objects reloaded before import = 0
Number of asset objects unloaded after import = 0
========================================================================
Received Import Request.
  Time since last request: 0.004625 seconds.
  path: Assets/Quentin/Assets/images/menuiserie.jpg
  artifactKey: Guid(8583b73c1e913fa4bb19a9de289b754e) Importer(815301076,1909f56bfc062723c751e8b465ee728b)
Start importing Assets/Quentin/Assets/images/menuiserie.jpg using Guid(8583b73c1e913fa4bb19a9de289b754e) Importer(815301076,1909f56bfc062723c751e8b465ee728b)  -> (artifact id: '00000000000000000000000000000000') in 0.033744 seconds
Import Error Code:(4)
Message: Build asset version error: assets/quentin/assets/images/menuiserie.jpg in SourceAssetDB has modification time of '2024-12-20T23:26:57.5868636Z' while content on disk has modification time of '2024-12-20T23:27:07.7758145Z'
  ERROR: Build asset version error: assets/quentin/assets/images/menuiserie.jpg in SourceAssetDB has modification time of '2024-12-20T23:26:57.5868636Z' while content on disk has modification time of '2024-12-20T23:27:07.7758145Z'
Number of updated asset objects reloaded before import = 0
Number of asset objects unloaded after import = 0
========================================================================
Received Import Request.
  Time since last request: 0.011522 seconds.
  path: Assets/Quentin/Assets/images/menuiserie.jpg
  artifactKey: Guid(8583b73c1e913fa4bb19a9de289b754e) Importer(815301076,1909f56bfc062723c751e8b465ee728b)
Start importing Assets/Quentin/Assets/images/menuiserie.jpg using Guid(8583b73c1e913fa4bb19a9de289b754e) Importer(815301076,1909f56bfc062723c751e8b465ee728b)  -> (artifact id: '00000000000000000000000000000000') in 0.032462 seconds
Import Error Code:(4)
Message: Build asset version error: assets/quentin/assets/images/menuiserie.jpg in SourceAssetDB has modification time of '2024-12-20T23:26:57.5868636Z' while content on disk has modification time of '2024-12-20T23:27:07.7758145Z'
  ERROR: Build asset version error: assets/quentin/assets/images/menuiserie.jpg in SourceAssetDB has modification time of '2024-12-20T23:26:57.5868636Z' while content on disk has modification time of '2024-12-20T23:27:07.7758145Z'
Number of updated asset objects reloaded before import = 0
Number of asset objects unloaded after import = 0
========================================================================
Received Import Request.
  Time since last request: 0.013544 seconds.
  path: Assets/Quentin/Assets/images/menuiserie.jpg
  artifactKey: Guid(8583b73c1e913fa4bb19a9de289b754e) Importer(815301076,1909f56bfc062723c751e8b465ee728b)
Start importing Assets/Quentin/Assets/images/menuiserie.jpg using Guid(8583b73c1e913fa4bb19a9de289b754e) Importer(815301076,1909f56bfc062723c751e8b465ee728b)  -> (artifact id: '00000000000000000000000000000000') in 0.028965 seconds
Import Error Code:(4)
Message: Build asset version error: assets/quentin/assets/images/menuiserie.jpg in SourceAssetDB has modification time of '2024-12-20T23:26:57.5868636Z' while content on disk has modification time of '2024-12-20T23:27:07.7758145Z'
  ERROR: Build asset version error: assets/quentin/assets/images/menuiserie.jpg in SourceAssetDB has modification time of '2024-12-20T23:26:57.5868636Z' while content on disk has modification time of '2024-12-20T23:27:07.7758145Z'
Number of updated asset objects reloaded before import = 0
Number of asset objects unloaded after import = 0
========================================================================
Received Import Request.
  Time since last request: 0.009902 seconds.
  path: Assets/Quentin/Assets/images/menuiserie.jpg
  artifactKey: Guid(8583b73c1e913fa4bb19a9de289b754e) Importer(815301076,1909f56bfc062723c751e8b465ee728b)
Start importing Assets/Quentin/Assets/images/menuiserie.jpg using Guid(8583b73c1e913fa4bb19a9de289b754e) Importer(815301076,1909f56bfc062723c751e8b465ee728b)  -> (artifact id: '00000000000000000000000000000000') in 0.030764 seconds
Import Error Code:(4)
Message: Build asset version error: assets/quentin/assets/images/menuiserie.jpg in SourceAssetDB has modification time of '2024-12-20T23:26:57.5868636Z' while content on disk has modification time of '2024-12-20T23:27:07.7758145Z'
  ERROR: Build asset version error: assets/quentin/assets/images/menuiserie.jpg in SourceAssetDB has modification time of '2024-12-20T23:26:57.5868636Z' while content on disk has modification time of '2024-12-20T23:27:07.7758145Z'
Number of updated asset objects reloaded before import = 0
Number of asset objects unloaded after import = 0
========================================================================
Received Import Request.
  Time since last request: 0.010258 seconds.
  path: Assets/Quentin/Assets/images/menuiserie.jpg
  artifactKey: Guid(8583b73c1e913fa4bb19a9de289b754e) Importer(815301076,1909f56bfc062723c751e8b465ee728b)
Start importing Assets/Quentin/Assets/images/menuiserie.jpg using Guid(8583b73c1e913fa4bb19a9de289b754e) Importer(815301076,1909f56bfc062723c751e8b465ee728b)  -> (artifact id: '00000000000000000000000000000000') in 0.036607 seconds
Import Error Code:(4)
Message: Build asset version error: assets/quentin/assets/images/menuiserie.jpg in SourceAssetDB has modification time of '2024-12-20T23:26:57.5868636Z' while content on disk has modification time of '2024-12-20T23:27:07.7758145Z'
  ERROR: Build asset version error: assets/quentin/assets/images/menuiserie.jpg in SourceAssetDB has modification time of '2024-12-20T23:26:57.5868636Z' while content on disk has modification time of '2024-12-20T23:27:07.7758145Z'
Number of updated asset objects reloaded before import = 0
Number of asset objects unloaded after import = 0
========================================================================
Received Import Request.
  Time since last request: 0.003439 seconds.
  path: Assets/Quentin/Assets/images/menuiserie.jpg
  artifactKey: Guid(8583b73c1e913fa4bb19a9de289b754e) Importer(815301076,1909f56bfc062723c751e8b465ee728b)
Start importing Assets/Quentin/Assets/images/menuiserie.jpg using Guid(8583b73c1e913fa4bb19a9de289b754e) Importer(815301076,1909f56bfc062723c751e8b465ee728b)  -> (artifact id: '00000000000000000000000000000000') in 0.034528 seconds
Import Error Code:(4)
Message: Build asset version error: assets/quentin/assets/images/menuiserie.jpg in SourceAssetDB has modification time of '2024-12-20T23:26:57.5868636Z' while content on disk has modification time of '2024-12-20T23:27:07.7758145Z'
  ERROR: Build asset version error: assets/quentin/assets/images/menuiserie.jpg in SourceAssetDB has modification time of '2024-12-20T23:26:57.5868636Z' while content on disk has modification time of '2024-12-20T23:27:07.7758145Z'
Number of updated asset objects reloaded before import = 0
Number of asset objects unloaded after import = 0
========================================================================
Received Import Request.
  Time since last request: 0.017556 seconds.
  path: Assets/Quentin/Assets/images/menuiserie.jpg
  artifactKey: Guid(8583b73c1e913fa4bb19a9de289b754e) Importer(815301076,1909f56bfc062723c751e8b465ee728b)
Start importing Assets/Quentin/Assets/images/menuiserie.jpg using Guid(8583b73c1e913fa4bb19a9de289b754e) Importer(815301076,1909f56bfc062723c751e8b465ee728b)  -> (artifact id: '00000000000000000000000000000000') in 0.023260 seconds
Import Error Code:(4)
Message: Build asset version error: assets/quentin/assets/images/menuiserie.jpg in SourceAssetDB has modification time of '2024-12-20T23:26:57.5868636Z' while content on disk has modification time of '2024-12-20T23:27:07.7758145Z'
  ERROR: Build asset version error: assets/quentin/assets/images/menuiserie.jpg in SourceAssetDB has modification time of '2024-12-20T23:26:57.5868636Z' while content on disk has modification time of '2024-12-20T23:27:07.7758145Z'
Number of updated asset objects reloaded before import = 0
Number of asset objects unloaded after import = 0
========================================================================
Received Import Request.
  Time since last request: 0.037042 seconds.
  path: Assets/Quentin/Assets/images/menuiserie.jpg
  artifactKey: Guid(8583b73c1e913fa4bb19a9de289b754e) Importer(815301076,1909f56bfc062723c751e8b465ee728b)
Start importing Assets/Quentin/Assets/images/menuiserie.jpg using Guid(8583b73c1e913fa4bb19a9de289b754e) Importer(815301076,1909f56bfc062723c751e8b465ee728b)  -> (artifact id: '00000000000000000000000000000000') in 0.022632 seconds
Import Error Code:(4)
Message: Build asset version error: assets/quentin/assets/images/menuiserie.jpg in SourceAssetDB has modification time of '2024-12-20T23:26:57.5868636Z' while content on disk has modification time of '2024-12-20T23:27:07.7758145Z'
  ERROR: Build asset version error: assets/quentin/assets/images/menuiserie.jpg in SourceAssetDB has modification time of '2024-12-20T23:26:57.5868636Z' while content on disk has modification time of '2024-12-20T23:27:07.7758145Z'
Number of updated asset objects reloaded before import = 0
Number of asset objects unloaded after import = 0
========================================================================
Received Import Request.
  Time since last request: 0.011823 seconds.
  path: Assets/Quentin/Assets/images/menuiserie.jpg
  artifactKey: Guid(8583b73c1e913fa4bb19a9de289b754e) Importer(815301076,1909f56bfc062723c751e8b465ee728b)
Start importing Assets/Quentin/Assets/images/menuiserie.jpg using Guid(8583b73c1e913fa4bb19a9de289b754e) Importer(815301076,1909f56bfc062723c751e8b465ee728b)  -> (artifact id: '00000000000000000000000000000000') in 0.029442 seconds
Import Error Code:(4)
Message: Build asset version error: assets/quentin/assets/images/menuiserie.jpg in SourceAssetDB has modification time of '2024-12-20T23:26:57.5868636Z' while content on disk has modification time of '2024-12-20T23:27:07.7758145Z'
  ERROR: Build asset version error: assets/quentin/assets/images/menuiserie.jpg in SourceAssetDB has modification time of '2024-12-20T23:26:57.5868636Z' while content on disk has modification time of '2024-12-20T23:27:07.7758145Z'
Number of updated asset objects reloaded before import = 0
Number of asset objects unloaded after import = 0
========================================================================
Received Import Request.
  Time since last request: 0.012272 seconds.
  path: Assets/Quentin/Assets/images/menuiserie.jpg
  artifactKey: Guid(8583b73c1e913fa4bb19a9de289b754e) Importer(815301076,1909f56bfc062723c751e8b465ee728b)
Start importing Assets/Quentin/Assets/images/menuiserie.jpg using Guid(8583b73c1e913fa4bb19a9de289b754e) Importer(815301076,1909f56bfc062723c751e8b465ee728b)  -> (artifact id: '00000000000000000000000000000000') in 0.023102 seconds
Import Error Code:(4)
Message: Build asset version error: assets/quentin/assets/images/menuiserie.jpg in SourceAssetDB has modification time of '2024-12-20T23:26:57.5868636Z' while content on disk has modification time of '2024-12-20T23:27:07.7758145Z'
  ERROR: Build asset version error: assets/quentin/assets/images/menuiserie.jpg in SourceAssetDB has modification time of '2024-12-20T23:26:57.5868636Z' while content on disk has modification time of '2024-12-20T23:27:07.7758145Z'
Number of updated asset objects reloaded before import = 0
Number of asset objects unloaded after import = 0
========================================================================
Received Import Request.
  Time since last request: 0.020238 seconds.
  path: Assets/Quentin/Assets/images/menuiserie.jpg
  artifactKey: Guid(8583b73c1e913fa4bb19a9de289b754e) Importer(815301076,1909f56bfc062723c751e8b465ee728b)
Start importing Assets/Quentin/Assets/images/menuiserie.jpg using Guid(8583b73c1e913fa4bb19a9de289b754e) Importer(815301076,1909f56bfc062723c751e8b465ee728b)  -> (artifact id: '00000000000000000000000000000000') in 0.020988 seconds
Import Error Code:(4)
Message: Build asset version error: assets/quentin/assets/images/menuiserie.jpg in SourceAssetDB has modification time of '2024-12-20T23:26:57.5868636Z' while content on disk has modification time of '2024-12-20T23:27:07.7758145Z'
  ERROR: Build asset version error: assets/quentin/assets/images/menuiserie.jpg in SourceAssetDB has modification time of '2024-12-20T23:26:57.5868636Z' while content on disk has modification time of '2024-12-20T23:27:07.7758145Z'
Number of updated asset objects reloaded before import = 0
Number of asset objects unloaded after import = 0
========================================================================
Received Import Request.
  Time since last request: 0.019689 seconds.
  path: Assets/Quentin/Assets/images/menuiserie.jpg
  artifactKey: Guid(8583b73c1e913fa4bb19a9de289b754e) Importer(815301076,1909f56bfc062723c751e8b465ee728b)
Start importing Assets/Quentin/Assets/images/menuiserie.jpg using Guid(8583b73c1e913fa4bb19a9de289b754e) Importer(815301076,1909f56bfc062723c751e8b465ee728b)  -> (artifact id: '00000000000000000000000000000000') in 0.036479 seconds
Import Error Code:(4)
Message: Build asset version error: assets/quentin/assets/images/menuiserie.jpg in SourceAssetDB has modification time of '2024-12-20T23:26:57.5868636Z' while content on disk has modification time of '2024-12-20T23:27:07.7758145Z'
  ERROR: Build asset version error: assets/quentin/assets/images/menuiserie.jpg in SourceAssetDB has modification time of '2024-12-20T23:26:57.5868636Z' while content on disk has modification time of '2024-12-20T23:27:07.7758145Z'
Number of updated asset objects reloaded before import = 0
Number of asset objects unloaded after import = 0
========================================================================
Received Import Request.
  Time since last request: 0.001660 seconds.
  path: Assets/Quentin/Assets/images/menuiserie.jpg
  artifactKey: Guid(8583b73c1e913fa4bb19a9de289b754e) Importer(815301076,1909f56bfc062723c751e8b465ee728b)
Start importing Assets/Quentin/Assets/images/menuiserie.jpg using Guid(8583b73c1e913fa4bb19a9de289b754e) Importer(815301076,1909f56bfc062723c751e8b465ee728b)  -> (artifact id: '00000000000000000000000000000000') in 0.026837 seconds
Import Error Code:(4)
Message: Build asset version error: assets/quentin/assets/images/menuiserie.jpg in SourceAssetDB has modification time of '2024-12-20T23:26:57.5868636Z' while content on disk has modification time of '2024-12-20T23:27:07.7758145Z'
  ERROR: Build asset version error: assets/quentin/assets/images/menuiserie.jpg in SourceAssetDB has modification time of '2024-12-20T23:26:57.5868636Z' while content on disk has modification time of '2024-12-20T23:27:07.7758145Z'
Number of updated asset objects reloaded before import = 0
Number of asset objects unloaded after import = 0
========================================================================
Received Import Request.
  Time since last request: 0.022962 seconds.
  path: Assets/Quentin/Assets/images/menuiserie.jpg
  artifactKey: Guid(8583b73c1e913fa4bb19a9de289b754e) Importer(815301076,1909f56bfc062723c751e8b465ee728b)
Start importing Assets/Quentin/Assets/images/menuiserie.jpg using Guid(8583b73c1e913fa4bb19a9de289b754e) Importer(815301076,1909f56bfc062723c751e8b465ee728b)  -> (artifact id: '00000000000000000000000000000000') in 0.027990 seconds
Import Error Code:(4)
Message: Build asset version error: assets/quentin/assets/images/menuiserie.jpg in SourceAssetDB has modification time of '2024-12-20T23:26:57.5868636Z' while content on disk has modification time of '2024-12-20T23:27:07.7758145Z'
  ERROR: Build asset version error: assets/quentin/assets/images/menuiserie.jpg in SourceAssetDB has modification time of '2024-12-20T23:26:57.5868636Z' while content on disk has modification time of '2024-12-20T23:27:07.7758145Z'
Number of updated asset objects reloaded before import = 0
Number of asset objects unloaded after import = 0
========================================================================
Received Import Request.
  Time since last request: 0.012996 seconds.
  path: Assets/Quentin/Assets/images/menuiserie.jpg
  artifactKey: Guid(8583b73c1e913fa4bb19a9de289b754e) Importer(815301076,1909f56bfc062723c751e8b465ee728b)
Start importing Assets/Quentin/Assets/images/menuiserie.jpg using Guid(8583b73c1e913fa4bb19a9de289b754e) Importer(815301076,1909f56bfc062723c751e8b465ee728b)  -> (artifact id: '00000000000000000000000000000000') in 0.025885 seconds
Import Error Code:(4)
Message: Build asset version error: assets/quentin/assets/images/menuiserie.jpg in SourceAssetDB has modification time of '2024-12-20T23:26:57.5868636Z' while content on disk has modification time of '2024-12-20T23:27:07.7758145Z'
  ERROR: Build asset version error: assets/quentin/assets/images/menuiserie.jpg in SourceAssetDB has modification time of '2024-12-20T23:26:57.5868636Z' while content on disk has modification time of '2024-12-20T23:27:07.7758145Z'
Number of updated asset objects reloaded before import = 0
Number of asset objects unloaded after import = 0
========================================================================
Received Import Request.
  Time since last request: 0.014837 seconds.
  path: Assets/Quentin/Assets/images/menuiserie.jpg
  artifactKey: Guid(8583b73c1e913fa4bb19a9de289b754e) Importer(815301076,1909f56bfc062723c751e8b465ee728b)
Start importing Assets/Quentin/Assets/images/menuiserie.jpg using Guid(8583b73c1e913fa4bb19a9de289b754e) Importer(815301076,1909f56bfc062723c751e8b465ee728b)  -> (artifact id: '00000000000000000000000000000000') in 0.043268 seconds
Import Error Code:(4)
Message: Build asset version error: assets/quentin/assets/images/menuiserie.jpg in SourceAssetDB has modification time of '2024-12-20T23:26:57.5868636Z' while content on disk has modification time of '2024-12-20T23:27:07.7758145Z'
  ERROR: Build asset version error: assets/quentin/assets/images/menuiserie.jpg in SourceAssetDB has modification time of '2024-12-20T23:26:57.5868636Z' while content on disk has modification time of '2024-12-20T23:27:07.7758145Z'
Number of updated asset objects reloaded before import = 0
Number of asset objects unloaded after import = 0
========================================================================
Received Import Request.
  Time since last request: 0.003960 seconds.
  path: Assets/Quentin/Assets/images/menuiserie.jpg
  artifactKey: Guid(8583b73c1e913fa4bb19a9de289b754e) Importer(815301076,1909f56bfc062723c751e8b465ee728b)
Start importing Assets/Quentin/Assets/images/menuiserie.jpg using Guid(8583b73c1e913fa4bb19a9de289b754e) Importer(815301076,1909f56bfc062723c751e8b465ee728b)  -> (artifact id: '00000000000000000000000000000000') in 0.033394 seconds
Import Error Code:(4)
Message: Build asset version error: assets/quentin/assets/images/menuiserie.jpg in SourceAssetDB has modification time of '2024-12-20T23:26:57.5868636Z' while content on disk has modification time of '2024-12-20T23:27:07.7758145Z'
  ERROR: Build asset version error: assets/quentin/assets/images/menuiserie.jpg in SourceAssetDB has modification time of '2024-12-20T23:26:57.5868636Z' while content on disk has modification time of '2024-12-20T23:27:07.7758145Z'
Number of updated asset objects reloaded before import = 0
Number of asset objects unloaded after import = 0
========================================================================
Received Import Request.
  Time since last request: 0.013046 seconds.
  path: Assets/Quentin/Assets/images/menuiserie.jpg
  artifactKey: Guid(8583b73c1e913fa4bb19a9de289b754e) Importer(815301076,1909f56bfc062723c751e8b465ee728b)
Start importing Assets/Quentin/Assets/images/menuiserie.jpg using Guid(8583b73c1e913fa4bb19a9de289b754e) Importer(815301076,1909f56bfc062723c751e8b465ee728b)  -> (artifact id: '00000000000000000000000000000000') in 0.023564 seconds
Import Error Code:(4)
Message: Build asset version error: assets/quentin/assets/images/menuiserie.jpg in SourceAssetDB has modification time of '2024-12-20T23:26:57.5868636Z' while content on disk has modification time of '2024-12-20T23:27:07.7758145Z'
  ERROR: Build asset version error: assets/quentin/assets/images/menuiserie.jpg in SourceAssetDB has modification time of '2024-12-20T23:26:57.5868636Z' while content on disk has modification time of '2024-12-20T23:27:07.7758145Z'
Number of updated asset objects reloaded before import = 0
Number of asset objects unloaded after import = 0
========================================================================
Received Import Request.
  Time since last request: 0.017669 seconds.
  path: Assets/Quentin/Assets/images/menuiserie.jpg
  artifactKey: Guid(8583b73c1e913fa4bb19a9de289b754e) Importer(815301076,1909f56bfc062723c751e8b465ee728b)
Start importing Assets/Quentin/Assets/images/menuiserie.jpg using Guid(8583b73c1e913fa4bb19a9de289b754e) Importer(815301076,1909f56bfc062723c751e8b465ee728b)  -> (artifact id: '00000000000000000000000000000000') in 0.028132 seconds
Import Error Code:(4)
Message: Build asset version error: assets/quentin/assets/images/menuiserie.jpg in SourceAssetDB has modification time of '2024-12-20T23:26:57.5868636Z' while content on disk has modification time of '2024-12-20T23:27:07.7758145Z'
  ERROR: Build asset version error: assets/quentin/assets/images/menuiserie.jpg in SourceAssetDB has modification time of '2024-12-20T23:26:57.5868636Z' while content on disk has modification time of '2024-12-20T23:27:07.7758145Z'
Number of updated asset objects reloaded before import = 0
Number of asset objects unloaded after import = 0
========================================================================
Received Import Request.
  Time since last request: 0.003175 seconds.
  path: Assets/Quentin/Assets/images/menuiserie.jpg
  artifactKey: Guid(8583b73c1e913fa4bb19a9de289b754e) Importer(815301076,1909f56bfc062723c751e8b465ee728b)
Start importing Assets/Quentin/Assets/images/menuiserie.jpg using Guid(8583b73c1e913fa4bb19a9de289b754e) Importer(815301076,1909f56bfc062723c751e8b465ee728b)  -> (artifact id: '00000000000000000000000000000000') in 0.028835 seconds
Import Error Code:(4)
Message: Build asset version error: assets/quentin/assets/images/menuiserie.jpg in SourceAssetDB has modification time of '2024-12-20T23:26:57.5868636Z' while content on disk has modification time of '2024-12-20T23:27:07.7758145Z'
  ERROR: Build asset version error: assets/quentin/assets/images/menuiserie.jpg in SourceAssetDB has modification time of '2024-12-20T23:26:57.5868636Z' while content on disk has modification time of '2024-12-20T23:27:07.7758145Z'
Number of updated asset objects reloaded before import = 0
Number of asset objects unloaded after import = 0
========================================================================
Received Import Request.
  Time since last request: 0.004416 seconds.
  path: Assets/Quentin/Assets/images/menuiserie.jpg
  artifactKey: Guid(8583b73c1e913fa4bb19a9de289b754e) Importer(815301076,1909f56bfc062723c751e8b465ee728b)
Start importing Assets/Quentin/Assets/images/menuiserie.jpg using Guid(8583b73c1e913fa4bb19a9de289b754e) Importer(815301076,1909f56bfc062723c751e8b465ee728b)  -> (artifact id: '00000000000000000000000000000000') in 0.032821 seconds
Import Error Code:(4)
Message: Build asset version error: assets/quentin/assets/images/menuiserie.jpg in SourceAssetDB has modification time of '2024-12-20T23:26:57.5868636Z' while content on disk has modification time of '2024-12-20T23:27:07.7758145Z'
  ERROR: Build asset version error: assets/quentin/assets/images/menuiserie.jpg in SourceAssetDB has modification time of '2024-12-20T23:26:57.5868636Z' while content on disk has modification time of '2024-12-20T23:27:07.7758145Z'
Number of updated asset objects reloaded before import = 0
Number of asset objects unloaded after import = 0
========================================================================
Received Import Request.
  Time since last request: 0.004998 seconds.
  path: Assets/Quentin/Assets/images/menuiserie.jpg
  artifactKey: Guid(8583b73c1e913fa4bb19a9de289b754e) Importer(815301076,1909f56bfc062723c751e8b465ee728b)
Start importing Assets/Quentin/Assets/images/menuiserie.jpg using Guid(8583b73c1e913fa4bb19a9de289b754e) Importer(815301076,1909f56bfc062723c751e8b465ee728b)  -> (artifact id: '00000000000000000000000000000000') in 0.036222 seconds
Import Error Code:(4)
Message: Build asset version error: assets/quentin/assets/images/menuiserie.jpg in SourceAssetDB has modification time of '2024-12-20T23:26:57.5868636Z' while content on disk has modification time of '2024-12-20T23:27:07.7758145Z'
  ERROR: Build asset version error: assets/quentin/assets/images/menuiserie.jpg in SourceAssetDB has modification time of '2024-12-20T23:26:57.5868636Z' while content on disk has modification time of '2024-12-20T23:27:07.7758145Z'
Number of updated asset objects reloaded before import = 0
Number of asset objects unloaded after import = 0
========================================================================
Received Import Request.
  Time since last request: 0.012899 seconds.
  path: Assets/Quentin/Assets/images/menuiserie.jpg
  artifactKey: Guid(8583b73c1e913fa4bb19a9de289b754e) Importer(815301076,1909f56bfc062723c751e8b465ee728b)
Start importing Assets/Quentin/Assets/images/menuiserie.jpg using Guid(8583b73c1e913fa4bb19a9de289b754e) Importer(815301076,1909f56bfc062723c751e8b465ee728b)  -> (artifact id: '00000000000000000000000000000000') in 0.038547 seconds
Import Error Code:(4)
Message: Build asset version error: assets/quentin/assets/images/menuiserie.jpg in SourceAssetDB has modification time of '2024-12-20T23:26:57.5868636Z' while content on disk has modification time of '2024-12-20T23:27:07.7758145Z'
  ERROR: Build asset version error: assets/quentin/assets/images/menuiserie.jpg in SourceAssetDB has modification time of '2024-12-20T23:26:57.5868636Z' while content on disk has modification time of '2024-12-20T23:27:07.7758145Z'
Number of updated asset objects reloaded before import = 0
Number of asset objects unloaded after import = 0
========================================================================
Received Import Request.
  Time since last request: 0.014124 seconds.
  path: Assets/Quentin/Assets/images/menuiserie.jpg
  artifactKey: Guid(8583b73c1e913fa4bb19a9de289b754e) Importer(815301076,1909f56bfc062723c751e8b465ee728b)
Start importing Assets/Quentin/Assets/images/menuiserie.jpg using Guid(8583b73c1e913fa4bb19a9de289b754e) Importer(815301076,1909f56bfc062723c751e8b465ee728b)  -> (artifact id: '00000000000000000000000000000000') in 0.027828 seconds
Import Error Code:(4)
Message: Build asset version error: assets/quentin/assets/images/menuiserie.jpg in SourceAssetDB has modification time of '2024-12-20T23:26:57.5868636Z' while content on disk has modification time of '2024-12-20T23:27:07.7758145Z'
  ERROR: Build asset version error: assets/quentin/assets/images/menuiserie.jpg in SourceAssetDB has modification time of '2024-12-20T23:26:57.5868636Z' while content on disk has modification time of '2024-12-20T23:27:07.7758145Z'
Number of updated asset objects reloaded before import = 0
Number of asset objects unloaded after import = 0
========================================================================
Received Import Request.
  Time since last request: 0.008662 seconds.
  path: Assets/Quentin/Assets/images/menuiserie.jpg
  artifactKey: Guid(8583b73c1e913fa4bb19a9de289b754e) Importer(815301076,1909f56bfc062723c751e8b465ee728b)
Start importing Assets/Quentin/Assets/images/menuiserie.jpg using Guid(8583b73c1e913fa4bb19a9de289b754e) Importer(815301076,1909f56bfc062723c751e8b465ee728b)  -> (artifact id: '00000000000000000000000000000000') in 0.024555 seconds
Import Error Code:(4)
Message: Build asset version error: assets/quentin/assets/images/menuiserie.jpg in SourceAssetDB has modification time of '2024-12-20T23:26:57.5868636Z' while content on disk has modification time of '2024-12-20T23:27:07.7758145Z'
  ERROR: Build asset version error: assets/quentin/assets/images/menuiserie.jpg in SourceAssetDB has modification time of '2024-12-20T23:26:57.5868636Z' while content on disk has modification time of '2024-12-20T23:27:07.7758145Z'
Number of updated asset objects reloaded before import = 0
Number of asset objects unloaded after import = 0
========================================================================
Received Import Request.
  Time since last request: 0.031887 seconds.
  path: Assets/Quentin/Assets/images/menuiserie.jpg
  artifactKey: Guid(8583b73c1e913fa4bb19a9de289b754e) Importer(815301076,1909f56bfc062723c751e8b465ee728b)
Start importing Assets/Quentin/Assets/images/menuiserie.jpg using Guid(8583b73c1e913fa4bb19a9de289b754e) Importer(815301076,1909f56bfc062723c751e8b465ee728b)  -> (artifact id: '00000000000000000000000000000000') in 0.020499 seconds
Import Error Code:(4)
Message: Build asset version error: assets/quentin/assets/images/menuiserie.jpg in SourceAssetDB has modification time of '2024-12-20T23:26:57.5868636Z' while content on disk has modification time of '2024-12-20T23:27:07.7758145Z'
  ERROR: Build asset version error: assets/quentin/assets/images/menuiserie.jpg in SourceAssetDB has modification time of '2024-12-20T23:26:57.5868636Z' while content on disk has modification time of '2024-12-20T23:27:07.7758145Z'
Number of updated asset objects reloaded before import = 0
Number of asset objects unloaded after import = 0
========================================================================
Received Import Request.
  Time since last request: 0.020587 seconds.
  path: Assets/Quentin/Assets/images/menuiserie.jpg
  artifactKey: Guid(8583b73c1e913fa4bb19a9de289b754e) Importer(815301076,1909f56bfc062723c751e8b465ee728b)
Start importing Assets/Quentin/Assets/images/menuiserie.jpg using Guid(8583b73c1e913fa4bb19a9de289b754e) Importer(815301076,1909f56bfc062723c751e8b465ee728b)  -> (artifact id: '00000000000000000000000000000000') in 0.029362 seconds
Import Error Code:(4)
Message: Build asset version error: assets/quentin/assets/images/menuiserie.jpg in SourceAssetDB has modification time of '2024-12-20T23:26:57.5868636Z' while content on disk has modification time of '2024-12-20T23:27:07.7758145Z'
  ERROR: Build asset version error: assets/quentin/assets/images/menuiserie.jpg in SourceAssetDB has modification time of '2024-12-20T23:26:57.5868636Z' while content on disk has modification time of '2024-12-20T23:27:07.7758145Z'
Number of updated asset objects reloaded before import = 0
Number of asset objects unloaded after import = 0
========================================================================
Received Import Request.
  Time since last request: 0.016252 seconds.
  path: Assets/Quentin/Assets/images/menuiserie.jpg
  artifactKey: Guid(8583b73c1e913fa4bb19a9de289b754e) Importer(815301076,1909f56bfc062723c751e8b465ee728b)
Start importing Assets/Quentin/Assets/images/menuiserie.jpg using Guid(8583b73c1e913fa4bb19a9de289b754e) Importer(815301076,1909f56bfc062723c751e8b465ee728b)  -> (artifact id: '00000000000000000000000000000000') in 0.029232 seconds
Import Error Code:(4)
Message: Build asset version error: assets/quentin/assets/images/menuiserie.jpg in SourceAssetDB has modification time of '2024-12-20T23:26:57.5868636Z' while content on disk has modification time of '2024-12-20T23:27:07.7758145Z'
  ERROR: Build asset version error: assets/quentin/assets/images/menuiserie.jpg in SourceAssetDB has modification time of '2024-12-20T23:26:57.5868636Z' while content on disk has modification time of '2024-12-20T23:27:07.7758145Z'
Number of updated asset objects reloaded before import = 0
Number of asset objects unloaded after import = 0
========================================================================
Received Import Request.
  Time since last request: 0.031407 seconds.
  path: Assets/Quentin/Assets/images/menuiserie.jpg
  artifactKey: Guid(8583b73c1e913fa4bb19a9de289b754e) Importer(815301076,1909f56bfc062723c751e8b465ee728b)
Start importing Assets/Quentin/Assets/images/menuiserie.jpg using Guid(8583b73c1e913fa4bb19a9de289b754e) Importer(815301076,1909f56bfc062723c751e8b465ee728b)  -> (artifact id: '00000000000000000000000000000000') in 0.037332 seconds
Import Error Code:(4)
Message: Build asset version error: assets/quentin/assets/images/menuiserie.jpg in SourceAssetDB has modification time of '2024-12-20T23:26:57.5868636Z' while content on disk has modification time of '2024-12-20T23:27:07.7758145Z'
  ERROR: Build asset version error: assets/quentin/assets/images/menuiserie.jpg in SourceAssetDB has modification time of '2024-12-20T23:26:57.5868636Z' while content on disk has modification time of '2024-12-20T23:27:07.7758145Z'
Number of updated asset objects reloaded before import = 0
Number of asset objects unloaded after import = 0
========================================================================
Received Import Request.
  Time since last request: 0.006717 seconds.
  path: Assets/Quentin/Assets/images/menuiserie.jpg
  artifactKey: Guid(8583b73c1e913fa4bb19a9de289b754e) Importer(815301076,1909f56bfc062723c751e8b465ee728b)
Start importing Assets/Quentin/Assets/images/menuiserie.jpg using Guid(8583b73c1e913fa4bb19a9de289b754e) Importer(815301076,1909f56bfc062723c751e8b465ee728b)  -> (artifact id: '00000000000000000000000000000000') in 0.034091 seconds
Import Error Code:(4)
Message: Build asset version error: assets/quentin/assets/images/menuiserie.jpg in SourceAssetDB has modification time of '2024-12-20T23:26:57.5868636Z' while content on disk has modification time of '2024-12-20T23:27:07.7758145Z'
  ERROR: Build asset version error: assets/quentin/assets/images/menuiserie.jpg in SourceAssetDB has modification time of '2024-12-20T23:26:57.5868636Z' while content on disk has modification time of '2024-12-20T23:27:07.7758145Z'
Number of updated asset objects reloaded before import = 0
Number of asset objects unloaded after import = 0
========================================================================
Received Import Request.
  Time since last request: 0.008501 seconds.
  path: Assets/Quentin/Assets/images/menuiserie.jpg
  artifactKey: Guid(8583b73c1e913fa4bb19a9de289b754e) Importer(815301076,1909f56bfc062723c751e8b465ee728b)
Start importing Assets/Quentin/Assets/images/menuiserie.jpg using Guid(8583b73c1e913fa4bb19a9de289b754e) Importer(815301076,1909f56bfc062723c751e8b465ee728b)  -> (artifact id: '00000000000000000000000000000000') in 0.027156 seconds
Import Error Code:(4)
Message: Build asset version error: assets/quentin/assets/images/menuiserie.jpg in SourceAssetDB has modification time of '2024-12-20T23:26:57.5868636Z' while content on disk has modification time of '2024-12-20T23:27:07.7758145Z'
  ERROR: Build asset version error: assets/quentin/assets/images/menuiserie.jpg in SourceAssetDB has modification time of '2024-12-20T23:26:57.5868636Z' while content on disk has modification time of '2024-12-20T23:27:07.7758145Z'
Number of updated asset objects reloaded before import = 0
Number of asset objects unloaded after import = 0
========================================================================
Received Import Request.
  Time since last request: 0.007347 seconds.
  path: Assets/Quentin/Assets/images/menuiserie.jpg
  artifactKey: Guid(8583b73c1e913fa4bb19a9de289b754e) Importer(815301076,1909f56bfc062723c751e8b465ee728b)
Start importing Assets/Quentin/Assets/images/menuiserie.jpg using Guid(8583b73c1e913fa4bb19a9de289b754e) Importer(815301076,1909f56bfc062723c751e8b465ee728b)  -> (artifact id: '00000000000000000000000000000000') in 0.026236 seconds
Import Error Code:(4)
Message: Build asset version error: assets/quentin/assets/images/menuiserie.jpg in SourceAssetDB has modification time of '2024-12-20T23:26:57.5868636Z' while content on disk has modification time of '2024-12-20T23:27:07.7758145Z'
  ERROR: Build asset version error: assets/quentin/assets/images/menuiserie.jpg in SourceAssetDB has modification time of '2024-12-20T23:26:57.5868636Z' while content on disk has modification time of '2024-12-20T23:27:07.7758145Z'
Number of updated asset objects reloaded before import = 0
Number of asset objects unloaded after import = 0
========================================================================
Received Import Request.
  Time since last request: 0.019548 seconds.
  path: Assets/Quentin/Assets/images/menuiserie.jpg
  artifactKey: Guid(8583b73c1e913fa4bb19a9de289b754e) Importer(815301076,1909f56bfc062723c751e8b465ee728b)
Start importing Assets/Quentin/Assets/images/menuiserie.jpg using Guid(8583b73c1e913fa4bb19a9de289b754e) Importer(815301076,1909f56bfc062723c751e8b465ee728b)  -> (artifact id: '00000000000000000000000000000000') in 0.030951 seconds
Import Error Code:(4)
Message: Build asset version error: assets/quentin/assets/images/menuiserie.jpg in SourceAssetDB has modification time of '2024-12-20T23:26:57.5868636Z' while content on disk has modification time of '2024-12-20T23:27:07.7758145Z'
  ERROR: Build asset version error: assets/quentin/assets/images/menuiserie.jpg in SourceAssetDB has modification time of '2024-12-20T23:26:57.5868636Z' while content on disk has modification time of '2024-12-20T23:27:07.7758145Z'
Number of updated asset objects reloaded before import = 0
Number of asset objects unloaded after import = 0
========================================================================
Received Import Request.
  Time since last request: 0.010452 seconds.
  path: Assets/Quentin/Assets/images/menuiserie.jpg
  artifactKey: Guid(8583b73c1e913fa4bb19a9de289b754e) Importer(815301076,1909f56bfc062723c751e8b465ee728b)
Start importing Assets/Quentin/Assets/images/menuiserie.jpg using Guid(8583b73c1e913fa4bb19a9de289b754e) Importer(815301076,1909f56bfc062723c751e8b465ee728b)  -> (artifact id: '00000000000000000000000000000000') in 0.036669 seconds
Import Error Code:(4)
Message: Build asset version error: assets/quentin/assets/images/menuiserie.jpg in SourceAssetDB has modification time of '2024-12-20T23:26:57.5868636Z' while content on disk has modification time of '2024-12-20T23:27:07.7758145Z'
  ERROR: Build asset version error: assets/quentin/assets/images/menuiserie.jpg in SourceAssetDB has modification time of '2024-12-20T23:26:57.5868636Z' while content on disk has modification time of '2024-12-20T23:27:07.7758145Z'
Number of updated asset objects reloaded before import = 0
Number of asset objects unloaded after import = 0
========================================================================
Received Import Request.
  Time since last request: 0.005784 seconds.
  path: Assets/Quentin/Assets/images/menuiserie.jpg
  artifactKey: Guid(8583b73c1e913fa4bb19a9de289b754e) Importer(815301076,1909f56bfc062723c751e8b465ee728b)
Start importing Assets/Quentin/Assets/images/menuiserie.jpg using Guid(8583b73c1e913fa4bb19a9de289b754e) Importer(815301076,1909f56bfc062723c751e8b465ee728b)  -> (artifact id: '00000000000000000000000000000000') in 0.035144 seconds
Import Error Code:(4)
Message: Build asset version error: assets/quentin/assets/images/menuiserie.jpg in SourceAssetDB has modification time of '2024-12-20T23:26:57.5868636Z' while content on disk has modification time of '2024-12-20T23:27:07.7758145Z'
  ERROR: Build asset version error: assets/quentin/assets/images/menuiserie.jpg in SourceAssetDB has modification time of '2024-12-20T23:26:57.5868636Z' while content on disk has modification time of '2024-12-20T23:27:07.7758145Z'
Number of updated asset objects reloaded before import = 0
Number of asset objects unloaded after import = 0
========================================================================
Received Import Request.
  Time since last request: 0.006051 seconds.
  path: Assets/Quentin/Assets/images/menuiserie.jpg
  artifactKey: Guid(8583b73c1e913fa4bb19a9de289b754e) Importer(815301076,1909f56bfc062723c751e8b465ee728b)
Start importing Assets/Quentin/Assets/images/menuiserie.jpg using Guid(8583b73c1e913fa4bb19a9de289b754e) Importer(815301076,1909f56bfc062723c751e8b465ee728b)  -> (artifact id: '00000000000000000000000000000000') in 0.030183 seconds
Import Error Code:(4)
Message: Build asset version error: assets/quentin/assets/images/menuiserie.jpg in SourceAssetDB has modification time of '2024-12-20T23:26:57.5868636Z' while content on disk has modification time of '2024-12-20T23:27:07.7758145Z'
  ERROR: Build asset version error: assets/quentin/assets/images/menuiserie.jpg in SourceAssetDB has modification time of '2024-12-20T23:26:57.5868636Z' while content on disk has modification time of '2024-12-20T23:27:07.7758145Z'
Number of updated asset objects reloaded before import = 0
Number of asset objects unloaded after import = 0
========================================================================
Received Import Request.
  Time since last request: 0.004652 seconds.
  path: Assets/Quentin/Assets/images/menuiserie.jpg
  artifactKey: Guid(8583b73c1e913fa4bb19a9de289b754e) Importer(815301076,1909f56bfc062723c751e8b465ee728b)
Start importing Assets/Quentin/Assets/images/menuiserie.jpg using Guid(8583b73c1e913fa4bb19a9de289b754e) Importer(815301076,1909f56bfc062723c751e8b465ee728b)  -> (artifact id: '00000000000000000000000000000000') in 0.032209 seconds
Import Error Code:(4)
Message: Build asset version error: assets/quentin/assets/images/menuiserie.jpg in SourceAssetDB has modification time of '2024-12-20T23:26:57.5868636Z' while content on disk has modification time of '2024-12-20T23:27:07.7758145Z'
  ERROR: Build asset version error: assets/quentin/assets/images/menuiserie.jpg in SourceAssetDB has modification time of '2024-12-20T23:26:57.5868636Z' while content on disk has modification time of '2024-12-20T23:27:07.7758145Z'
Number of updated asset objects reloaded before import = 0
Number of asset objects unloaded after import = 0
========================================================================
Received Import Request.
  Time since last request: 0.012429 seconds.
  path: Assets/Quentin/Assets/images/menuiserie.jpg
  artifactKey: Guid(8583b73c1e913fa4bb19a9de289b754e) Importer(815301076,1909f56bfc062723c751e8b465ee728b)
Start importing Assets/Quentin/Assets/images/menuiserie.jpg using Guid(8583b73c1e913fa4bb19a9de289b754e) Importer(815301076,1909f56bfc062723c751e8b465ee728b)  -> (artifact id: '00000000000000000000000000000000') in 0.033775 seconds
Import Error Code:(4)
Message: Build asset version error: assets/quentin/assets/images/menuiserie.jpg in SourceAssetDB has modification time of '2024-12-20T23:26:57.5868636Z' while content on disk has modification time of '2024-12-20T23:27:07.7758145Z'
  ERROR: Build asset version error: assets/quentin/assets/images/menuiserie.jpg in SourceAssetDB has modification time of '2024-12-20T23:26:57.5868636Z' while content on disk has modification time of '2024-12-20T23:27:07.7758145Z'
Number of updated asset objects reloaded before import = 0
Number of asset objects unloaded after import = 0
========================================================================
Received Import Request.
  Time since last request: 0.003452 seconds.
  path: Assets/Quentin/Assets/images/menuiserie.jpg
  artifactKey: Guid(8583b73c1e913fa4bb19a9de289b754e) Importer(815301076,1909f56bfc062723c751e8b465ee728b)
Start importing Assets/Quentin/Assets/images/menuiserie.jpg using Guid(8583b73c1e913fa4bb19a9de289b754e) Importer(815301076,1909f56bfc062723c751e8b465ee728b)  -> (artifact id: '00000000000000000000000000000000') in 0.027885 seconds
Import Error Code:(4)
Message: Build asset version error: assets/quentin/assets/images/menuiserie.jpg in SourceAssetDB has modification time of '2024-12-20T23:26:57.5868636Z' while content on disk has modification time of '2024-12-20T23:27:07.7758145Z'
  ERROR: Build asset version error: assets/quentin/assets/images/menuiserie.jpg in SourceAssetDB has modification time of '2024-12-20T23:26:57.5868636Z' while content on disk has modification time of '2024-12-20T23:27:07.7758145Z'
Number of updated asset objects reloaded before import = 0
Number of asset objects unloaded after import = 0
========================================================================
Received Import Request.
  Time since last request: 0.009632 seconds.
  path: Assets/Quentin/Assets/images/menuiserie.jpg
  artifactKey: Guid(8583b73c1e913fa4bb19a9de289b754e) Importer(815301076,1909f56bfc062723c751e8b465ee728b)
Start importing Assets/Quentin/Assets/images/menuiserie.jpg using Guid(8583b73c1e913fa4bb19a9de289b754e) Importer(815301076,1909f56bfc062723c751e8b465ee728b)  -> (artifact id: '00000000000000000000000000000000') in 0.029341 seconds
Import Error Code:(4)
Message: Build asset version error: assets/quentin/assets/images/menuiserie.jpg in SourceAssetDB has modification time of '2024-12-20T23:26:57.5868636Z' while content on disk has modification time of '2024-12-20T23:27:07.7758145Z'
  ERROR: Build asset version error: assets/quentin/assets/images/menuiserie.jpg in SourceAssetDB has modification time of '2024-12-20T23:26:57.5868636Z' while content on disk has modification time of '2024-12-20T23:27:07.7758145Z'
Number of updated asset objects reloaded before import = 0
Number of asset objects unloaded after import = 0
========================================================================
Received Import Request.
  Time since last request: 0.016103 seconds.
  path: Assets/Quentin/Assets/images/menuiserie.jpg
  artifactKey: Guid(8583b73c1e913fa4bb19a9de289b754e) Importer(815301076,1909f56bfc062723c751e8b465ee728b)
Start importing Assets/Quentin/Assets/images/menuiserie.jpg using Guid(8583b73c1e913fa4bb19a9de289b754e) Importer(815301076,1909f56bfc062723c751e8b465ee728b)  -> (artifact id: '00000000000000000000000000000000') in 0.037711 seconds
Import Error Code:(4)
Message: Build asset version error: assets/quentin/assets/images/menuiserie.jpg in SourceAssetDB has modification time of '2024-12-20T23:26:57.5868636Z' while content on disk has modification time of '2024-12-20T23:27:07.7758145Z'
  ERROR: Build asset version error: assets/quentin/assets/images/menuiserie.jpg in SourceAssetDB has modification time of '2024-12-20T23:26:57.5868636Z' while content on disk has modification time of '2024-12-20T23:27:07.7758145Z'
Number of updated asset objects reloaded before import = 0
Number of asset objects unloaded after import = 0
========================================================================
Received Import Request.
  Time since last request: 0.015291 seconds.
  path: Assets/Quentin/Assets/images/menuiserie.jpg
  artifactKey: Guid(8583b73c1e913fa4bb19a9de289b754e) Importer(815301076,1909f56bfc062723c751e8b465ee728b)
Start importing Assets/Quentin/Assets/images/menuiserie.jpg using Guid(8583b73c1e913fa4bb19a9de289b754e) Importer(815301076,1909f56bfc062723c751e8b465ee728b)  -> (artifact id: '00000000000000000000000000000000') in 0.029746 seconds
Import Error Code:(4)
Message: Build asset version error: assets/quentin/assets/images/menuiserie.jpg in SourceAssetDB has modification time of '2024-12-20T23:26:57.5868636Z' while content on disk has modification time of '2024-12-20T23:27:07.7758145Z'
  ERROR: Build asset version error: assets/quentin/assets/images/menuiserie.jpg in SourceAssetDB has modification time of '2024-12-20T23:26:57.5868636Z' while content on disk has modification time of '2024-12-20T23:27:07.7758145Z'
Number of updated asset objects reloaded before import = 0
Number of asset objects unloaded after import = 0
========================================================================
Received Import Request.
  Time since last request: 0.003749 seconds.
  path: Assets/Quentin/Assets/images/menuiserie.jpg
  artifactKey: Guid(8583b73c1e913fa4bb19a9de289b754e) Importer(815301076,1909f56bfc062723c751e8b465ee728b)
Start importing Assets/Quentin/Assets/images/menuiserie.jpg using Guid(8583b73c1e913fa4bb19a9de289b754e) Importer(815301076,1909f56bfc062723c751e8b465ee728b)  -> (artifact id: '00000000000000000000000000000000') in 0.031146 seconds
Import Error Code:(4)
Message: Build asset version error: assets/quentin/assets/images/menuiserie.jpg in SourceAssetDB has modification time of '2024-12-20T23:26:57.5868636Z' while content on disk has modification time of '2024-12-20T23:27:07.7758145Z'
  ERROR: Build asset version error: assets/quentin/assets/images/menuiserie.jpg in SourceAssetDB has modification time of '2024-12-20T23:26:57.5868636Z' while content on disk has modification time of '2024-12-20T23:27:07.7758145Z'
Number of updated asset objects reloaded before import = 0
Number of asset objects unloaded after import = 0
========================================================================
Received Import Request.
  Time since last request: 0.004262 seconds.
  path: Assets/Quentin/Assets/images/menuiserie.jpg
  artifactKey: Guid(8583b73c1e913fa4bb19a9de289b754e) Importer(815301076,1909f56bfc062723c751e8b465ee728b)
Start importing Assets/Quentin/Assets/images/menuiserie.jpg using Guid(8583b73c1e913fa4bb19a9de289b754e) Importer(815301076,1909f56bfc062723c751e8b465ee728b)  -> (artifact id: '00000000000000000000000000000000') in 0.031300 seconds
Import Error Code:(4)
Message: Build asset version error: assets/quentin/assets/images/menuiserie.jpg in SourceAssetDB has modification time of '2024-12-20T23:26:57.5868636Z' while content on disk has modification time of '2024-12-20T23:27:07.7758145Z'
  ERROR: Build asset version error: assets/quentin/assets/images/menuiserie.jpg in SourceAssetDB has modification time of '2024-12-20T23:26:57.5868636Z' while content on disk has modification time of '2024-12-20T23:27:07.7758145Z'
Number of updated asset objects reloaded before import = 0
Number of asset objects unloaded after import = 0
========================================================================
Received Import Request.
  Time since last request: 0.010819 seconds.
  path: Assets/Quentin/Assets/images/menuiserie.jpg
  artifactKey: Guid(8583b73c1e913fa4bb19a9de289b754e) Importer(815301076,1909f56bfc062723c751e8b465ee728b)
Start importing Assets/Quentin/Assets/images/menuiserie.jpg using Guid(8583b73c1e913fa4bb19a9de289b754e) Importer(815301076,1909f56bfc062723c751e8b465ee728b)  -> (artifact id: '00000000000000000000000000000000') in 0.026324 seconds
Import Error Code:(4)
Message: Build asset version error: assets/quentin/assets/images/menuiserie.jpg in SourceAssetDB has modification time of '2024-12-20T23:26:57.5868636Z' while content on disk has modification time of '2024-12-20T23:27:07.7758145Z'
  ERROR: Build asset version error: assets/quentin/assets/images/menuiserie.jpg in SourceAssetDB has modification time of '2024-12-20T23:26:57.5868636Z' while content on disk has modification time of '2024-12-20T23:27:07.7758145Z'
Number of updated asset objects reloaded before import = 0
Number of asset objects unloaded after import = 0
========================================================================
Received Import Request.
  Time since last request: 0.013385 seconds.
  path: Assets/Quentin/Assets/images/menuiserie.jpg
  artifactKey: Guid(8583b73c1e913fa4bb19a9de289b754e) Importer(815301076,1909f56bfc062723c751e8b465ee728b)
Start importing Assets/Quentin/Assets/images/menuiserie.jpg using Guid(8583b73c1e913fa4bb19a9de289b754e) Importer(815301076,1909f56bfc062723c751e8b465ee728b)  -> (artifact id: '00000000000000000000000000000000') in 0.035595 seconds
Import Error Code:(4)
Message: Build asset version error: assets/quentin/assets/images/menuiserie.jpg in SourceAssetDB has modification time of '2024-12-20T23:26:57.5868636Z' while content on disk has modification time of '2024-12-20T23:27:07.7758145Z'
  ERROR: Build asset version error: assets/quentin/assets/images/menuiserie.jpg in SourceAssetDB has modification time of '2024-12-20T23:26:57.5868636Z' while content on disk has modification time of '2024-12-20T23:27:07.7758145Z'
Number of updated asset objects reloaded before import = 0
Number of asset objects unloaded after import = 0
========================================================================
Received Import Request.
  Time since last request: 0.011192 seconds.
  path: Assets/Quentin/Assets/images/menuiserie.jpg
  artifactKey: Guid(8583b73c1e913fa4bb19a9de289b754e) Importer(815301076,1909f56bfc062723c751e8b465ee728b)
Start importing Assets/Quentin/Assets/images/menuiserie.jpg using Guid(8583b73c1e913fa4bb19a9de289b754e) Importer(815301076,1909f56bfc062723c751e8b465ee728b)  -> (artifact id: '00000000000000000000000000000000') in 0.034918 seconds
Import Error Code:(4)
Message: Build asset version error: assets/quentin/assets/images/menuiserie.jpg in SourceAssetDB has modification time of '2024-12-20T23:26:57.5868636Z' while content on disk has modification time of '2024-12-20T23:27:07.7758145Z'
  ERROR: Build asset version error: assets/quentin/assets/images/menuiserie.jpg in SourceAssetDB has modification time of '2024-12-20T23:26:57.5868636Z' while content on disk has modification time of '2024-12-20T23:27:07.7758145Z'
Number of updated asset objects reloaded before import = 0
Number of asset objects unloaded after import = 0
========================================================================
Received Import Request.
  Time since last request: 0.004462 seconds.
  path: Assets/Quentin/Assets/images/menuiserie.jpg
  artifactKey: Guid(8583b73c1e913fa4bb19a9de289b754e) Importer(815301076,1909f56bfc062723c751e8b465ee728b)
Start importing Assets/Quentin/Assets/images/menuiserie.jpg using Guid(8583b73c1e913fa4bb19a9de289b754e) Importer(815301076,1909f56bfc062723c751e8b465ee728b)  -> (artifact id: '00000000000000000000000000000000') in 0.033671 seconds
Import Error Code:(4)
Message: Build asset version error: assets/quentin/assets/images/menuiserie.jpg in SourceAssetDB has modification time of '2024-12-20T23:26:57.5868636Z' while content on disk has modification time of '2024-12-20T23:27:07.7758145Z'
  ERROR: Build asset version error: assets/quentin/assets/images/menuiserie.jpg in SourceAssetDB has modification time of '2024-12-20T23:26:57.5868636Z' while content on disk has modification time of '2024-12-20T23:27:07.7758145Z'
Number of updated asset objects reloaded before import = 0
Number of asset objects unloaded after import = 0
========================================================================
Received Import Request.
  Time since last request: 0.009654 seconds.
  path: Assets/Quentin/Assets/images/menuiserie.jpg
  artifactKey: Guid(8583b73c1e913fa4bb19a9de289b754e) Importer(815301076,1909f56bfc062723c751e8b465ee728b)
Start importing Assets/Quentin/Assets/images/menuiserie.jpg using Guid(8583b73c1e913fa4bb19a9de289b754e) Importer(815301076,1909f56bfc062723c751e8b465ee728b)  -> (artifact id: '00000000000000000000000000000000') in 0.036332 seconds
Import Error Code:(4)
Message: Build asset version error: assets/quentin/assets/images/menuiserie.jpg in SourceAssetDB has modification time of '2024-12-20T23:26:57.5868636Z' while content on disk has modification time of '2024-12-20T23:27:07.7758145Z'
  ERROR: Build asset version error: assets/quentin/assets/images/menuiserie.jpg in SourceAssetDB has modification time of '2024-12-20T23:26:57.5868636Z' while content on disk has modification time of '2024-12-20T23:27:07.7758145Z'
Number of updated asset objects reloaded before import = 0
Number of asset objects unloaded after import = 0
========================================================================
Received Import Request.
  Time since last request: 0.005741 seconds.
  path: Assets/Quentin/Assets/images/menuiserie.jpg
  artifactKey: Guid(8583b73c1e913fa4bb19a9de289b754e) Importer(815301076,1909f56bfc062723c751e8b465ee728b)
Start importing Assets/Quentin/Assets/images/menuiserie.jpg using Guid(8583b73c1e913fa4bb19a9de289b754e) Importer(815301076,1909f56bfc062723c751e8b465ee728b)  -> (artifact id: '00000000000000000000000000000000') in 0.033512 seconds
Import Error Code:(4)
Message: Build asset version error: assets/quentin/assets/images/menuiserie.jpg in SourceAssetDB has modification time of '2024-12-20T23:26:57.5868636Z' while content on disk has modification time of '2024-12-20T23:27:07.7758145Z'
  ERROR: Build asset version error: assets/quentin/assets/images/menuiserie.jpg in SourceAssetDB has modification time of '2024-12-20T23:26:57.5868636Z' while content on disk has modification time of '2024-12-20T23:27:07.7758145Z'
Number of updated asset objects reloaded before import = 0
Number of asset objects unloaded after import = 0
========================================================================
Received Import Request.
  Time since last request: 0.007081 seconds.
  path: Assets/Quentin/Assets/images/menuiserie.jpg
  artifactKey: Guid(8583b73c1e913fa4bb19a9de289b754e) Importer(815301076,1909f56bfc062723c751e8b465ee728b)
Start importing Assets/Quentin/Assets/images/menuiserie.jpg using Guid(8583b73c1e913fa4bb19a9de289b754e) Importer(815301076,1909f56bfc062723c751e8b465ee728b)  -> (artifact id: '00000000000000000000000000000000') in 0.029517 seconds
Import Error Code:(4)
Message: Build asset version error: assets/quentin/assets/images/menuiserie.jpg in SourceAssetDB has modification time of '2024-12-20T23:26:57.5868636Z' while content on disk has modification time of '2024-12-20T23:27:07.7758145Z'
  ERROR: Build asset version error: assets/quentin/assets/images/menuiserie.jpg in SourceAssetDB has modification time of '2024-12-20T23:26:57.5868636Z' while content on disk has modification time of '2024-12-20T23:27:07.7758145Z'
Number of updated asset objects reloaded before import = 0
Number of asset objects unloaded after import = 0
========================================================================
Received Import Request.
  Time since last request: 0.004416 seconds.
  path: Assets/Quentin/Assets/images/menuiserie.jpg
  artifactKey: Guid(8583b73c1e913fa4bb19a9de289b754e) Importer(815301076,1909f56bfc062723c751e8b465ee728b)
Start importing Assets/Quentin/Assets/images/menuiserie.jpg using Guid(8583b73c1e913fa4bb19a9de289b754e) Importer(815301076,1909f56bfc062723c751e8b465ee728b)  -> (artifact id: '00000000000000000000000000000000') in 0.034760 seconds
Import Error Code:(4)
Message: Build asset version error: assets/quentin/assets/images/menuiserie.jpg in SourceAssetDB has modification time of '2024-12-20T23:26:57.5868636Z' while content on disk has modification time of '2024-12-20T23:27:07.7758145Z'
  ERROR: Build asset version error: assets/quentin/assets/images/menuiserie.jpg in SourceAssetDB has modification time of '2024-12-20T23:26:57.5868636Z' while content on disk has modification time of '2024-12-20T23:27:07.7758145Z'
Number of updated asset objects reloaded before import = 0
Number of asset objects unloaded after import = 0
========================================================================
Received Import Request.
  Time since last request: 0.007505 seconds.
  path: Assets/Quentin/Assets/images/menuiserie.jpg
  artifactKey: Guid(8583b73c1e913fa4bb19a9de289b754e) Importer(815301076,1909f56bfc062723c751e8b465ee728b)
Start importing Assets/Quentin/Assets/images/menuiserie.jpg using Guid(8583b73c1e913fa4bb19a9de289b754e) Importer(815301076,1909f56bfc062723c751e8b465ee728b)  -> (artifact id: '00000000000000000000000000000000') in 0.036665 seconds
Import Error Code:(4)
Message: Build asset version error: assets/quentin/assets/images/menuiserie.jpg in SourceAssetDB has modification time of '2024-12-20T23:26:57.5868636Z' while content on disk has modification time of '2024-12-20T23:27:07.7758145Z'
  ERROR: Build asset version error: assets/quentin/assets/images/menuiserie.jpg in SourceAssetDB has modification time of '2024-12-20T23:26:57.5868636Z' while content on disk has modification time of '2024-12-20T23:27:07.7758145Z'
Number of updated asset objects reloaded before import = 0
Number of asset objects unloaded after import = 0
========================================================================
Received Import Request.
  Time since last request: 0.005489 seconds.
  path: Assets/Quentin/Assets/images/menuiserie.jpg
  artifactKey: Guid(8583b73c1e913fa4bb19a9de289b754e) Importer(815301076,1909f56bfc062723c751e8b465ee728b)
Start importing Assets/Quentin/Assets/images/menuiserie.jpg using Guid(8583b73c1e913fa4bb19a9de289b754e) Importer(815301076,1909f56bfc062723c751e8b465ee728b)  -> (artifact id: '00000000000000000000000000000000') in 0.032397 seconds
Import Error Code:(4)
Message: Build asset version error: assets/quentin/assets/images/menuiserie.jpg in SourceAssetDB has modification time of '2024-12-20T23:26:57.5868636Z' while content on disk has modification time of '2024-12-20T23:27:07.7758145Z'
  ERROR: Build asset version error: assets/quentin/assets/images/menuiserie.jpg in SourceAssetDB has modification time of '2024-12-20T23:26:57.5868636Z' while content on disk has modification time of '2024-12-20T23:27:07.7758145Z'
Number of updated asset objects reloaded before import = 0
Number of asset objects unloaded after import = 0
========================================================================
Received Import Request.
  Time since last request: 0.008405 seconds.
  path: Assets/Quentin/Assets/images/menuiserie.jpg
  artifactKey: Guid(8583b73c1e913fa4bb19a9de289b754e) Importer(815301076,1909f56bfc062723c751e8b465ee728b)
Start importing Assets/Quentin/Assets/images/menuiserie.jpg using Guid(8583b73c1e913fa4bb19a9de289b754e) Importer(815301076,1909f56bfc062723c751e8b465ee728b)  -> (artifact id: '00000000000000000000000000000000') in 0.033182 seconds
Import Error Code:(4)
Message: Build asset version error: assets/quentin/assets/images/menuiserie.jpg in SourceAssetDB has modification time of '2024-12-20T23:26:57.5868636Z' while content on disk has modification time of '2024-12-20T23:27:07.7758145Z'
  ERROR: Build asset version error: assets/quentin/assets/images/menuiserie.jpg in SourceAssetDB has modification time of '2024-12-20T23:26:57.5868636Z' while content on disk has modification time of '2024-12-20T23:27:07.7758145Z'
Number of updated asset objects reloaded before import = 0
Number of asset objects unloaded after import = 0
========================================================================
Received Import Request.
  Time since last request: 0.004196 seconds.
  path: Assets/Quentin/Assets/images/menuiserie.jpg
  artifactKey: Guid(8583b73c1e913fa4bb19a9de289b754e) Importer(815301076,1909f56bfc062723c751e8b465ee728b)
Start importing Assets/Quentin/Assets/images/menuiserie.jpg using Guid(8583b73c1e913fa4bb19a9de289b754e) Importer(815301076,1909f56bfc062723c751e8b465ee728b)  -> (artifact id: '00000000000000000000000000000000') in 0.032567 seconds
Import Error Code:(4)
Message: Build asset version error: assets/quentin/assets/images/menuiserie.jpg in SourceAssetDB has modification time of '2024-12-20T23:26:57.5868636Z' while content on disk has modification time of '2024-12-20T23:27:07.7758145Z'
  ERROR: Build asset version error: assets/quentin/assets/images/menuiserie.jpg in SourceAssetDB has modification time of '2024-12-20T23:26:57.5868636Z' while content on disk has modification time of '2024-12-20T23:27:07.7758145Z'
Number of updated asset objects reloaded before import = 0
Number of asset objects unloaded after import = 0
========================================================================
Received Import Request.
  Time since last request: 0.005513 seconds.
  path: Assets/Quentin/Assets/images/menuiserie.jpg
  artifactKey: Guid(8583b73c1e913fa4bb19a9de289b754e) Importer(815301076,1909f56bfc062723c751e8b465ee728b)
Start importing Assets/Quentin/Assets/images/menuiserie.jpg using Guid(8583b73c1e913fa4bb19a9de289b754e) Importer(815301076,1909f56bfc062723c751e8b465ee728b)  -> (artifact id: '00000000000000000000000000000000') in 0.037063 seconds
Import Error Code:(4)
Message: Build asset version error: assets/quentin/assets/images/menuiserie.jpg in SourceAssetDB has modification time of '2024-12-20T23:26:57.5868636Z' while content on disk has modification time of '2024-12-20T23:27:07.7758145Z'
  ERROR: Build asset version error: assets/quentin/assets/images/menuiserie.jpg in SourceAssetDB has modification time of '2024-12-20T23:26:57.5868636Z' while content on disk has modification time of '2024-12-20T23:27:07.7758145Z'
Number of updated asset objects reloaded before import = 0
Number of asset objects unloaded after import = 0
========================================================================
Received Import Request.
  Time since last request: 0.009546 seconds.
  path: Assets/Quentin/Assets/images/menuiserie.jpg
  artifactKey: Guid(8583b73c1e913fa4bb19a9de289b754e) Importer(815301076,1909f56bfc062723c751e8b465ee728b)
Start importing Assets/Quentin/Assets/images/menuiserie.jpg using Guid(8583b73c1e913fa4bb19a9de289b754e) Importer(815301076,1909f56bfc062723c751e8b465ee728b)  -> (artifact id: '00000000000000000000000000000000') in 0.033290 seconds
Import Error Code:(4)
Message: Build asset version error: assets/quentin/assets/images/menuiserie.jpg in SourceAssetDB has modification time of '2024-12-20T23:26:57.5868636Z' while content on disk has modification time of '2024-12-20T23:27:07.7758145Z'
  ERROR: Build asset version error: assets/quentin/assets/images/menuiserie.jpg in SourceAssetDB has modification time of '2024-12-20T23:26:57.5868636Z' while content on disk has modification time of '2024-12-20T23:27:07.7758145Z'
Number of updated asset objects reloaded before import = 0
Number of asset objects unloaded after import = 0
========================================================================
Received Import Request.
  Time since last request: 0.007932 seconds.
  path: Assets/Quentin/Assets/images/menuiserie.jpg
  artifactKey: Guid(8583b73c1e913fa4bb19a9de289b754e) Importer(815301076,1909f56bfc062723c751e8b465ee728b)
Start importing Assets/Quentin/Assets/images/menuiserie.jpg using Guid(8583b73c1e913fa4bb19a9de289b754e) Importer(815301076,1909f56bfc062723c751e8b465ee728b)  -> (artifact id: '00000000000000000000000000000000') in 0.040695 seconds
Import Error Code:(4)
Message: Build asset version error: assets/quentin/assets/images/menuiserie.jpg in SourceAssetDB has modification time of '2024-12-20T23:26:57.5868636Z' while content on disk has modification time of '2024-12-20T23:27:07.7758145Z'
  ERROR: Build asset version error: assets/quentin/assets/images/menuiserie.jpg in SourceAssetDB has modification time of '2024-12-20T23:26:57.5868636Z' while content on disk has modification time of '2024-12-20T23:27:07.7758145Z'
Number of updated asset objects reloaded before import = 0
Number of asset objects unloaded after import = 0
========================================================================
Received Import Request.
  Time since last request: 0.000955 seconds.
  path: Assets/Quentin/Assets/images/menuiserie.jpg
  artifactKey: Guid(8583b73c1e913fa4bb19a9de289b754e) Importer(815301076,1909f56bfc062723c751e8b465ee728b)
Start importing Assets/Quentin/Assets/images/menuiserie.jpg using Guid(8583b73c1e913fa4bb19a9de289b754e) Importer(815301076,1909f56bfc062723c751e8b465ee728b)  -> (artifact id: '00000000000000000000000000000000') in 0.033388 seconds
Import Error Code:(4)
Message: Build asset version error: assets/quentin/assets/images/menuiserie.jpg in SourceAssetDB has modification time of '2024-12-20T23:26:57.5868636Z' while content on disk has modification time of '2024-12-20T23:27:07.7758145Z'
  ERROR: Build asset version error: assets/quentin/assets/images/menuiserie.jpg in SourceAssetDB has modification time of '2024-12-20T23:26:57.5868636Z' while content on disk has modification time of '2024-12-20T23:27:07.7758145Z'
Number of updated asset objects reloaded before import = 0
Number of asset objects unloaded after import = 0
========================================================================
Received Import Request.
  Time since last request: 0.017685 seconds.
  path: Assets/Quentin/Assets/images/menuiserie.jpg
  artifactKey: Guid(8583b73c1e913fa4bb19a9de289b754e) Importer(815301076,1909f56bfc062723c751e8b465ee728b)
Start importing Assets/Quentin/Assets/images/menuiserie.jpg using Guid(8583b73c1e913fa4bb19a9de289b754e) Importer(815301076,1909f56bfc062723c751e8b465ee728b)  -> (artifact id: '00000000000000000000000000000000') in 0.029614 seconds
Import Error Code:(4)
Message: Build asset version error: assets/quentin/assets/images/menuiserie.jpg in SourceAssetDB has modification time of '2024-12-20T23:26:57.5868636Z' while content on disk has modification time of '2024-12-20T23:27:07.7758145Z'
  ERROR: Build asset version error: assets/quentin/assets/images/menuiserie.jpg in SourceAssetDB has modification time of '2024-12-20T23:26:57.5868636Z' while content on disk has modification time of '2024-12-20T23:27:07.7758145Z'
Number of updated asset objects reloaded before import = 0
Number of asset objects unloaded after import = 0
========================================================================
Received Import Request.
  Time since last request: 0.004713 seconds.
  path: Assets/Quentin/Assets/images/menuiserie.jpg
  artifactKey: Guid(8583b73c1e913fa4bb19a9de289b754e) Importer(815301076,1909f56bfc062723c751e8b465ee728b)
Start importing Assets/Quentin/Assets/images/menuiserie.jpg using Guid(8583b73c1e913fa4bb19a9de289b754e) Importer(815301076,1909f56bfc062723c751e8b465ee728b)  -> (artifact id: '00000000000000000000000000000000') in 0.034871 seconds
Import Error Code:(4)
Message: Build asset version error: assets/quentin/assets/images/menuiserie.jpg in SourceAssetDB has modification time of '2024-12-20T23:26:57.5868636Z' while content on disk has modification time of '2024-12-20T23:27:07.7758145Z'
  ERROR: Build asset version error: assets/quentin/assets/images/menuiserie.jpg in SourceAssetDB has modification time of '2024-12-20T23:26:57.5868636Z' while content on disk has modification time of '2024-12-20T23:27:07.7758145Z'
Number of updated asset objects reloaded before import = 0
Number of asset objects unloaded after import = 0
========================================================================
Received Import Request.
  Time since last request: 0.004757 seconds.
  path: Assets/Quentin/Assets/images/menuiserie.jpg
  artifactKey: Guid(8583b73c1e913fa4bb19a9de289b754e) Importer(815301076,1909f56bfc062723c751e8b465ee728b)
Start importing Assets/Quentin/Assets/images/menuiserie.jpg using Guid(8583b73c1e913fa4bb19a9de289b754e) Importer(815301076,1909f56bfc062723c751e8b465ee728b)  -> (artifact id: '00000000000000000000000000000000') in 0.037004 seconds
Import Error Code:(4)
Message: Build asset version error: assets/quentin/assets/images/menuiserie.jpg in SourceAssetDB has modification time of '2024-12-20T23:26:57.5868636Z' while content on disk has modification time of '2024-12-20T23:27:07.7758145Z'
  ERROR: Build asset version error: assets/quentin/assets/images/menuiserie.jpg in SourceAssetDB has modification time of '2024-12-20T23:26:57.5868636Z' while content on disk has modification time of '2024-12-20T23:27:07.7758145Z'
Number of updated asset objects reloaded before import = 0
Number of asset objects unloaded after import = 0
========================================================================
Received Import Request.
  Time since last request: 0.008386 seconds.
  path: Assets/Quentin/Assets/images/menuiserie.jpg
  artifactKey: Guid(8583b73c1e913fa4bb19a9de289b754e) Importer(815301076,1909f56bfc062723c751e8b465ee728b)
Start importing Assets/Quentin/Assets/images/menuiserie.jpg using Guid(8583b73c1e913fa4bb19a9de289b754e) Importer(815301076,1909f56bfc062723c751e8b465ee728b)  -> (artifact id: '00000000000000000000000000000000') in 0.028589 seconds
Import Error Code:(4)
Message: Build asset version error: assets/quentin/assets/images/menuiserie.jpg in SourceAssetDB has modification time of '2024-12-20T23:26:57.5868636Z' while content on disk has modification time of '2024-12-20T23:27:07.7758145Z'
  ERROR: Build asset version error: assets/quentin/assets/images/menuiserie.jpg in SourceAssetDB has modification time of '2024-12-20T23:26:57.5868636Z' while content on disk has modification time of '2024-12-20T23:27:07.7758145Z'
Number of updated asset objects reloaded before import = 0
Number of asset objects unloaded after import = 0
========================================================================
Received Import Request.
  Time since last request: 0.007921 seconds.
  path: Assets/Quentin/Assets/images/menuiserie.jpg
  artifactKey: Guid(8583b73c1e913fa4bb19a9de289b754e) Importer(815301076,1909f56bfc062723c751e8b465ee728b)
Start importing Assets/Quentin/Assets/images/menuiserie.jpg using Guid(8583b73c1e913fa4bb19a9de289b754e) Importer(815301076,1909f56bfc062723c751e8b465ee728b)  -> (artifact id: '00000000000000000000000000000000') in 0.037269 seconds
Import Error Code:(4)
Message: Build asset version error: assets/quentin/assets/images/menuiserie.jpg in SourceAssetDB has modification time of '2024-12-20T23:26:57.5868636Z' while content on disk has modification time of '2024-12-20T23:27:07.7758145Z'
  ERROR: Build asset version error: assets/quentin/assets/images/menuiserie.jpg in SourceAssetDB has modification time of '2024-12-20T23:26:57.5868636Z' while content on disk has modification time of '2024-12-20T23:27:07.7758145Z'
Number of updated asset objects reloaded before import = 0
Number of asset objects unloaded after import = 0
========================================================================
Received Import Request.
  Time since last request: 0.004368 seconds.
  path: Assets/Quentin/Assets/images/menuiserie.jpg
  artifactKey: Guid(8583b73c1e913fa4bb19a9de289b754e) Importer(815301076,1909f56bfc062723c751e8b465ee728b)
Start importing Assets/Quentin/Assets/images/menuiserie.jpg using Guid(8583b73c1e913fa4bb19a9de289b754e) Importer(815301076,1909f56bfc062723c751e8b465ee728b)  -> (artifact id: '00000000000000000000000000000000') in 0.033783 seconds
Import Error Code:(4)
Message: Build asset version error: assets/quentin/assets/images/menuiserie.jpg in SourceAssetDB has modification time of '2024-12-20T23:26:57.5868636Z' while content on disk has modification time of '2024-12-20T23:27:07.7758145Z'
  ERROR: Build asset version error: assets/quentin/assets/images/menuiserie.jpg in SourceAssetDB has modification time of '2024-12-20T23:26:57.5868636Z' while content on disk has modification time of '2024-12-20T23:27:07.7758145Z'
Number of updated asset objects reloaded before import = 0
Number of asset objects unloaded after import = 0
========================================================================
Received Import Request.
  Time since last request: 0.027114 seconds.
  path: Assets/Quentin/Assets/images/menuiserie.jpg
  artifactKey: Guid(8583b73c1e913fa4bb19a9de289b754e) Importer(815301076,1909f56bfc062723c751e8b465ee728b)
Start importing Assets/Quentin/Assets/images/menuiserie.jpg using Guid(8583b73c1e913fa4bb19a9de289b754e) Importer(815301076,1909f56bfc062723c751e8b465ee728b)  -> (artifact id: '00000000000000000000000000000000') in 0.029601 seconds
Import Error Code:(4)
Message: Build asset version error: assets/quentin/assets/images/menuiserie.jpg in SourceAssetDB has modification time of '2024-12-20T23:26:57.5868636Z' while content on disk has modification time of '2024-12-20T23:27:07.7758145Z'
  ERROR: Build asset version error: assets/quentin/assets/images/menuiserie.jpg in SourceAssetDB has modification time of '2024-12-20T23:26:57.5868636Z' while content on disk has modification time of '2024-12-20T23:27:07.7758145Z'
Number of updated asset objects reloaded before import = 0
Number of asset objects unloaded after import = 0
========================================================================
Received Import Request.
  Time since last request: 0.013441 seconds.
  path: Assets/Quentin/Assets/images/menuiserie.jpg
  artifactKey: Guid(8583b73c1e913fa4bb19a9de289b754e) Importer(815301076,1909f56bfc062723c751e8b465ee728b)
Start importing Assets/Quentin/Assets/images/menuiserie.jpg using Guid(8583b73c1e913fa4bb19a9de289b754e) Importer(815301076,1909f56bfc062723c751e8b465ee728b)  -> (artifact id: '00000000000000000000000000000000') in 0.022784 seconds
Import Error Code:(4)
Message: Build asset version error: assets/quentin/assets/images/menuiserie.jpg in SourceAssetDB has modification time of '2024-12-20T23:26:57.5868636Z' while content on disk has modification time of '2024-12-20T23:27:07.7758145Z'
  ERROR: Build asset version error: assets/quentin/assets/images/menuiserie.jpg in SourceAssetDB has modification time of '2024-12-20T23:26:57.5868636Z' while content on disk has modification time of '2024-12-20T23:27:07.7758145Z'
Number of updated asset objects reloaded before import = 0
Number of asset objects unloaded after import = 0
========================================================================
Received Import Request.
  Time since last request: 0.033817 seconds.
  path: Assets/Quentin/Assets/images/menuiserie.jpg
  artifactKey: Guid(8583b73c1e913fa4bb19a9de289b754e) Importer(815301076,1909f56bfc062723c751e8b465ee728b)
Start importing Assets/Quentin/Assets/images/menuiserie.jpg using Guid(8583b73c1e913fa4bb19a9de289b754e) Importer(815301076,1909f56bfc062723c751e8b465ee728b)  -> (artifact id: '00000000000000000000000000000000') in 0.025644 seconds
Import Error Code:(4)
Message: Build asset version error: assets/quentin/assets/images/menuiserie.jpg in SourceAssetDB has modification time of '2024-12-20T23:26:57.5868636Z' while content on disk has modification time of '2024-12-20T23:27:07.7758145Z'
  ERROR: Build asset version error: assets/quentin/assets/images/menuiserie.jpg in SourceAssetDB has modification time of '2024-12-20T23:26:57.5868636Z' while content on disk has modification time of '2024-12-20T23:27:07.7758145Z'
Number of updated asset objects reloaded before import = 0
Number of asset objects unloaded after import = 0
========================================================================
Received Import Request.
  Time since last request: 0.004761 seconds.
  path: Assets/Quentin/Assets/images/menuiserie.jpg
  artifactKey: Guid(8583b73c1e913fa4bb19a9de289b754e) Importer(815301076,1909f56bfc062723c751e8b465ee728b)
Start importing Assets/Quentin/Assets/images/menuiserie.jpg using Guid(8583b73c1e913fa4bb19a9de289b754e) Importer(815301076,1909f56bfc062723c751e8b465ee728b)  -> (artifact id: '00000000000000000000000000000000') in 0.025600 seconds
Import Error Code:(4)
Message: Build asset version error: assets/quentin/assets/images/menuiserie.jpg in SourceAssetDB has modification time of '2024-12-20T23:26:57.5868636Z' while content on disk has modification time of '2024-12-20T23:27:07.7758145Z'
  ERROR: Build asset version error: assets/quentin/assets/images/menuiserie.jpg in SourceAssetDB has modification time of '2024-12-20T23:26:57.5868636Z' while content on disk has modification time of '2024-12-20T23:27:07.7758145Z'
Number of updated asset objects reloaded before import = 0
Number of asset objects unloaded after import = 0
========================================================================
Received Import Request.
  Time since last request: 0.016465 seconds.
  path: Assets/Quentin/Assets/images/menuiserie.jpg
  artifactKey: Guid(8583b73c1e913fa4bb19a9de289b754e) Importer(815301076,1909f56bfc062723c751e8b465ee728b)
Start importing Assets/Quentin/Assets/images/menuiserie.jpg using Guid(8583b73c1e913fa4bb19a9de289b754e) Importer(815301076,1909f56bfc062723c751e8b465ee728b)  -> (artifact id: '00000000000000000000000000000000') in 0.029639 seconds
Import Error Code:(4)
Message: Build asset version error: assets/quentin/assets/images/menuiserie.jpg in SourceAssetDB has modification time of '2024-12-20T23:26:57.5868636Z' while content on disk has modification time of '2024-12-20T23:27:07.7758145Z'
  ERROR: Build asset version error: assets/quentin/assets/images/menuiserie.jpg in SourceAssetDB has modification time of '2024-12-20T23:26:57.5868636Z' while content on disk has modification time of '2024-12-20T23:27:07.7758145Z'
Number of updated asset objects reloaded before import = 0
Number of asset objects unloaded after import = 0
========================================================================
Received Import Request.
  Time since last request: 0.022349 seconds.
  path: Assets/Quentin/Assets/images/menuiserie.jpg
  artifactKey: Guid(8583b73c1e913fa4bb19a9de289b754e) Importer(815301076,1909f56bfc062723c751e8b465ee728b)
Start importing Assets/Quentin/Assets/images/menuiserie.jpg using Guid(8583b73c1e913fa4bb19a9de289b754e) Importer(815301076,1909f56bfc062723c751e8b465ee728b)  -> (artifact id: '00000000000000000000000000000000') in 0.027333 seconds
Import Error Code:(4)
Message: Build asset version error: assets/quentin/assets/images/menuiserie.jpg in SourceAssetDB has modification time of '2024-12-20T23:26:57.5868636Z' while content on disk has modification time of '2024-12-20T23:27:07.7758145Z'
  ERROR: Build asset version error: assets/quentin/assets/images/menuiserie.jpg in SourceAssetDB has modification time of '2024-12-20T23:26:57.5868636Z' while content on disk has modification time of '2024-12-20T23:27:07.7758145Z'
Number of updated asset objects reloaded before import = 0
Number of asset objects unloaded after import = 0
========================================================================
Received Import Request.
  Time since last request: 0.007550 seconds.
  path: Assets/Quentin/Assets/images/menuiserie.jpg
  artifactKey: Guid(8583b73c1e913fa4bb19a9de289b754e) Importer(815301076,1909f56bfc062723c751e8b465ee728b)
Start importing Assets/Quentin/Assets/images/menuiserie.jpg using Guid(8583b73c1e913fa4bb19a9de289b754e) Importer(815301076,1909f56bfc062723c751e8b465ee728b)  -> (artifact id: '00000000000000000000000000000000') in 0.033395 seconds
Import Error Code:(4)
Message: Build asset version error: assets/quentin/assets/images/menuiserie.jpg in SourceAssetDB has modification time of '2024-12-20T23:26:57.5868636Z' while content on disk has modification time of '2024-12-20T23:27:07.7758145Z'
  ERROR: Build asset version error: assets/quentin/assets/images/menuiserie.jpg in SourceAssetDB has modification time of '2024-12-20T23:26:57.5868636Z' while content on disk has modification time of '2024-12-20T23:27:07.7758145Z'
Number of updated asset objects reloaded before import = 0
Number of asset objects unloaded after import = 0
========================================================================
Received Import Request.
  Time since last request: 0.007966 seconds.
  path: Assets/Quentin/Assets/images/menuiserie.jpg
  artifactKey: Guid(8583b73c1e913fa4bb19a9de289b754e) Importer(815301076,1909f56bfc062723c751e8b465ee728b)
Start importing Assets/Quentin/Assets/images/menuiserie.jpg using Guid(8583b73c1e913fa4bb19a9de289b754e) Importer(815301076,1909f56bfc062723c751e8b465ee728b)  -> (artifact id: '00000000000000000000000000000000') in 0.019824 seconds
Import Error Code:(4)
Message: Build asset version error: assets/quentin/assets/images/menuiserie.jpg in SourceAssetDB has modification time of '2024-12-20T23:26:57.5868636Z' while content on disk has modification time of '2024-12-20T23:27:07.7758145Z'
  ERROR: Build asset version error: assets/quentin/assets/images/menuiserie.jpg in SourceAssetDB has modification time of '2024-12-20T23:26:57.5868636Z' while content on disk has modification time of '2024-12-20T23:27:07.7758145Z'
Number of updated asset objects reloaded before import = 0
Number of asset objects unloaded after import = 0
========================================================================
Received Import Request.
  Time since last request: 0.016687 seconds.
  path: Assets/Quentin/Assets/images/menuiserie.jpg
  artifactKey: Guid(8583b73c1e913fa4bb19a9de289b754e) Importer(815301076,1909f56bfc062723c751e8b465ee728b)
Start importing Assets/Quentin/Assets/images/menuiserie.jpg using Guid(8583b73c1e913fa4bb19a9de289b754e) Importer(815301076,1909f56bfc062723c751e8b465ee728b)  -> (artifact id: '00000000000000000000000000000000') in 0.021170 seconds
Import Error Code:(4)
Message: Build asset version error: assets/quentin/assets/images/menuiserie.jpg in SourceAssetDB has modification time of '2024-12-20T23:26:57.5868636Z' while content on disk has modification time of '2024-12-20T23:27:07.7758145Z'
  ERROR: Build asset version error: assets/quentin/assets/images/menuiserie.jpg in SourceAssetDB has modification time of '2024-12-20T23:26:57.5868636Z' while content on disk has modification time of '2024-12-20T23:27:07.7758145Z'
Number of updated asset objects reloaded before import = 0
Number of asset objects unloaded after import = 0
========================================================================
Received Import Request.
  Time since last request: 0.028154 seconds.
  path: Assets/Quentin/Assets/images/menuiserie.jpg
  artifactKey: Guid(8583b73c1e913fa4bb19a9de289b754e) Importer(815301076,1909f56bfc062723c751e8b465ee728b)
Start importing Assets/Quentin/Assets/images/menuiserie.jpg using Guid(8583b73c1e913fa4bb19a9de289b754e) Importer(815301076,1909f56bfc062723c751e8b465ee728b)  -> (artifact id: '00000000000000000000000000000000') in 0.027189 seconds
Import Error Code:(4)
Message: Build asset version error: assets/quentin/assets/images/menuiserie.jpg in SourceAssetDB has modification time of '2024-12-20T23:26:57.5868636Z' while content on disk has modification time of '2024-12-20T23:27:07.7758145Z'
  ERROR: Build asset version error: assets/quentin/assets/images/menuiserie.jpg in SourceAssetDB has modification time of '2024-12-20T23:26:57.5868636Z' while content on disk has modification time of '2024-12-20T23:27:07.7758145Z'
Number of updated asset objects reloaded before import = 0
Number of asset objects unloaded after import = 0
========================================================================
Received Import Request.
  Time since last request: 0.001060 seconds.
  path: Assets/Quentin/Assets/images/menuiserie.jpg
  artifactKey: Guid(8583b73c1e913fa4bb19a9de289b754e) Importer(815301076,1909f56bfc062723c751e8b465ee728b)
Start importing Assets/Quentin/Assets/images/menuiserie.jpg using Guid(8583b73c1e913fa4bb19a9de289b754e) Importer(815301076,1909f56bfc062723c751e8b465ee728b)  -> (artifact id: '00000000000000000000000000000000') in 0.044889 seconds
Import Error Code:(4)
Message: Build asset version error: assets/quentin/assets/images/menuiserie.jpg in SourceAssetDB has modification time of '2024-12-20T23:26:57.5868636Z' while content on disk has modification time of '2024-12-20T23:27:07.7758145Z'
  ERROR: Build asset version error: assets/quentin/assets/images/menuiserie.jpg in SourceAssetDB has modification time of '2024-12-20T23:26:57.5868636Z' while content on disk has modification time of '2024-12-20T23:27:07.7758145Z'
Number of updated asset objects reloaded before import = 0
Number of asset objects unloaded after import = 0
========================================================================
Received Import Request.
  Time since last request: 0.006760 seconds.
  path: Assets/Quentin/Assets/images/menuiserie.jpg
  artifactKey: Guid(8583b73c1e913fa4bb19a9de289b754e) Importer(815301076,1909f56bfc062723c751e8b465ee728b)
Start importing Assets/Quentin/Assets/images/menuiserie.jpg using Guid(8583b73c1e913fa4bb19a9de289b754e) Importer(815301076,1909f56bfc062723c751e8b465ee728b)  -> (artifact id: '00000000000000000000000000000000') in 0.028185 seconds
Import Error Code:(4)
Message: Build asset version error: assets/quentin/assets/images/menuiserie.jpg in SourceAssetDB has modification time of '2024-12-20T23:26:57.5868636Z' while content on disk has modification time of '2024-12-20T23:27:07.7758145Z'
  ERROR: Build asset version error: assets/quentin/assets/images/menuiserie.jpg in SourceAssetDB has modification time of '2024-12-20T23:26:57.5868636Z' while content on disk has modification time of '2024-12-20T23:27:07.7758145Z'
Number of updated asset objects reloaded before import = 0
Number of asset objects unloaded after import = 0
========================================================================
Received Import Request.
  Time since last request: 0.009496 seconds.
  path: Assets/Quentin/Assets/images/menuiserie.jpg
  artifactKey: Guid(8583b73c1e913fa4bb19a9de289b754e) Importer(815301076,1909f56bfc062723c751e8b465ee728b)
Start importing Assets/Quentin/Assets/images/menuiserie.jpg using Guid(8583b73c1e913fa4bb19a9de289b754e) Importer(815301076,1909f56bfc062723c751e8b465ee728b)  -> (artifact id: '00000000000000000000000000000000') in 0.029487 seconds
Import Error Code:(4)
Message: Build asset version error: assets/quentin/assets/images/menuiserie.jpg in SourceAssetDB has modification time of '2024-12-20T23:26:57.5868636Z' while content on disk has modification time of '2024-12-20T23:27:07.7758145Z'
  ERROR: Build asset version error: assets/quentin/assets/images/menuiserie.jpg in SourceAssetDB has modification time of '2024-12-20T23:26:57.5868636Z' while content on disk has modification time of '2024-12-20T23:27:07.7758145Z'
Number of updated asset objects reloaded before import = 0
Number of asset objects unloaded after import = 0
========================================================================
Received Import Request.
  Time since last request: 0.008734 seconds.
  path: Assets/Quentin/Assets/images/menuiserie.jpg
  artifactKey: Guid(8583b73c1e913fa4bb19a9de289b754e) Importer(815301076,1909f56bfc062723c751e8b465ee728b)
Start importing Assets/Quentin/Assets/images/menuiserie.jpg using Guid(8583b73c1e913fa4bb19a9de289b754e) Importer(815301076,1909f56bfc062723c751e8b465ee728b)  -> (artifact id: '00000000000000000000000000000000') in 0.031708 seconds
Import Error Code:(4)
Message: Build asset version error: assets/quentin/assets/images/menuiserie.jpg in SourceAssetDB has modification time of '2024-12-20T23:26:57.5868636Z' while content on disk has modification time of '2024-12-20T23:27:07.7758145Z'
  ERROR: Build asset version error: assets/quentin/assets/images/menuiserie.jpg in SourceAssetDB has modification time of '2024-12-20T23:26:57.5868636Z' while content on disk has modification time of '2024-12-20T23:27:07.7758145Z'
Number of updated asset objects reloaded before import = 0
Number of asset objects unloaded after import = 0
========================================================================
Received Import Request.
  Time since last request: 0.010817 seconds.
  path: Assets/Quentin/Assets/images/menuiserie.jpg
  artifactKey: Guid(8583b73c1e913fa4bb19a9de289b754e) Importer(815301076,1909f56bfc062723c751e8b465ee728b)
Start importing Assets/Quentin/Assets/images/menuiserie.jpg using Guid(8583b73c1e913fa4bb19a9de289b754e) Importer(815301076,1909f56bfc062723c751e8b465ee728b)  -> (artifact id: '00000000000000000000000000000000') in 0.034758 seconds
Import Error Code:(4)
Message: Build asset version error: assets/quentin/assets/images/menuiserie.jpg in SourceAssetDB has modification time of '2024-12-20T23:26:57.5868636Z' while content on disk has modification time of '2024-12-20T23:27:07.7758145Z'
  ERROR: Build asset version error: assets/quentin/assets/images/menuiserie.jpg in SourceAssetDB has modification time of '2024-12-20T23:26:57.5868636Z' while content on disk has modification time of '2024-12-20T23:27:07.7758145Z'
Number of updated asset objects reloaded before import = 0
Number of asset objects unloaded after import = 0
========================================================================
Received Import Request.
  Time since last request: 0.008651 seconds.
  path: Assets/Quentin/Assets/images/menuiserie.jpg
  artifactKey: Guid(8583b73c1e913fa4bb19a9de289b754e) Importer(815301076,1909f56bfc062723c751e8b465ee728b)
Start importing Assets/Quentin/Assets/images/menuiserie.jpg using Guid(8583b73c1e913fa4bb19a9de289b754e) Importer(815301076,1909f56bfc062723c751e8b465ee728b)  -> (artifact id: '00000000000000000000000000000000') in 0.031977 seconds
Import Error Code:(4)
Message: Build asset version error: assets/quentin/assets/images/menuiserie.jpg in SourceAssetDB has modification time of '2024-12-20T23:26:57.5868636Z' while content on disk has modification time of '2024-12-20T23:27:07.7758145Z'
  ERROR: Build asset version error: assets/quentin/assets/images/menuiserie.jpg in SourceAssetDB has modification time of '2024-12-20T23:26:57.5868636Z' while content on disk has modification time of '2024-12-20T23:27:07.7758145Z'
Number of updated asset objects reloaded before import = 0
Number of asset objects unloaded after import = 0
========================================================================
Received Import Request.
  Time since last request: 0.007496 seconds.
  path: Assets/Quentin/Assets/images/menuiserie.jpg
  artifactKey: Guid(8583b73c1e913fa4bb19a9de289b754e) Importer(815301076,1909f56bfc062723c751e8b465ee728b)
Start importing Assets/Quentin/Assets/images/menuiserie.jpg using Guid(8583b73c1e913fa4bb19a9de289b754e) Importer(815301076,1909f56bfc062723c751e8b465ee728b)  -> (artifact id: '00000000000000000000000000000000') in 0.037721 seconds
Import Error Code:(4)
Message: Build asset version error: assets/quentin/assets/images/menuiserie.jpg in SourceAssetDB has modification time of '2024-12-20T23:26:57.5868636Z' while content on disk has modification time of '2024-12-20T23:27:07.7758145Z'
  ERROR: Build asset version error: assets/quentin/assets/images/menuiserie.jpg in SourceAssetDB has modification time of '2024-12-20T23:26:57.5868636Z' while content on disk has modification time of '2024-12-20T23:27:07.7758145Z'
Number of updated asset objects reloaded before import = 0
Number of asset objects unloaded after import = 0
========================================================================
Received Import Request.
  Time since last request: 0.000962 seconds.
  path: Assets/Quentin/Assets/images/menuiserie.jpg
  artifactKey: Guid(8583b73c1e913fa4bb19a9de289b754e) Importer(815301076,1909f56bfc062723c751e8b465ee728b)
Start importing Assets/Quentin/Assets/images/menuiserie.jpg using Guid(8583b73c1e913fa4bb19a9de289b754e) Importer(815301076,1909f56bfc062723c751e8b465ee728b)  -> (artifact id: '00000000000000000000000000000000') in 0.033584 seconds
Import Error Code:(4)
Message: Build asset version error: assets/quentin/assets/images/menuiserie.jpg in SourceAssetDB has modification time of '2024-12-20T23:26:57.5868636Z' while content on disk has modification time of '2024-12-20T23:27:07.7758145Z'
  ERROR: Build asset version error: assets/quentin/assets/images/menuiserie.jpg in SourceAssetDB has modification time of '2024-12-20T23:26:57.5868636Z' while content on disk has modification time of '2024-12-20T23:27:07.7758145Z'
Number of updated asset objects reloaded before import = 0
Number of asset objects unloaded after import = 0
========================================================================
Received Import Request.
  Time since last request: 0.003814 seconds.
  path: Assets/Quentin/Assets/images/menuiserie.jpg
  artifactKey: Guid(8583b73c1e913fa4bb19a9de289b754e) Importer(815301076,1909f56bfc062723c751e8b465ee728b)
Start importing Assets/Quentin/Assets/images/menuiserie.jpg using Guid(8583b73c1e913fa4bb19a9de289b754e) Importer(815301076,1909f56bfc062723c751e8b465ee728b)  -> (artifact id: '00000000000000000000000000000000') in 0.039214 seconds
Import Error Code:(4)
Message: Build asset version error: assets/quentin/assets/images/menuiserie.jpg in SourceAssetDB has modification time of '2024-12-20T23:26:57.5868636Z' while content on disk has modification time of '2024-12-20T23:27:07.7758145Z'
  ERROR: Build asset version error: assets/quentin/assets/images/menuiserie.jpg in SourceAssetDB has modification time of '2024-12-20T23:26:57.5868636Z' while content on disk has modification time of '2024-12-20T23:27:07.7758145Z'
Number of updated asset objects reloaded before import = 0
Number of asset objects unloaded after import = 0
========================================================================
Received Import Request.
  Time since last request: 0.005012 seconds.
  path: Assets/Quentin/Assets/images/menuiserie.jpg
  artifactKey: Guid(8583b73c1e913fa4bb19a9de289b754e) Importer(815301076,1909f56bfc062723c751e8b465ee728b)
Start importing Assets/Quentin/Assets/images/menuiserie.jpg using Guid(8583b73c1e913fa4bb19a9de289b754e) Importer(815301076,1909f56bfc062723c751e8b465ee728b)  -> (artifact id: '00000000000000000000000000000000') in 0.032339 seconds
Import Error Code:(4)
Message: Build asset version error: assets/quentin/assets/images/menuiserie.jpg in SourceAssetDB has modification time of '2024-12-20T23:26:57.5868636Z' while content on disk has modification time of '2024-12-20T23:27:07.7758145Z'
  ERROR: Build asset version error: assets/quentin/assets/images/menuiserie.jpg in SourceAssetDB has modification time of '2024-12-20T23:26:57.5868636Z' while content on disk has modification time of '2024-12-20T23:27:07.7758145Z'
Number of updated asset objects reloaded before import = 0
Number of asset objects unloaded after import = 0
========================================================================
Received Import Request.
  Time since last request: 0.014115 seconds.
  path: Assets/Quentin/Assets/images/menuiserie.jpg
  artifactKey: Guid(8583b73c1e913fa4bb19a9de289b754e) Importer(815301076,1909f56bfc062723c751e8b465ee728b)
Start importing Assets/Quentin/Assets/images/menuiserie.jpg using Guid(8583b73c1e913fa4bb19a9de289b754e) Importer(815301076,1909f56bfc062723c751e8b465ee728b)  -> (artifact id: '00000000000000000000000000000000') in 0.026317 seconds
Import Error Code:(4)
Message: Build asset version error: assets/quentin/assets/images/menuiserie.jpg in SourceAssetDB has modification time of '2024-12-20T23:26:57.5868636Z' while content on disk has modification time of '2024-12-20T23:27:07.7758145Z'
  ERROR: Build asset version error: assets/quentin/assets/images/menuiserie.jpg in SourceAssetDB has modification time of '2024-12-20T23:26:57.5868636Z' while content on disk has modification time of '2024-12-20T23:27:07.7758145Z'
Number of updated asset objects reloaded before import = 0
Number of asset objects unloaded after import = 0
========================================================================
Received Import Request.
  Time since last request: 0.009410 seconds.
  path: Assets/Quentin/Assets/images/menuiserie.jpg
  artifactKey: Guid(8583b73c1e913fa4bb19a9de289b754e) Importer(815301076,1909f56bfc062723c751e8b465ee728b)
Start importing Assets/Quentin/Assets/images/menuiserie.jpg using Guid(8583b73c1e913fa4bb19a9de289b754e) Importer(815301076,1909f56bfc062723c751e8b465ee728b)  -> (artifact id: '00000000000000000000000000000000') in 0.043239 seconds
Import Error Code:(4)
Message: Build asset version error: assets/quentin/assets/images/menuiserie.jpg in SourceAssetDB has modification time of '2024-12-20T23:26:57.5868636Z' while content on disk has modification time of '2024-12-20T23:27:07.7758145Z'
  ERROR: Build asset version error: assets/quentin/assets/images/menuiserie.jpg in SourceAssetDB has modification time of '2024-12-20T23:26:57.5868636Z' while content on disk has modification time of '2024-12-20T23:27:07.7758145Z'
Number of updated asset objects reloaded before import = 0
Number of asset objects unloaded after import = 0
========================================================================
Received Import Request.
  Time since last request: 0.001199 seconds.
  path: Assets/Quentin/Assets/images/menuiserie.jpg
  artifactKey: Guid(8583b73c1e913fa4bb19a9de289b754e) Importer(815301076,1909f56bfc062723c751e8b465ee728b)
Start importing Assets/Quentin/Assets/images/menuiserie.jpg using Guid(8583b73c1e913fa4bb19a9de289b754e) Importer(815301076,1909f56bfc062723c751e8b465ee728b)  -> (artifact id: '00000000000000000000000000000000') in 0.032323 seconds
Import Error Code:(4)
Message: Build asset version error: assets/quentin/assets/images/menuiserie.jpg in SourceAssetDB has modification time of '2024-12-20T23:26:57.5868636Z' while content on disk has modification time of '2024-12-20T23:27:07.7758145Z'
  ERROR: Build asset version error: assets/quentin/assets/images/menuiserie.jpg in SourceAssetDB has modification time of '2024-12-20T23:26:57.5868636Z' while content on disk has modification time of '2024-12-20T23:27:07.7758145Z'
Number of updated asset objects reloaded before import = 0
Number of asset objects unloaded after import = 0
========================================================================
Received Import Request.
  Time since last request: 0.001861 seconds.
  path: Assets/Quentin/Assets/images/menuiserie.jpg
  artifactKey: Guid(8583b73c1e913fa4bb19a9de289b754e) Importer(815301076,1909f56bfc062723c751e8b465ee728b)
Start importing Assets/Quentin/Assets/images/menuiserie.jpg using Guid(8583b73c1e913fa4bb19a9de289b754e) Importer(815301076,1909f56bfc062723c751e8b465ee728b)  -> (artifact id: '00000000000000000000000000000000') in 0.027942 seconds
Import Error Code:(4)
Message: Build asset version error: assets/quentin/assets/images/menuiserie.jpg in SourceAssetDB has modification time of '2024-12-20T23:26:57.5868636Z' while content on disk has modification time of '2024-12-20T23:27:07.7758145Z'
  ERROR: Build asset version error: assets/quentin/assets/images/menuiserie.jpg in SourceAssetDB has modification time of '2024-12-20T23:26:57.5868636Z' while content on disk has modification time of '2024-12-20T23:27:07.7758145Z'
Number of updated asset objects reloaded before import = 0
Number of asset objects unloaded after import = 0
========================================================================
Received Import Request.
  Time since last request: 0.009067 seconds.
  path: Assets/Quentin/Assets/images/menuiserie.jpg
  artifactKey: Guid(8583b73c1e913fa4bb19a9de289b754e) Importer(815301076,1909f56bfc062723c751e8b465ee728b)
Start importing Assets/Quentin/Assets/images/menuiserie.jpg using Guid(8583b73c1e913fa4bb19a9de289b754e) Importer(815301076,1909f56bfc062723c751e8b465ee728b)  -> (artifact id: '00000000000000000000000000000000') in 0.029482 seconds
Import Error Code:(4)
Message: Build asset version error: assets/quentin/assets/images/menuiserie.jpg in SourceAssetDB has modification time of '2024-12-20T23:26:57.5868636Z' while content on disk has modification time of '2024-12-20T23:27:07.7758145Z'
  ERROR: Build asset version error: assets/quentin/assets/images/menuiserie.jpg in SourceAssetDB has modification time of '2024-12-20T23:26:57.5868636Z' while content on disk has modification time of '2024-12-20T23:27:07.7758145Z'
Number of updated asset objects reloaded before import = 0
Number of asset objects unloaded after import = 0
========================================================================
Received Import Request.
  Time since last request: 0.017793 seconds.
  path: Assets/Quentin/Assets/images/menuiserie.jpg
  artifactKey: Guid(8583b73c1e913fa4bb19a9de289b754e) Importer(815301076,1909f56bfc062723c751e8b465ee728b)
Start importing Assets/Quentin/Assets/images/menuiserie.jpg using Guid(8583b73c1e913fa4bb19a9de289b754e) Importer(815301076,1909f56bfc062723c751e8b465ee728b)  -> (artifact id: '00000000000000000000000000000000') in 0.032698 seconds
Import Error Code:(4)
Message: Build asset version error: assets/quentin/assets/images/menuiserie.jpg in SourceAssetDB has modification time of '2024-12-20T23:26:57.5868636Z' while content on disk has modification time of '2024-12-20T23:27:07.7758145Z'
  ERROR: Build asset version error: assets/quentin/assets/images/menuiserie.jpg in SourceAssetDB has modification time of '2024-12-20T23:26:57.5868636Z' while content on disk has modification time of '2024-12-20T23:27:07.7758145Z'
Number of updated asset objects reloaded before import = 0
Number of asset objects unloaded after import = 0
========================================================================
Received Import Request.
  Time since last request: 0.018741 seconds.
  path: Assets/Quentin/Assets/images/menuiserie.jpg
  artifactKey: Guid(8583b73c1e913fa4bb19a9de289b754e) Importer(815301076,1909f56bfc062723c751e8b465ee728b)
Start importing Assets/Quentin/Assets/images/menuiserie.jpg using Guid(8583b73c1e913fa4bb19a9de289b754e) Importer(815301076,1909f56bfc062723c751e8b465ee728b)  -> (artifact id: '00000000000000000000000000000000') in 0.027744 seconds
Import Error Code:(4)
Message: Build asset version error: assets/quentin/assets/images/menuiserie.jpg in SourceAssetDB has modification time of '2024-12-20T23:26:57.5868636Z' while content on disk has modification time of '2024-12-20T23:27:07.7758145Z'
  ERROR: Build asset version error: assets/quentin/assets/images/menuiserie.jpg in SourceAssetDB has modification time of '2024-12-20T23:26:57.5868636Z' while content on disk has modification time of '2024-12-20T23:27:07.7758145Z'
Number of updated asset objects reloaded before import = 0
Number of asset objects unloaded after import = 0
========================================================================
Received Import Request.
  Time since last request: 0.004554 seconds.
  path: Assets/Quentin/Assets/images/menuiserie.jpg
  artifactKey: Guid(8583b73c1e913fa4bb19a9de289b754e) Importer(815301076,1909f56bfc062723c751e8b465ee728b)
Start importing Assets/Quentin/Assets/images/menuiserie.jpg using Guid(8583b73c1e913fa4bb19a9de289b754e) Importer(815301076,1909f56bfc062723c751e8b465ee728b)  -> (artifact id: '00000000000000000000000000000000') in 0.027123 seconds
Import Error Code:(4)
Message: Build asset version error: assets/quentin/assets/images/menuiserie.jpg in SourceAssetDB has modification time of '2024-12-20T23:26:57.5868636Z' while content on disk has modification time of '2024-12-20T23:27:07.7758145Z'
  ERROR: Build asset version error: assets/quentin/assets/images/menuiserie.jpg in SourceAssetDB has modification time of '2024-12-20T23:26:57.5868636Z' while content on disk has modification time of '2024-12-20T23:27:07.7758145Z'
Number of updated asset objects reloaded before import = 0
Number of asset objects unloaded after import = 0
========================================================================
Received Import Request.
  Time since last request: 0.009562 seconds.
  path: Assets/Quentin/Assets/images/menuiserie.jpg
  artifactKey: Guid(8583b73c1e913fa4bb19a9de289b754e) Importer(815301076,1909f56bfc062723c751e8b465ee728b)
Start importing Assets/Quentin/Assets/images/menuiserie.jpg using Guid(8583b73c1e913fa4bb19a9de289b754e) Importer(815301076,1909f56bfc062723c751e8b465ee728b)  -> (artifact id: '00000000000000000000000000000000') in 0.036852 seconds
Import Error Code:(4)
Message: Build asset version error: assets/quentin/assets/images/menuiserie.jpg in SourceAssetDB has modification time of '2024-12-20T23:26:57.5868636Z' while content on disk has modification time of '2024-12-20T23:27:07.7758145Z'
  ERROR: Build asset version error: assets/quentin/assets/images/menuiserie.jpg in SourceAssetDB has modification time of '2024-12-20T23:26:57.5868636Z' while content on disk has modification time of '2024-12-20T23:27:07.7758145Z'
Number of updated asset objects reloaded before import = 0
Number of asset objects unloaded after import = 0
========================================================================
Received Import Request.
  Time since last request: 0.001339 seconds.
  path: Assets/Quentin/Assets/images/menuiserie.jpg
  artifactKey: Guid(8583b73c1e913fa4bb19a9de289b754e) Importer(815301076,1909f56bfc062723c751e8b465ee728b)
Start importing Assets/Quentin/Assets/images/menuiserie.jpg using Guid(8583b73c1e913fa4bb19a9de289b754e) Importer(815301076,1909f56bfc062723c751e8b465ee728b)  -> (artifact id: '00000000000000000000000000000000') in 0.028760 seconds
Import Error Code:(4)
Message: Build asset version error: assets/quentin/assets/images/menuiserie.jpg in SourceAssetDB has modification time of '2024-12-20T23:26:57.5868636Z' while content on disk has modification time of '2024-12-20T23:27:07.7758145Z'
  ERROR: Build asset version error: assets/quentin/assets/images/menuiserie.jpg in SourceAssetDB has modification time of '2024-12-20T23:26:57.5868636Z' while content on disk has modification time of '2024-12-20T23:27:07.7758145Z'
Number of updated asset objects reloaded before import = 0
Number of asset objects unloaded after import = 0
========================================================================
Received Import Request.
  Time since last request: 0.007189 seconds.
  path: Assets/Quentin/Assets/images/menuiserie.jpg
  artifactKey: Guid(8583b73c1e913fa4bb19a9de289b754e) Importer(815301076,1909f56bfc062723c751e8b465ee728b)
Start importing Assets/Quentin/Assets/images/menuiserie.jpg using Guid(8583b73c1e913fa4bb19a9de289b754e) Importer(815301076,1909f56bfc062723c751e8b465ee728b)  -> (artifact id: '00000000000000000000000000000000') in 0.041316 seconds
Import Error Code:(4)
Message: Build asset version error: assets/quentin/assets/images/menuiserie.jpg in SourceAssetDB has modification time of '2024-12-20T23:26:57.5868636Z' while content on disk has modification time of '2024-12-20T23:27:07.7758145Z'
  ERROR: Build asset version error: assets/quentin/assets/images/menuiserie.jpg in SourceAssetDB has modification time of '2024-12-20T23:26:57.5868636Z' while content on disk has modification time of '2024-12-20T23:27:07.7758145Z'
Number of updated asset objects reloaded before import = 0
Number of asset objects unloaded after import = 0
========================================================================
Received Import Request.
  Time since last request: 0.003369 seconds.
  path: Assets/Quentin/Assets/images/menuiserie.jpg
  artifactKey: Guid(8583b73c1e913fa4bb19a9de289b754e) Importer(815301076,1909f56bfc062723c751e8b465ee728b)
Start importing Assets/Quentin/Assets/images/menuiserie.jpg using Guid(8583b73c1e913fa4bb19a9de289b754e) Importer(815301076,1909f56bfc062723c751e8b465ee728b)  -> (artifact id: '00000000000000000000000000000000') in 0.022495 seconds
Import Error Code:(4)
Message: Build asset version error: assets/quentin/assets/images/menuiserie.jpg in SourceAssetDB has modification time of '2024-12-20T23:26:57.5868636Z' while content on disk has modification time of '2024-12-20T23:27:07.7758145Z'
  ERROR: Build asset version error: assets/quentin/assets/images/menuiserie.jpg in SourceAssetDB has modification time of '2024-12-20T23:26:57.5868636Z' while content on disk has modification time of '2024-12-20T23:27:07.7758145Z'
Number of updated asset objects reloaded before import = 0
Number of asset objects unloaded after import = 0
========================================================================
Received Import Request.
  Time since last request: 0.013537 seconds.
  path: Assets/Quentin/Assets/images/menuiserie.jpg
  artifactKey: Guid(8583b73c1e913fa4bb19a9de289b754e) Importer(815301076,1909f56bfc062723c751e8b465ee728b)
Start importing Assets/Quentin/Assets/images/menuiserie.jpg using Guid(8583b73c1e913fa4bb19a9de289b754e) Importer(815301076,1909f56bfc062723c751e8b465ee728b)  -> (artifact id: '00000000000000000000000000000000') in 0.021571 seconds
Import Error Code:(4)
Message: Build asset version error: assets/quentin/assets/images/menuiserie.jpg in SourceAssetDB has modification time of '2024-12-20T23:26:57.5868636Z' while content on disk has modification time of '2024-12-20T23:27:07.7758145Z'
  ERROR: Build asset version error: assets/quentin/assets/images/menuiserie.jpg in SourceAssetDB has modification time of '2024-12-20T23:26:57.5868636Z' while content on disk has modification time of '2024-12-20T23:27:07.7758145Z'
Number of updated asset objects reloaded before import = 0
Number of asset objects unloaded after import = 0
========================================================================
Received Import Request.
  Time since last request: 0.019096 seconds.
  path: Assets/Quentin/Assets/images/menuiserie.jpg
  artifactKey: Guid(8583b73c1e913fa4bb19a9de289b754e) Importer(815301076,1909f56bfc062723c751e8b465ee728b)
Start importing Assets/Quentin/Assets/images/menuiserie.jpg using Guid(8583b73c1e913fa4bb19a9de289b754e) Importer(815301076,1909f56bfc062723c751e8b465ee728b)  -> (artifact id: '00000000000000000000000000000000') in 0.024927 seconds
Import Error Code:(4)
Message: Build asset version error: assets/quentin/assets/images/menuiserie.jpg in SourceAssetDB has modification time of '2024-12-20T23:26:57.5868636Z' while content on disk has modification time of '2024-12-20T23:27:07.7758145Z'
  ERROR: Build asset version error: assets/quentin/assets/images/menuiserie.jpg in SourceAssetDB has modification time of '2024-12-20T23:26:57.5868636Z' while content on disk has modification time of '2024-12-20T23:27:07.7758145Z'
Number of updated asset objects reloaded before import = 0
Number of asset objects unloaded after import = 0
========================================================================
Received Import Request.
  Time since last request: 0.001685 seconds.
  path: Assets/Quentin/Assets/images/menuiserie.jpg
  artifactKey: Guid(8583b73c1e913fa4bb19a9de289b754e) Importer(815301076,1909f56bfc062723c751e8b465ee728b)
Start importing Assets/Quentin/Assets/images/menuiserie.jpg using Guid(8583b73c1e913fa4bb19a9de289b754e) Importer(815301076,1909f56bfc062723c751e8b465ee728b)  -> (artifact id: '00000000000000000000000000000000') in 0.025978 seconds
Import Error Code:(4)
Message: Build asset version error: assets/quentin/assets/images/menuiserie.jpg in SourceAssetDB has modification time of '2024-12-20T23:26:57.5868636Z' while content on disk has modification time of '2024-12-20T23:27:07.7758145Z'
  ERROR: Build asset version error: assets/quentin/assets/images/menuiserie.jpg in SourceAssetDB has modification time of '2024-12-20T23:26:57.5868636Z' while content on disk has modification time of '2024-12-20T23:27:07.7758145Z'
Number of updated asset objects reloaded before import = 0
Number of asset objects unloaded after import = 0
========================================================================
Received Import Request.
  Time since last request: 0.023456 seconds.
  path: Assets/Quentin/Assets/images/menuiserie.jpg
  artifactKey: Guid(8583b73c1e913fa4bb19a9de289b754e) Importer(815301076,1909f56bfc062723c751e8b465ee728b)
Start importing Assets/Quentin/Assets/images/menuiserie.jpg using Guid(8583b73c1e913fa4bb19a9de289b754e) Importer(815301076,1909f56bfc062723c751e8b465ee728b)  -> (artifact id: '00000000000000000000000000000000') in 0.024693 seconds
Import Error Code:(4)
Message: Build asset version error: assets/quentin/assets/images/menuiserie.jpg in SourceAssetDB has modification time of '2024-12-20T23:26:57.5868636Z' while content on disk has modification time of '2024-12-20T23:27:07.7758145Z'
  ERROR: Build asset version error: assets/quentin/assets/images/menuiserie.jpg in SourceAssetDB has modification time of '2024-12-20T23:26:57.5868636Z' while content on disk has modification time of '2024-12-20T23:27:07.7758145Z'
Number of updated asset objects reloaded before import = 0
Number of asset objects unloaded after import = 0
========================================================================
Received Import Request.
  Time since last request: 0.012613 seconds.
  path: Assets/Quentin/Assets/images/menuiserie.jpg
  artifactKey: Guid(8583b73c1e913fa4bb19a9de289b754e) Importer(815301076,1909f56bfc062723c751e8b465ee728b)
Start importing Assets/Quentin/Assets/images/menuiserie.jpg using Guid(8583b73c1e913fa4bb19a9de289b754e) Importer(815301076,1909f56bfc062723c751e8b465ee728b)  -> (artifact id: '00000000000000000000000000000000') in 0.020549 seconds
Import Error Code:(4)
Message: Build asset version error: assets/quentin/assets/images/menuiserie.jpg in SourceAssetDB has modification time of '2024-12-20T23:26:57.5868636Z' while content on disk has modification time of '2024-12-20T23:27:07.7758145Z'
  ERROR: Build asset version error: assets/quentin/assets/images/menuiserie.jpg in SourceAssetDB has modification time of '2024-12-20T23:26:57.5868636Z' while content on disk has modification time of '2024-12-20T23:27:07.7758145Z'
Number of updated asset objects reloaded before import = 0
Number of asset objects unloaded after import = 0
========================================================================
Received Import Request.
  Time since last request: 0.012235 seconds.
  path: Assets/Quentin/Assets/images/menuiserie.jpg
  artifactKey: Guid(8583b73c1e913fa4bb19a9de289b754e) Importer(815301076,1909f56bfc062723c751e8b465ee728b)
Start importing Assets/Quentin/Assets/images/menuiserie.jpg using Guid(8583b73c1e913fa4bb19a9de289b754e) Importer(815301076,1909f56bfc062723c751e8b465ee728b)  -> (artifact id: '00000000000000000000000000000000') in 0.026876 seconds
Import Error Code:(4)
Message: Build asset version error: assets/quentin/assets/images/menuiserie.jpg in SourceAssetDB has modification time of '2024-12-20T23:26:57.5868636Z' while content on disk has modification time of '2024-12-20T23:27:07.7758145Z'
  ERROR: Build asset version error: assets/quentin/assets/images/menuiserie.jpg in SourceAssetDB has modification time of '2024-12-20T23:26:57.5868636Z' while content on disk has modification time of '2024-12-20T23:27:07.7758145Z'
Number of updated asset objects reloaded before import = 0
Number of asset objects unloaded after import = 0
========================================================================
Received Import Request.
  Time since last request: 0.005764 seconds.
  path: Assets/Quentin/Assets/images/menuiserie.jpg
  artifactKey: Guid(8583b73c1e913fa4bb19a9de289b754e) Importer(815301076,1909f56bfc062723c751e8b465ee728b)
Start importing Assets/Quentin/Assets/images/menuiserie.jpg using Guid(8583b73c1e913fa4bb19a9de289b754e) Importer(815301076,1909f56bfc062723c751e8b465ee728b)  -> (artifact id: '00000000000000000000000000000000') in 0.031280 seconds
Import Error Code:(4)
Message: Build asset version error: assets/quentin/assets/images/menuiserie.jpg in SourceAssetDB has modification time of '2024-12-20T23:26:57.5868636Z' while content on disk has modification time of '2024-12-20T23:27:07.7758145Z'
  ERROR: Build asset version error: assets/quentin/assets/images/menuiserie.jpg in SourceAssetDB has modification time of '2024-12-20T23:26:57.5868636Z' while content on disk has modification time of '2024-12-20T23:27:07.7758145Z'
Number of updated asset objects reloaded before import = 0
Number of asset objects unloaded after import = 0
========================================================================
Received Import Request.
  Time since last request: 0.005789 seconds.
  path: Assets/Quentin/Assets/images/menuiserie.jpg
  artifactKey: Guid(8583b73c1e913fa4bb19a9de289b754e) Importer(815301076,1909f56bfc062723c751e8b465ee728b)
Start importing Assets/Quentin/Assets/images/menuiserie.jpg using Guid(8583b73c1e913fa4bb19a9de289b754e) Importer(815301076,1909f56bfc062723c751e8b465ee728b)  -> (artifact id: '00000000000000000000000000000000') in 0.030861 seconds
Import Error Code:(4)
Message: Build asset version error: assets/quentin/assets/images/menuiserie.jpg in SourceAssetDB has modification time of '2024-12-20T23:26:57.5868636Z' while content on disk has modification time of '2024-12-20T23:27:07.7758145Z'
  ERROR: Build asset version error: assets/quentin/assets/images/menuiserie.jpg in SourceAssetDB has modification time of '2024-12-20T23:26:57.5868636Z' while content on disk has modification time of '2024-12-20T23:27:07.7758145Z'
Number of updated asset objects reloaded before import = 0
Number of asset objects unloaded after import = 0
========================================================================
Received Import Request.
  Time since last request: 0.002970 seconds.
  path: Assets/Quentin/Assets/images/menuiserie.jpg
  artifactKey: Guid(8583b73c1e913fa4bb19a9de289b754e) Importer(815301076,1909f56bfc062723c751e8b465ee728b)
Start importing Assets/Quentin/Assets/images/menuiserie.jpg using Guid(8583b73c1e913fa4bb19a9de289b754e) Importer(815301076,1909f56bfc062723c751e8b465ee728b)  -> (artifact id: '00000000000000000000000000000000') in 0.027000 seconds
Import Error Code:(4)
Message: Build asset version error: assets/quentin/assets/images/menuiserie.jpg in SourceAssetDB has modification time of '2024-12-20T23:26:57.5868636Z' while content on disk has modification time of '2024-12-20T23:27:07.7758145Z'
  ERROR: Build asset version error: assets/quentin/assets/images/menuiserie.jpg in SourceAssetDB has modification time of '2024-12-20T23:26:57.5868636Z' while content on disk has modification time of '2024-12-20T23:27:07.7758145Z'
Number of updated asset objects reloaded before import = 0
Number of asset objects unloaded after import = 0
========================================================================
Received Import Request.
  Time since last request: 0.011934 seconds.
  path: Assets/Quentin/Assets/images/menuiserie.jpg
  artifactKey: Guid(8583b73c1e913fa4bb19a9de289b754e) Importer(815301076,1909f56bfc062723c751e8b465ee728b)
Start importing Assets/Quentin/Assets/images/menuiserie.jpg using Guid(8583b73c1e913fa4bb19a9de289b754e) Importer(815301076,1909f56bfc062723c751e8b465ee728b)  -> (artifact id: '00000000000000000000000000000000') in 0.037637 seconds
Import Error Code:(4)
Message: Build asset version error: assets/quentin/assets/images/menuiserie.jpg in SourceAssetDB has modification time of '2024-12-20T23:26:57.5868636Z' while content on disk has modification time of '2024-12-20T23:27:07.7758145Z'
  ERROR: Build asset version error: assets/quentin/assets/images/menuiserie.jpg in SourceAssetDB has modification time of '2024-12-20T23:26:57.5868636Z' while content on disk has modification time of '2024-12-20T23:27:07.7758145Z'
Number of updated asset objects reloaded before import = 0
Number of asset objects unloaded after import = 0
========================================================================
Received Import Request.
  Time since last request: 0.009616 seconds.
  path: Assets/Quentin/Assets/images/menuiserie.jpg
  artifactKey: Guid(8583b73c1e913fa4bb19a9de289b754e) Importer(815301076,1909f56bfc062723c751e8b465ee728b)
Start importing Assets/Quentin/Assets/images/menuiserie.jpg using Guid(8583b73c1e913fa4bb19a9de289b754e) Importer(815301076,1909f56bfc062723c751e8b465ee728b)  -> (artifact id: '00000000000000000000000000000000') in 0.026974 seconds
Import Error Code:(4)
Message: Build asset version error: assets/quentin/assets/images/menuiserie.jpg in SourceAssetDB has modification time of '2024-12-20T23:26:57.5868636Z' while content on disk has modification time of '2024-12-20T23:27:07.7758145Z'
  ERROR: Build asset version error: assets/quentin/assets/images/menuiserie.jpg in SourceAssetDB has modification time of '2024-12-20T23:26:57.5868636Z' while content on disk has modification time of '2024-12-20T23:27:07.7758145Z'
Number of updated asset objects reloaded before import = 0
Number of asset objects unloaded after import = 0
========================================================================
Received Import Request.
  Time since last request: 0.005863 seconds.
  path: Assets/Quentin/Assets/images/menuiserie.jpg
  artifactKey: Guid(8583b73c1e913fa4bb19a9de289b754e) Importer(815301076,1909f56bfc062723c751e8b465ee728b)
Start importing Assets/Quentin/Assets/images/menuiserie.jpg using Guid(8583b73c1e913fa4bb19a9de289b754e) Importer(815301076,1909f56bfc062723c751e8b465ee728b)  -> (artifact id: '00000000000000000000000000000000') in 0.032043 seconds
Import Error Code:(4)
Message: Build asset version error: assets/quentin/assets/images/menuiserie.jpg in SourceAssetDB has modification time of '2024-12-20T23:26:57.5868636Z' while content on disk has modification time of '2024-12-20T23:27:07.7758145Z'
  ERROR: Build asset version error: assets/quentin/assets/images/menuiserie.jpg in SourceAssetDB has modification time of '2024-12-20T23:26:57.5868636Z' while content on disk has modification time of '2024-12-20T23:27:07.7758145Z'
Number of updated asset objects reloaded before import = 0
Number of asset objects unloaded after import = 0
========================================================================
Received Import Request.
  Time since last request: 0.002292 seconds.
  path: Assets/Quentin/Assets/images/menuiserie.jpg
  artifactKey: Guid(8583b73c1e913fa4bb19a9de289b754e) Importer(815301076,1909f56bfc062723c751e8b465ee728b)
Start importing Assets/Quentin/Assets/images/menuiserie.jpg using Guid(8583b73c1e913fa4bb19a9de289b754e) Importer(815301076,1909f56bfc062723c751e8b465ee728b)  -> (artifact id: '00000000000000000000000000000000') in 0.033098 seconds
Import Error Code:(4)
Message: Build asset version error: assets/quentin/assets/images/menuiserie.jpg in SourceAssetDB has modification time of '2024-12-20T23:26:57.5868636Z' while content on disk has modification time of '2024-12-20T23:27:07.7758145Z'
  ERROR: Build asset version error: assets/quentin/assets/images/menuiserie.jpg in SourceAssetDB has modification time of '2024-12-20T23:26:57.5868636Z' while content on disk has modification time of '2024-12-20T23:27:07.7758145Z'
Number of updated asset objects reloaded before import = 0
Number of asset objects unloaded after import = 0
========================================================================
Received Import Request.
  Time since last request: 0.004703 seconds.
  path: Assets/Quentin/Assets/images/menuiserie.jpg
  artifactKey: Guid(8583b73c1e913fa4bb19a9de289b754e) Importer(815301076,1909f56bfc062723c751e8b465ee728b)
Start importing Assets/Quentin/Assets/images/menuiserie.jpg using Guid(8583b73c1e913fa4bb19a9de289b754e) Importer(815301076,1909f56bfc062723c751e8b465ee728b)  -> (artifact id: '00000000000000000000000000000000') in 0.026718 seconds
Import Error Code:(4)
Message: Build asset version error: assets/quentin/assets/images/menuiserie.jpg in SourceAssetDB has modification time of '2024-12-20T23:26:57.5868636Z' while content on disk has modification time of '2024-12-20T23:27:07.7758145Z'
  ERROR: Build asset version error: assets/quentin/assets/images/menuiserie.jpg in SourceAssetDB has modification time of '2024-12-20T23:26:57.5868636Z' while content on disk has modification time of '2024-12-20T23:27:07.7758145Z'
Number of updated asset objects reloaded before import = 0
Number of asset objects unloaded after import = 0
========================================================================
Received Import Request.
  Time since last request: 0.008722 seconds.
  path: Assets/Quentin/Assets/images/menuiserie.jpg
  artifactKey: Guid(8583b73c1e913fa4bb19a9de289b754e) Importer(815301076,1909f56bfc062723c751e8b465ee728b)
Start importing Assets/Quentin/Assets/images/menuiserie.jpg using Guid(8583b73c1e913fa4bb19a9de289b754e) Importer(815301076,1909f56bfc062723c751e8b465ee728b)  -> (artifact id: '00000000000000000000000000000000') in 0.030226 seconds
Import Error Code:(4)
Message: Build asset version error: assets/quentin/assets/images/menuiserie.jpg in SourceAssetDB has modification time of '2024-12-20T23:26:57.5868636Z' while content on disk has modification time of '2024-12-20T23:27:07.7758145Z'
  ERROR: Build asset version error: assets/quentin/assets/images/menuiserie.jpg in SourceAssetDB has modification time of '2024-12-20T23:26:57.5868636Z' while content on disk has modification time of '2024-12-20T23:27:07.7758145Z'
Number of updated asset objects reloaded before import = 0
Number of asset objects unloaded after import = 0
========================================================================
Received Import Request.
  Time since last request: 0.007757 seconds.
  path: Assets/Quentin/Assets/images/menuiserie.jpg
  artifactKey: Guid(8583b73c1e913fa4bb19a9de289b754e) Importer(815301076,1909f56bfc062723c751e8b465ee728b)
Start importing Assets/Quentin/Assets/images/menuiserie.jpg using Guid(8583b73c1e913fa4bb19a9de289b754e) Importer(815301076,1909f56bfc062723c751e8b465ee728b)  -> (artifact id: '00000000000000000000000000000000') in 0.021272 seconds
Import Error Code:(4)
Message: Build asset version error: assets/quentin/assets/images/menuiserie.jpg in SourceAssetDB has modification time of '2024-12-20T23:26:57.5868636Z' while content on disk has modification time of '2024-12-20T23:27:07.7758145Z'
  ERROR: Build asset version error: assets/quentin/assets/images/menuiserie.jpg in SourceAssetDB has modification time of '2024-12-20T23:26:57.5868636Z' while content on disk has modification time of '2024-12-20T23:27:07.7758145Z'
Number of updated asset objects reloaded before import = 0
Number of asset objects unloaded after import = 0
========================================================================
Received Import Request.
  Time since last request: 0.035179 seconds.
  path: Assets/Quentin/Assets/images/menuiserie.jpg
  artifactKey: Guid(8583b73c1e913fa4bb19a9de289b754e) Importer(815301076,1909f56bfc062723c751e8b465ee728b)
Start importing Assets/Quentin/Assets/images/menuiserie.jpg using Guid(8583b73c1e913fa4bb19a9de289b754e) Importer(815301076,1909f56bfc062723c751e8b465ee728b)  -> (artifact id: '00000000000000000000000000000000') in 0.036229 seconds
Import Error Code:(4)
Message: Build asset version error: assets/quentin/assets/images/menuiserie.jpg in SourceAssetDB has modification time of '2024-12-20T23:26:57.5868636Z' while content on disk has modification time of '2024-12-20T23:27:07.7758145Z'
  ERROR: Build asset version error: assets/quentin/assets/images/menuiserie.jpg in SourceAssetDB has modification time of '2024-12-20T23:26:57.5868636Z' while content on disk has modification time of '2024-12-20T23:27:07.7758145Z'
Number of updated asset objects reloaded before import = 0
Number of asset objects unloaded after import = 0
========================================================================
Received Import Request.
  Time since last request: 0.002619 seconds.
  path: Assets/Quentin/Assets/images/menuiserie.jpg
  artifactKey: Guid(8583b73c1e913fa4bb19a9de289b754e) Importer(815301076,1909f56bfc062723c751e8b465ee728b)
Start importing Assets/Quentin/Assets/images/menuiserie.jpg using Guid(8583b73c1e913fa4bb19a9de289b754e) Importer(815301076,1909f56bfc062723c751e8b465ee728b)  -> (artifact id: '00000000000000000000000000000000') in 0.027522 seconds
Import Error Code:(4)
Message: Build asset version error: assets/quentin/assets/images/menuiserie.jpg in SourceAssetDB has modification time of '2024-12-20T23:26:57.5868636Z' while content on disk has modification time of '2024-12-20T23:27:07.7758145Z'
  ERROR: Build asset version error: assets/quentin/assets/images/menuiserie.jpg in SourceAssetDB has modification time of '2024-12-20T23:26:57.5868636Z' while content on disk has modification time of '2024-12-20T23:27:07.7758145Z'
Number of updated asset objects reloaded before import = 0
Number of asset objects unloaded after import = 0
========================================================================
Received Import Request.
  Time since last request: 0.003915 seconds.
  path: Assets/Quentin/Assets/images/menuiserie.jpg
  artifactKey: Guid(8583b73c1e913fa4bb19a9de289b754e) Importer(815301076,1909f56bfc062723c751e8b465ee728b)
Start importing Assets/Quentin/Assets/images/menuiserie.jpg using Guid(8583b73c1e913fa4bb19a9de289b754e) Importer(815301076,1909f56bfc062723c751e8b465ee728b)  -> (artifact id: '00000000000000000000000000000000') in 0.026897 seconds
Import Error Code:(4)
Message: Build asset version error: assets/quentin/assets/images/menuiserie.jpg in SourceAssetDB has modification time of '2024-12-20T23:26:57.5868636Z' while content on disk has modification time of '2024-12-20T23:27:07.7758145Z'
  ERROR: Build asset version error: assets/quentin/assets/images/menuiserie.jpg in SourceAssetDB has modification time of '2024-12-20T23:26:57.5868636Z' while content on disk has modification time of '2024-12-20T23:27:07.7758145Z'
Number of updated asset objects reloaded before import = 0
Number of asset objects unloaded after import = 0
========================================================================
Received Import Request.
  Time since last request: 0.008669 seconds.
  path: Assets/Quentin/Assets/images/menuiserie.jpg
  artifactKey: Guid(8583b73c1e913fa4bb19a9de289b754e) Importer(815301076,1909f56bfc062723c751e8b465ee728b)
Start importing Assets/Quentin/Assets/images/menuiserie.jpg using Guid(8583b73c1e913fa4bb19a9de289b754e) Importer(815301076,1909f56bfc062723c751e8b465ee728b)  -> (artifact id: '00000000000000000000000000000000') in 0.022661 seconds
Import Error Code:(4)
Message: Build asset version error: assets/quentin/assets/images/menuiserie.jpg in SourceAssetDB has modification time of '2024-12-20T23:26:57.5868636Z' while content on disk has modification time of '2024-12-20T23:27:07.7758145Z'
  ERROR: Build asset version error: assets/quentin/assets/images/menuiserie.jpg in SourceAssetDB has modification time of '2024-12-20T23:26:57.5868636Z' while content on disk has modification time of '2024-12-20T23:27:07.7758145Z'
Number of updated asset objects reloaded before import = 0
Number of asset objects unloaded after import = 0
========================================================================
Received Import Request.
  Time since last request: 0.011617 seconds.
  path: Assets/Quentin/Assets/images/menuiserie.jpg
  artifactKey: Guid(8583b73c1e913fa4bb19a9de289b754e) Importer(815301076,1909f56bfc062723c751e8b465ee728b)
Start importing Assets/Quentin/Assets/images/menuiserie.jpg using Guid(8583b73c1e913fa4bb19a9de289b754e) Importer(815301076,1909f56bfc062723c751e8b465ee728b)  -> (artifact id: '00000000000000000000000000000000') in 0.030127 seconds
Import Error Code:(4)
Message: Build asset version error: assets/quentin/assets/images/menuiserie.jpg in SourceAssetDB has modification time of '2024-12-20T23:26:57.5868636Z' while content on disk has modification time of '2024-12-20T23:27:07.7758145Z'
  ERROR: Build asset version error: assets/quentin/assets/images/menuiserie.jpg in SourceAssetDB has modification time of '2024-12-20T23:26:57.5868636Z' while content on disk has modification time of '2024-12-20T23:27:07.7758145Z'
Number of updated asset objects reloaded before import = 0
Number of asset objects unloaded after import = 0
========================================================================
Received Import Request.
  Time since last request: 0.005804 seconds.
  path: Assets/Quentin/Assets/images/menuiserie.jpg
  artifactKey: Guid(8583b73c1e913fa4bb19a9de289b754e) Importer(815301076,1909f56bfc062723c751e8b465ee728b)
Start importing Assets/Quentin/Assets/images/menuiserie.jpg using Guid(8583b73c1e913fa4bb19a9de289b754e) Importer(815301076,1909f56bfc062723c751e8b465ee728b)  -> (artifact id: '00000000000000000000000000000000') in 0.024452 seconds
Import Error Code:(4)
Message: Build asset version error: assets/quentin/assets/images/menuiserie.jpg in SourceAssetDB has modification time of '2024-12-20T23:26:57.5868636Z' while content on disk has modification time of '2024-12-20T23:27:07.7758145Z'
  ERROR: Build asset version error: assets/quentin/assets/images/menuiserie.jpg in SourceAssetDB has modification time of '2024-12-20T23:26:57.5868636Z' while content on disk has modification time of '2024-12-20T23:27:07.7758145Z'
Number of updated asset objects reloaded before import = 0
Number of asset objects unloaded after import = 0
========================================================================
Received Import Request.
  Time since last request: 0.026587 seconds.
  path: Assets/Quentin/Assets/images/menuiserie.jpg
  artifactKey: Guid(8583b73c1e913fa4bb19a9de289b754e) Importer(815301076,1909f56bfc062723c751e8b465ee728b)
Start importing Assets/Quentin/Assets/images/menuiserie.jpg using Guid(8583b73c1e913fa4bb19a9de289b754e) Importer(815301076,1909f56bfc062723c751e8b465ee728b)  -> (artifact id: '00000000000000000000000000000000') in 0.028795 seconds
Import Error Code:(4)
Message: Build asset version error: assets/quentin/assets/images/menuiserie.jpg in SourceAssetDB has modification time of '2024-12-20T23:26:57.5868636Z' while content on disk has modification time of '2024-12-20T23:27:07.7758145Z'
  ERROR: Build asset version error: assets/quentin/assets/images/menuiserie.jpg in SourceAssetDB has modification time of '2024-12-20T23:26:57.5868636Z' while content on disk has modification time of '2024-12-20T23:27:07.7758145Z'
Number of updated asset objects reloaded before import = 0
Number of asset objects unloaded after import = 0
========================================================================
Received Import Request.
  Time since last request: 0.003613 seconds.
  path: Assets/Quentin/Assets/images/menuiserie.jpg
  artifactKey: Guid(8583b73c1e913fa4bb19a9de289b754e) Importer(815301076,1909f56bfc062723c751e8b465ee728b)
Start importing Assets/Quentin/Assets/images/menuiserie.jpg using Guid(8583b73c1e913fa4bb19a9de289b754e) Importer(815301076,1909f56bfc062723c751e8b465ee728b)  -> (artifact id: '00000000000000000000000000000000') in 0.033585 seconds
Import Error Code:(4)
Message: Build asset version error: assets/quentin/assets/images/menuiserie.jpg in SourceAssetDB has modification time of '2024-12-20T23:26:57.5868636Z' while content on disk has modification time of '2024-12-20T23:27:07.7758145Z'
  ERROR: Build asset version error: assets/quentin/assets/images/menuiserie.jpg in SourceAssetDB has modification time of '2024-12-20T23:26:57.5868636Z' while content on disk has modification time of '2024-12-20T23:27:07.7758145Z'
Number of updated asset objects reloaded before import = 0
Number of asset objects unloaded after import = 0
========================================================================
Received Import Request.
  Time since last request: 0.013918 seconds.
  path: Assets/Quentin/Assets/images/menuiserie.jpg
  artifactKey: Guid(8583b73c1e913fa4bb19a9de289b754e) Importer(815301076,1909f56bfc062723c751e8b465ee728b)
Start importing Assets/Quentin/Assets/images/menuiserie.jpg using Guid(8583b73c1e913fa4bb19a9de289b754e) Importer(815301076,1909f56bfc062723c751e8b465ee728b)  -> (artifact id: '00000000000000000000000000000000') in 0.035357 seconds
Import Error Code:(4)
Message: Build asset version error: assets/quentin/assets/images/menuiserie.jpg in SourceAssetDB has modification time of '2024-12-20T23:26:57.5868636Z' while content on disk has modification time of '2024-12-20T23:27:07.7758145Z'
  ERROR: Build asset version error: assets/quentin/assets/images/menuiserie.jpg in SourceAssetDB has modification time of '2024-12-20T23:26:57.5868636Z' while content on disk has modification time of '2024-12-20T23:27:07.7758145Z'
Number of updated asset objects reloaded before import = 0
Number of asset objects unloaded after import = 0
========================================================================
Received Import Request.
  Time since last request: 0.004324 seconds.
  path: Assets/Quentin/Assets/images/menuiserie.jpg
  artifactKey: Guid(8583b73c1e913fa4bb19a9de289b754e) Importer(815301076,1909f56bfc062723c751e8b465ee728b)
Start importing Assets/Quentin/Assets/images/menuiserie.jpg using Guid(8583b73c1e913fa4bb19a9de289b754e) Importer(815301076,1909f56bfc062723c751e8b465ee728b)  -> (artifact id: '00000000000000000000000000000000') in 0.034428 seconds
Import Error Code:(4)
Message: Build asset version error: assets/quentin/assets/images/menuiserie.jpg in SourceAssetDB has modification time of '2024-12-20T23:26:57.5868636Z' while content on disk has modification time of '2024-12-20T23:27:07.7758145Z'
  ERROR: Build asset version error: assets/quentin/assets/images/menuiserie.jpg in SourceAssetDB has modification time of '2024-12-20T23:26:57.5868636Z' while content on disk has modification time of '2024-12-20T23:27:07.7758145Z'
Number of updated asset objects reloaded before import = 0
Number of asset objects unloaded after import = 0
========================================================================
Received Import Request.
  Time since last request: 0.004045 seconds.
  path: Assets/Quentin/Assets/images/menuiserie.jpg
  artifactKey: Guid(8583b73c1e913fa4bb19a9de289b754e) Importer(815301076,1909f56bfc062723c751e8b465ee728b)
Start importing Assets/Quentin/Assets/images/menuiserie.jpg using Guid(8583b73c1e913fa4bb19a9de289b754e) Importer(815301076,1909f56bfc062723c751e8b465ee728b)  -> (artifact id: '00000000000000000000000000000000') in 0.035575 seconds
Import Error Code:(4)
Message: Build asset version error: assets/quentin/assets/images/menuiserie.jpg in SourceAssetDB has modification time of '2024-12-20T23:26:57.5868636Z' while content on disk has modification time of '2024-12-20T23:27:07.7758145Z'
  ERROR: Build asset version error: assets/quentin/assets/images/menuiserie.jpg in SourceAssetDB has modification time of '2024-12-20T23:26:57.5868636Z' while content on disk has modification time of '2024-12-20T23:27:07.7758145Z'
Number of updated asset objects reloaded before import = 0
Number of asset objects unloaded after import = 0
========================================================================
Received Import Request.
  Time since last request: 0.004042 seconds.
  path: Assets/Quentin/Assets/images/menuiserie.jpg
  artifactKey: Guid(8583b73c1e913fa4bb19a9de289b754e) Importer(815301076,1909f56bfc062723c751e8b465ee728b)
Start importing Assets/Quentin/Assets/images/menuiserie.jpg using Guid(8583b73c1e913fa4bb19a9de289b754e) Importer(815301076,1909f56bfc062723c751e8b465ee728b)  -> (artifact id: '00000000000000000000000000000000') in 0.032125 seconds
Import Error Code:(4)
Message: Build asset version error: assets/quentin/assets/images/menuiserie.jpg in SourceAssetDB has modification time of '2024-12-20T23:26:57.5868636Z' while content on disk has modification time of '2024-12-20T23:27:07.7758145Z'
  ERROR: Build asset version error: assets/quentin/assets/images/menuiserie.jpg in SourceAssetDB has modification time of '2024-12-20T23:26:57.5868636Z' while content on disk has modification time of '2024-12-20T23:27:07.7758145Z'
Number of updated asset objects reloaded before import = 0
Number of asset objects unloaded after import = 0
========================================================================
Received Import Request.
  Time since last request: 0.010427 seconds.
  path: Assets/Quentin/Assets/images/menuiserie.jpg
  artifactKey: Guid(8583b73c1e913fa4bb19a9de289b754e) Importer(815301076,1909f56bfc062723c751e8b465ee728b)
Start importing Assets/Quentin/Assets/images/menuiserie.jpg using Guid(8583b73c1e913fa4bb19a9de289b754e) Importer(815301076,1909f56bfc062723c751e8b465ee728b)  -> (artifact id: '00000000000000000000000000000000') in 0.030542 seconds
Import Error Code:(4)
Message: Build asset version error: assets/quentin/assets/images/menuiserie.jpg in SourceAssetDB has modification time of '2024-12-20T23:26:57.5868636Z' while content on disk has modification time of '2024-12-20T23:27:07.7758145Z'
  ERROR: Build asset version error: assets/quentin/assets/images/menuiserie.jpg in SourceAssetDB has modification time of '2024-12-20T23:26:57.5868636Z' while content on disk has modification time of '2024-12-20T23:27:07.7758145Z'
Number of updated asset objects reloaded before import = 0
Number of asset objects unloaded after import = 0
========================================================================
Received Import Request.
  Time since last request: 0.007836 seconds.
  path: Assets/Quentin/Assets/images/menuiserie.jpg
  artifactKey: Guid(8583b73c1e913fa4bb19a9de289b754e) Importer(815301076,1909f56bfc062723c751e8b465ee728b)
Start importing Assets/Quentin/Assets/images/menuiserie.jpg using Guid(8583b73c1e913fa4bb19a9de289b754e) Importer(815301076,1909f56bfc062723c751e8b465ee728b)  -> (artifact id: '00000000000000000000000000000000') in 0.028272 seconds
Import Error Code:(4)
Message: Build asset version error: assets/quentin/assets/images/menuiserie.jpg in SourceAssetDB has modification time of '2024-12-20T23:26:57.5868636Z' while content on disk has modification time of '2024-12-20T23:27:07.7758145Z'
  ERROR: Build asset version error: assets/quentin/assets/images/menuiserie.jpg in SourceAssetDB has modification time of '2024-12-20T23:26:57.5868636Z' while content on disk has modification time of '2024-12-20T23:27:07.7758145Z'
Number of updated asset objects reloaded before import = 0
Number of asset objects unloaded after import = 0
========================================================================
Received Import Request.
  Time since last request: 0.010288 seconds.
  path: Assets/Quentin/Assets/images/menuiserie.jpg
  artifactKey: Guid(8583b73c1e913fa4bb19a9de289b754e) Importer(815301076,1909f56bfc062723c751e8b465ee728b)
Start importing Assets/Quentin/Assets/images/menuiserie.jpg using Guid(8583b73c1e913fa4bb19a9de289b754e) Importer(815301076,1909f56bfc062723c751e8b465ee728b)  -> (artifact id: '00000000000000000000000000000000') in 0.031881 seconds
Import Error Code:(4)
Message: Build asset version error: assets/quentin/assets/images/menuiserie.jpg in SourceAssetDB has modification time of '2024-12-20T23:26:57.5868636Z' while content on disk has modification time of '2024-12-20T23:27:07.7758145Z'
  ERROR: Build asset version error: assets/quentin/assets/images/menuiserie.jpg in SourceAssetDB has modification time of '2024-12-20T23:26:57.5868636Z' while content on disk has modification time of '2024-12-20T23:27:07.7758145Z'
Number of updated asset objects reloaded before import = 0
Number of asset objects unloaded after import = 0
========================================================================
Received Import Request.
  Time since last request: 0.014838 seconds.
  path: Assets/Quentin/Assets/images/menuiserie.jpg
  artifactKey: Guid(8583b73c1e913fa4bb19a9de289b754e) Importer(815301076,1909f56bfc062723c751e8b465ee728b)
Start importing Assets/Quentin/Assets/images/menuiserie.jpg using Guid(8583b73c1e913fa4bb19a9de289b754e) Importer(815301076,1909f56bfc062723c751e8b465ee728b)  -> (artifact id: '00000000000000000000000000000000') in 0.032498 seconds
Import Error Code:(4)
Message: Build asset version error: assets/quentin/assets/images/menuiserie.jpg in SourceAssetDB has modification time of '2024-12-20T23:26:57.5868636Z' while content on disk has modification time of '2024-12-20T23:27:07.7758145Z'
  ERROR: Build asset version error: assets/quentin/assets/images/menuiserie.jpg in SourceAssetDB has modification time of '2024-12-20T23:26:57.5868636Z' while content on disk has modification time of '2024-12-20T23:27:07.7758145Z'
Number of updated asset objects reloaded before import = 0
Number of asset objects unloaded after import = 0
========================================================================
Received Import Request.
  Time since last request: 0.011002 seconds.
  path: Assets/Quentin/Assets/images/menuiserie.jpg
  artifactKey: Guid(8583b73c1e913fa4bb19a9de289b754e) Importer(815301076,1909f56bfc062723c751e8b465ee728b)
Start importing Assets/Quentin/Assets/images/menuiserie.jpg using Guid(8583b73c1e913fa4bb19a9de289b754e) Importer(815301076,1909f56bfc062723c751e8b465ee728b)  -> (artifact id: '00000000000000000000000000000000') in 0.025927 seconds
Import Error Code:(4)
Message: Build asset version error: assets/quentin/assets/images/menuiserie.jpg in SourceAssetDB has modification time of '2024-12-20T23:26:57.5868636Z' while content on disk has modification time of '2024-12-20T23:27:07.7758145Z'
  ERROR: Build asset version error: assets/quentin/assets/images/menuiserie.jpg in SourceAssetDB has modification time of '2024-12-20T23:26:57.5868636Z' while content on disk has modification time of '2024-12-20T23:27:07.7758145Z'
Number of updated asset objects reloaded before import = 0
Number of asset objects unloaded after import = 0
========================================================================
Received Import Request.
  Time since last request: 0.010682 seconds.
  path: Assets/Quentin/Assets/images/menuiserie.jpg
  artifactKey: Guid(8583b73c1e913fa4bb19a9de289b754e) Importer(815301076,1909f56bfc062723c751e8b465ee728b)
Start importing Assets/Quentin/Assets/images/menuiserie.jpg using Guid(8583b73c1e913fa4bb19a9de289b754e) Importer(815301076,1909f56bfc062723c751e8b465ee728b)  -> (artifact id: '00000000000000000000000000000000') in 0.034678 seconds
Import Error Code:(4)
Message: Build asset version error: assets/quentin/assets/images/menuiserie.jpg in SourceAssetDB has modification time of '2024-12-20T23:26:57.5868636Z' while content on disk has modification time of '2024-12-20T23:27:07.7758145Z'
  ERROR: Build asset version error: assets/quentin/assets/images/menuiserie.jpg in SourceAssetDB has modification time of '2024-12-20T23:26:57.5868636Z' while content on disk has modification time of '2024-12-20T23:27:07.7758145Z'
Number of updated asset objects reloaded before import = 0
Number of asset objects unloaded after import = 0
========================================================================
Received Import Request.
  Time since last request: 0.003786 seconds.
  path: Assets/Quentin/Assets/images/menuiserie.jpg
  artifactKey: Guid(8583b73c1e913fa4bb19a9de289b754e) Importer(815301076,1909f56bfc062723c751e8b465ee728b)
Start importing Assets/Quentin/Assets/images/menuiserie.jpg using Guid(8583b73c1e913fa4bb19a9de289b754e) Importer(815301076,1909f56bfc062723c751e8b465ee728b)  -> (artifact id: '00000000000000000000000000000000') in 0.036868 seconds
Import Error Code:(4)
Message: Build asset version error: assets/quentin/assets/images/menuiserie.jpg in SourceAssetDB has modification time of '2024-12-20T23:26:57.5868636Z' while content on disk has modification time of '2024-12-20T23:27:07.7758145Z'
  ERROR: Build asset version error: assets/quentin/assets/images/menuiserie.jpg in SourceAssetDB has modification time of '2024-12-20T23:26:57.5868636Z' while content on disk has modification time of '2024-12-20T23:27:07.7758145Z'
Number of updated asset objects reloaded before import = 0
Number of asset objects unloaded after import = 0
========================================================================
Received Import Request.
  Time since last request: 0.008842 seconds.
  path: Assets/Quentin/Assets/images/menuiserie.jpg
  artifactKey: Guid(8583b73c1e913fa4bb19a9de289b754e) Importer(815301076,1909f56bfc062723c751e8b465ee728b)
Start importing Assets/Quentin/Assets/images/menuiserie.jpg using Guid(8583b73c1e913fa4bb19a9de289b754e) Importer(815301076,1909f56bfc062723c751e8b465ee728b)  -> (artifact id: '00000000000000000000000000000000') in 0.027101 seconds
Import Error Code:(4)
Message: Build asset version error: assets/quentin/assets/images/menuiserie.jpg in SourceAssetDB has modification time of '2024-12-20T23:26:57.5868636Z' while content on disk has modification time of '2024-12-20T23:27:07.7758145Z'
  ERROR: Build asset version error: assets/quentin/assets/images/menuiserie.jpg in SourceAssetDB has modification time of '2024-12-20T23:26:57.5868636Z' while content on disk has modification time of '2024-12-20T23:27:07.7758145Z'
Number of updated asset objects reloaded before import = 0
Number of asset objects unloaded after import = 0
========================================================================
Received Import Request.
  Time since last request: 0.007637 seconds.
  path: Assets/Quentin/Assets/images/menuiserie.jpg
  artifactKey: Guid(8583b73c1e913fa4bb19a9de289b754e) Importer(815301076,1909f56bfc062723c751e8b465ee728b)
Start importing Assets/Quentin/Assets/images/menuiserie.jpg using Guid(8583b73c1e913fa4bb19a9de289b754e) Importer(815301076,1909f56bfc062723c751e8b465ee728b)  -> (artifact id: '00000000000000000000000000000000') in 0.023177 seconds
Import Error Code:(4)
Message: Build asset version error: assets/quentin/assets/images/menuiserie.jpg in SourceAssetDB has modification time of '2024-12-20T23:26:57.5868636Z' while content on disk has modification time of '2024-12-20T23:27:07.7758145Z'
  ERROR: Build asset version error: assets/quentin/assets/images/menuiserie.jpg in SourceAssetDB has modification time of '2024-12-20T23:26:57.5868636Z' while content on disk has modification time of '2024-12-20T23:27:07.7758145Z'
Number of updated asset objects reloaded before import = 0
Number of asset objects unloaded after import = 0
========================================================================
Received Import Request.
  Time since last request: 0.030884 seconds.
  path: Assets/Quentin/Assets/images/menuiserie.jpg
  artifactKey: Guid(8583b73c1e913fa4bb19a9de289b754e) Importer(815301076,1909f56bfc062723c751e8b465ee728b)
Start importing Assets/Quentin/Assets/images/menuiserie.jpg using Guid(8583b73c1e913fa4bb19a9de289b754e) Importer(815301076,1909f56bfc062723c751e8b465ee728b)  -> (artifact id: '00000000000000000000000000000000') in 0.034273 seconds
Import Error Code:(4)
Message: Build asset version error: assets/quentin/assets/images/menuiserie.jpg in SourceAssetDB has modification time of '2024-12-20T23:26:57.5868636Z' while content on disk has modification time of '2024-12-20T23:27:07.7758145Z'
  ERROR: Build asset version error: assets/quentin/assets/images/menuiserie.jpg in SourceAssetDB has modification time of '2024-12-20T23:26:57.5868636Z' while content on disk has modification time of '2024-12-20T23:27:07.7758145Z'
Number of updated asset objects reloaded before import = 0
Number of asset objects unloaded after import = 0
========================================================================
Received Import Request.
  Time since last request: 0.033274 seconds.
  path: Assets/Quentin/Assets/images/menuiserie.jpg
  artifactKey: Guid(8583b73c1e913fa4bb19a9de289b754e) Importer(815301076,1909f56bfc062723c751e8b465ee728b)
Start importing Assets/Quentin/Assets/images/menuiserie.jpg using Guid(8583b73c1e913fa4bb19a9de289b754e) Importer(815301076,1909f56bfc062723c751e8b465ee728b)  -> (artifact id: '00000000000000000000000000000000') in 0.027987 seconds
Import Error Code:(4)
Message: Build asset version error: assets/quentin/assets/images/menuiserie.jpg in SourceAssetDB has modification time of '2024-12-20T23:26:57.5868636Z' while content on disk has modification time of '2024-12-20T23:27:07.7758145Z'
  ERROR: Build asset version error: assets/quentin/assets/images/menuiserie.jpg in SourceAssetDB has modification time of '2024-12-20T23:26:57.5868636Z' while content on disk has modification time of '2024-12-20T23:27:07.7758145Z'
Number of updated asset objects reloaded before import = 0
Number of asset objects unloaded after import = 0
========================================================================
Received Import Request.
  Time since last request: 0.000952 seconds.
  path: Assets/Quentin/Assets/images/menuiserie.jpg
  artifactKey: Guid(8583b73c1e913fa4bb19a9de289b754e) Importer(815301076,1909f56bfc062723c751e8b465ee728b)
Start importing Assets/Quentin/Assets/images/menuiserie.jpg using Guid(8583b73c1e913fa4bb19a9de289b754e) Importer(815301076,1909f56bfc062723c751e8b465ee728b)  -> (artifact id: '00000000000000000000000000000000') in 0.034405 seconds
Import Error Code:(4)
Message: Build asset version error: assets/quentin/assets/images/menuiserie.jpg in SourceAssetDB has modification time of '2024-12-20T23:26:57.5868636Z' while content on disk has modification time of '2024-12-20T23:27:07.7758145Z'
  ERROR: Build asset version error: assets/quentin/assets/images/menuiserie.jpg in SourceAssetDB has modification time of '2024-12-20T23:26:57.5868636Z' while content on disk has modification time of '2024-12-20T23:27:07.7758145Z'
Number of updated asset objects reloaded before import = 0
Number of asset objects unloaded after import = 0
========================================================================
Received Import Request.
  Time since last request: 0.000853 seconds.
  path: Assets/Quentin/Assets/images/menuiserie.jpg
  artifactKey: Guid(8583b73c1e913fa4bb19a9de289b754e) Importer(815301076,1909f56bfc062723c751e8b465ee728b)
Start importing Assets/Quentin/Assets/images/menuiserie.jpg using Guid(8583b73c1e913fa4bb19a9de289b754e) Importer(815301076,1909f56bfc062723c751e8b465ee728b)  -> (artifact id: '00000000000000000000000000000000') in 0.030434 seconds
Import Error Code:(4)
Message: Build asset version error: assets/quentin/assets/images/menuiserie.jpg in SourceAssetDB has modification time of '2024-12-20T23:26:57.5868636Z' while content on disk has modification time of '2024-12-20T23:27:07.7758145Z'
  ERROR: Build asset version error: assets/quentin/assets/images/menuiserie.jpg in SourceAssetDB has modification time of '2024-12-20T23:26:57.5868636Z' while content on disk has modification time of '2024-12-20T23:27:07.7758145Z'
Number of updated asset objects reloaded before import = 0
Number of asset objects unloaded after import = 0
========================================================================
Received Import Request.
  Time since last request: 0.010370 seconds.
  path: Assets/Quentin/Assets/images/menuiserie.jpg
  artifactKey: Guid(8583b73c1e913fa4bb19a9de289b754e) Importer(815301076,1909f56bfc062723c751e8b465ee728b)
Start importing Assets/Quentin/Assets/images/menuiserie.jpg using Guid(8583b73c1e913fa4bb19a9de289b754e) Importer(815301076,1909f56bfc062723c751e8b465ee728b)  -> (artifact id: '00000000000000000000000000000000') in 0.025770 seconds
Import Error Code:(4)
Message: Build asset version error: assets/quentin/assets/images/menuiserie.jpg in SourceAssetDB has modification time of '2024-12-20T23:26:57.5868636Z' while content on disk has modification time of '2024-12-20T23:27:07.7758145Z'
  ERROR: Build asset version error: assets/quentin/assets/images/menuiserie.jpg in SourceAssetDB has modification time of '2024-12-20T23:26:57.5868636Z' while content on disk has modification time of '2024-12-20T23:27:07.7758145Z'
Number of updated asset objects reloaded before import = 0
Number of asset objects unloaded after import = 0
========================================================================
Received Import Request.
  Time since last request: 0.009411 seconds.
  path: Assets/Quentin/Assets/images/menuiserie.jpg
  artifactKey: Guid(8583b73c1e913fa4bb19a9de289b754e) Importer(815301076,1909f56bfc062723c751e8b465ee728b)
Start importing Assets/Quentin/Assets/images/menuiserie.jpg using Guid(8583b73c1e913fa4bb19a9de289b754e) Importer(815301076,1909f56bfc062723c751e8b465ee728b)  -> (artifact id: '00000000000000000000000000000000') in 0.030846 seconds
Import Error Code:(4)
Message: Build asset version error: assets/quentin/assets/images/menuiserie.jpg in SourceAssetDB has modification time of '2024-12-20T23:26:57.5868636Z' while content on disk has modification time of '2024-12-20T23:27:07.7758145Z'
  ERROR: Build asset version error: assets/quentin/assets/images/menuiserie.jpg in SourceAssetDB has modification time of '2024-12-20T23:26:57.5868636Z' while content on disk has modification time of '2024-12-20T23:27:07.7758145Z'
Number of updated asset objects reloaded before import = 0
Number of asset objects unloaded after import = 0
========================================================================
Received Import Request.
  Time since last request: 0.003471 seconds.
  path: Assets/Quentin/Assets/images/menuiserie.jpg
  artifactKey: Guid(8583b73c1e913fa4bb19a9de289b754e) Importer(815301076,1909f56bfc062723c751e8b465ee728b)
Start importing Assets/Quentin/Assets/images/menuiserie.jpg using Guid(8583b73c1e913fa4bb19a9de289b754e) Importer(815301076,1909f56bfc062723c751e8b465ee728b)  -> (artifact id: '00000000000000000000000000000000') in 0.037428 seconds
Import Error Code:(4)
Message: Build asset version error: assets/quentin/assets/images/menuiserie.jpg in SourceAssetDB has modification time of '2024-12-20T23:26:57.5868636Z' while content on disk has modification time of '2024-12-20T23:27:07.7758145Z'
  ERROR: Build asset version error: assets/quentin/assets/images/menuiserie.jpg in SourceAssetDB has modification time of '2024-12-20T23:26:57.5868636Z' while content on disk has modification time of '2024-12-20T23:27:07.7758145Z'
Number of updated asset objects reloaded before import = 0
Number of asset objects unloaded after import = 0
========================================================================
Received Import Request.
  Time since last request: 0.005749 seconds.
  path: Assets/Quentin/Assets/images/menuiserie.jpg
  artifactKey: Guid(8583b73c1e913fa4bb19a9de289b754e) Importer(815301076,1909f56bfc062723c751e8b465ee728b)
Start importing Assets/Quentin/Assets/images/menuiserie.jpg using Guid(8583b73c1e913fa4bb19a9de289b754e) Importer(815301076,1909f56bfc062723c751e8b465ee728b)  -> (artifact id: '00000000000000000000000000000000') in 0.026736 seconds
Import Error Code:(4)
Message: Build asset version error: assets/quentin/assets/images/menuiserie.jpg in SourceAssetDB has modification time of '2024-12-20T23:26:57.5868636Z' while content on disk has modification time of '2024-12-20T23:27:07.7758145Z'
  ERROR: Build asset version error: assets/quentin/assets/images/menuiserie.jpg in SourceAssetDB has modification time of '2024-12-20T23:26:57.5868636Z' while content on disk has modification time of '2024-12-20T23:27:07.7758145Z'
Number of updated asset objects reloaded before import = 0
Number of asset objects unloaded after import = 0
========================================================================
Received Import Request.
  Time since last request: 0.014304 seconds.
  path: Assets/Quentin/Assets/images/menuiserie.jpg
  artifactKey: Guid(8583b73c1e913fa4bb19a9de289b754e) Importer(815301076,1909f56bfc062723c751e8b465ee728b)
Start importing Assets/Quentin/Assets/images/menuiserie.jpg using Guid(8583b73c1e913fa4bb19a9de289b754e) Importer(815301076,1909f56bfc062723c751e8b465ee728b)  -> (artifact id: '00000000000000000000000000000000') in 0.035417 seconds
Import Error Code:(4)
Message: Build asset version error: assets/quentin/assets/images/menuiserie.jpg in SourceAssetDB has modification time of '2024-12-20T23:26:57.5868636Z' while content on disk has modification time of '2024-12-20T23:27:07.7758145Z'
  ERROR: Build asset version error: assets/quentin/assets/images/menuiserie.jpg in SourceAssetDB has modification time of '2024-12-20T23:26:57.5868636Z' while content on disk has modification time of '2024-12-20T23:27:07.7758145Z'
Number of updated asset objects reloaded before import = 0
Number of asset objects unloaded after import = 0
========================================================================
Received Import Request.
  Time since last request: 0.013940 seconds.
  path: Assets/Quentin/Assets/images/menuiserie.jpg
  artifactKey: Guid(8583b73c1e913fa4bb19a9de289b754e) Importer(815301076,1909f56bfc062723c751e8b465ee728b)
Start importing Assets/Quentin/Assets/images/menuiserie.jpg using Guid(8583b73c1e913fa4bb19a9de289b754e) Importer(815301076,1909f56bfc062723c751e8b465ee728b)  -> (artifact id: '00000000000000000000000000000000') in 0.047844 seconds
Import Error Code:(4)
Message: Build asset version error: assets/quentin/assets/images/menuiserie.jpg in SourceAssetDB has modification time of '2024-12-20T23:26:57.5868636Z' while content on disk has modification time of '2024-12-20T23:27:07.7758145Z'
  ERROR: Build asset version error: assets/quentin/assets/images/menuiserie.jpg in SourceAssetDB has modification time of '2024-12-20T23:26:57.5868636Z' while content on disk has modification time of '2024-12-20T23:27:07.7758145Z'
Number of updated asset objects reloaded before import = 0
Number of asset objects unloaded after import = 0
========================================================================
Received Import Request.
  Time since last request: 0.007936 seconds.
  path: Assets/Quentin/Assets/images/menuiserie.jpg
  artifactKey: Guid(8583b73c1e913fa4bb19a9de289b754e) Importer(815301076,1909f56bfc062723c751e8b465ee728b)
Start importing Assets/Quentin/Assets/images/menuiserie.jpg using Guid(8583b73c1e913fa4bb19a9de289b754e) Importer(815301076,1909f56bfc062723c751e8b465ee728b)  -> (artifact id: '00000000000000000000000000000000') in 0.026180 seconds
Import Error Code:(4)
Message: Build asset version error: assets/quentin/assets/images/menuiserie.jpg in SourceAssetDB has modification time of '2024-12-20T23:26:57.5868636Z' while content on disk has modification time of '2024-12-20T23:27:07.7758145Z'
  ERROR: Build asset version error: assets/quentin/assets/images/menuiserie.jpg in SourceAssetDB has modification time of '2024-12-20T23:26:57.5868636Z' while content on disk has modification time of '2024-12-20T23:27:07.7758145Z'
Number of updated asset objects reloaded before import = 0
Number of asset objects unloaded after import = 0
========================================================================
Received Import Request.
  Time since last request: 0.010669 seconds.
  path: Assets/Quentin/Assets/images/menuiserie.jpg
  artifactKey: Guid(8583b73c1e913fa4bb19a9de289b754e) Importer(815301076,1909f56bfc062723c751e8b465ee728b)
Start importing Assets/Quentin/Assets/images/menuiserie.jpg using Guid(8583b73c1e913fa4bb19a9de289b754e) Importer(815301076,1909f56bfc062723c751e8b465ee728b)  -> (artifact id: '00000000000000000000000000000000') in 0.022657 seconds
Import Error Code:(4)
Message: Build asset version error: assets/quentin/assets/images/menuiserie.jpg in SourceAssetDB has modification time of '2024-12-20T23:26:57.5868636Z' while content on disk has modification time of '2024-12-20T23:27:07.7758145Z'
  ERROR: Build asset version error: assets/quentin/assets/images/menuiserie.jpg in SourceAssetDB has modification time of '2024-12-20T23:26:57.5868636Z' while content on disk has modification time of '2024-12-20T23:27:07.7758145Z'
Number of updated asset objects reloaded before import = 0
Number of asset objects unloaded after import = 0
========================================================================
Received Import Request.
  Time since last request: 0.014506 seconds.
  path: Assets/Quentin/Assets/images/menuiserie.jpg
  artifactKey: Guid(8583b73c1e913fa4bb19a9de289b754e) Importer(815301076,1909f56bfc062723c751e8b465ee728b)
Start importing Assets/Quentin/Assets/images/menuiserie.jpg using Guid(8583b73c1e913fa4bb19a9de289b754e) Importer(815301076,1909f56bfc062723c751e8b465ee728b)  -> (artifact id: '00000000000000000000000000000000') in 0.025855 seconds
Import Error Code:(4)
Message: Build asset version error: assets/quentin/assets/images/menuiserie.jpg in SourceAssetDB has modification time of '2024-12-20T23:26:57.5868636Z' while content on disk has modification time of '2024-12-20T23:27:07.7758145Z'
  ERROR: Build asset version error: assets/quentin/assets/images/menuiserie.jpg in SourceAssetDB has modification time of '2024-12-20T23:26:57.5868636Z' while content on disk has modification time of '2024-12-20T23:27:07.7758145Z'
Number of updated asset objects reloaded before import = 0
Number of asset objects unloaded after import = 0
========================================================================
Received Import Request.
  Time since last request: 0.025668 seconds.
  path: Assets/Quentin/Assets/images/menuiserie.jpg
  artifactKey: Guid(8583b73c1e913fa4bb19a9de289b754e) Importer(815301076,1909f56bfc062723c751e8b465ee728b)
Start importing Assets/Quentin/Assets/images/menuiserie.jpg using Guid(8583b73c1e913fa4bb19a9de289b754e) Importer(815301076,1909f56bfc062723c751e8b465ee728b)  -> (artifact id: '00000000000000000000000000000000') in 0.049226 seconds
Import Error Code:(4)
Message: Build asset version error: assets/quentin/assets/images/menuiserie.jpg in SourceAssetDB has modification time of '2024-12-20T23:26:57.5868636Z' while content on disk has modification time of '2024-12-20T23:27:07.7758145Z'
  ERROR: Build asset version error: assets/quentin/assets/images/menuiserie.jpg in SourceAssetDB has modification time of '2024-12-20T23:26:57.5868636Z' while content on disk has modification time of '2024-12-20T23:27:07.7758145Z'
Number of updated asset objects reloaded before import = 0
Number of asset objects unloaded after import = 0
========================================================================
Received Import Request.
  Time since last request: 0.006401 seconds.
  path: Assets/Quentin/Assets/images/menuiserie.jpg
  artifactKey: Guid(8583b73c1e913fa4bb19a9de289b754e) Importer(815301076,1909f56bfc062723c751e8b465ee728b)
Start importing Assets/Quentin/Assets/images/menuiserie.jpg using Guid(8583b73c1e913fa4bb19a9de289b754e) Importer(815301076,1909f56bfc062723c751e8b465ee728b)  -> (artifact id: '00000000000000000000000000000000') in 0.031526 seconds
Import Error Code:(4)
Message: Build asset version error: assets/quentin/assets/images/menuiserie.jpg in SourceAssetDB has modification time of '2024-12-20T23:26:57.5868636Z' while content on disk has modification time of '2024-12-20T23:27:07.7758145Z'
  ERROR: Build asset version error: assets/quentin/assets/images/menuiserie.jpg in SourceAssetDB has modification time of '2024-12-20T23:26:57.5868636Z' while content on disk has modification time of '2024-12-20T23:27:07.7758145Z'
Number of updated asset objects reloaded before import = 0
Number of asset objects unloaded after import = 0
========================================================================
Received Import Request.
  Time since last request: 0.008476 seconds.
  path: Assets/Quentin/Assets/images/menuiserie.jpg
  artifactKey: Guid(8583b73c1e913fa4bb19a9de289b754e) Importer(815301076,1909f56bfc062723c751e8b465ee728b)
Start importing Assets/Quentin/Assets/images/menuiserie.jpg using Guid(8583b73c1e913fa4bb19a9de289b754e) Importer(815301076,1909f56bfc062723c751e8b465ee728b)  -> (artifact id: '00000000000000000000000000000000') in 0.036119 seconds
Import Error Code:(4)
Message: Build asset version error: assets/quentin/assets/images/menuiserie.jpg in SourceAssetDB has modification time of '2024-12-20T23:26:57.5868636Z' while content on disk has modification time of '2024-12-20T23:27:07.7758145Z'
  ERROR: Build asset version error: assets/quentin/assets/images/menuiserie.jpg in SourceAssetDB has modification time of '2024-12-20T23:26:57.5868636Z' while content on disk has modification time of '2024-12-20T23:27:07.7758145Z'
Number of updated asset objects reloaded before import = 0
Number of asset objects unloaded after import = 0
========================================================================
Received Import Request.
  Time since last request: 0.005709 seconds.
  path: Assets/Quentin/Assets/images/menuiserie.jpg
  artifactKey: Guid(8583b73c1e913fa4bb19a9de289b754e) Importer(815301076,1909f56bfc062723c751e8b465ee728b)
Start importing Assets/Quentin/Assets/images/menuiserie.jpg using Guid(8583b73c1e913fa4bb19a9de289b754e) Importer(815301076,1909f56bfc062723c751e8b465ee728b)  -> (artifact id: '00000000000000000000000000000000') in 0.040348 seconds
Import Error Code:(4)
Message: Build asset version error: assets/quentin/assets/images/menuiserie.jpg in SourceAssetDB has modification time of '2024-12-20T23:26:57.5868636Z' while content on disk has modification time of '2024-12-20T23:27:07.7758145Z'
  ERROR: Build asset version error: assets/quentin/assets/images/menuiserie.jpg in SourceAssetDB has modification time of '2024-12-20T23:26:57.5868636Z' while content on disk has modification time of '2024-12-20T23:27:07.7758145Z'
Number of updated asset objects reloaded before import = 0
Number of asset objects unloaded after import = 0
========================================================================
Received Import Request.
  Time since last request: 0.002406 seconds.
  path: Assets/Quentin/Assets/images/menuiserie.jpg
  artifactKey: Guid(8583b73c1e913fa4bb19a9de289b754e) Importer(815301076,1909f56bfc062723c751e8b465ee728b)
Start importing Assets/Quentin/Assets/images/menuiserie.jpg using Guid(8583b73c1e913fa4bb19a9de289b754e) Importer(815301076,1909f56bfc062723c751e8b465ee728b)  -> (artifact id: '00000000000000000000000000000000') in 0.029957 seconds
Import Error Code:(4)
Message: Build asset version error: assets/quentin/assets/images/menuiserie.jpg in SourceAssetDB has modification time of '2024-12-20T23:26:57.5868636Z' while content on disk has modification time of '2024-12-20T23:27:07.7758145Z'
  ERROR: Build asset version error: assets/quentin/assets/images/menuiserie.jpg in SourceAssetDB has modification time of '2024-12-20T23:26:57.5868636Z' while content on disk has modification time of '2024-12-20T23:27:07.7758145Z'
Number of updated asset objects reloaded before import = 0
Number of asset objects unloaded after import = 0
========================================================================
Received Import Request.
  Time since last request: 0.006378 seconds.
  path: Assets/Quentin/Assets/images/menuiserie.jpg
  artifactKey: Guid(8583b73c1e913fa4bb19a9de289b754e) Importer(815301076,1909f56bfc062723c751e8b465ee728b)
Start importing Assets/Quentin/Assets/images/menuiserie.jpg using Guid(8583b73c1e913fa4bb19a9de289b754e) Importer(815301076,1909f56bfc062723c751e8b465ee728b)  -> (artifact id: '00000000000000000000000000000000') in 0.035644 seconds
Import Error Code:(4)
Message: Build asset version error: assets/quentin/assets/images/menuiserie.jpg in SourceAssetDB has modification time of '2024-12-20T23:26:57.5868636Z' while content on disk has modification time of '2024-12-20T23:27:07.7758145Z'
  ERROR: Build asset version error: assets/quentin/assets/images/menuiserie.jpg in SourceAssetDB has modification time of '2024-12-20T23:26:57.5868636Z' while content on disk has modification time of '2024-12-20T23:27:07.7758145Z'
Number of updated asset objects reloaded before import = 0
Number of asset objects unloaded after import = 0
========================================================================
Received Import Request.
  Time since last request: 0.006898 seconds.
  path: Assets/Quentin/Assets/images/menuiserie.jpg
  artifactKey: Guid(8583b73c1e913fa4bb19a9de289b754e) Importer(815301076,1909f56bfc062723c751e8b465ee728b)
Start importing Assets/Quentin/Assets/images/menuiserie.jpg using Guid(8583b73c1e913fa4bb19a9de289b754e) Importer(815301076,1909f56bfc062723c751e8b465ee728b)  -> (artifact id: '00000000000000000000000000000000') in 0.039068 seconds
Import Error Code:(4)
Message: Build asset version error: assets/quentin/assets/images/menuiserie.jpg in SourceAssetDB has modification time of '2024-12-20T23:26:57.5868636Z' while content on disk has modification time of '2024-12-20T23:27:07.7758145Z'
  ERROR: Build asset version error: assets/quentin/assets/images/menuiserie.jpg in SourceAssetDB has modification time of '2024-12-20T23:26:57.5868636Z' while content on disk has modification time of '2024-12-20T23:27:07.7758145Z'
Number of updated asset objects reloaded before import = 0
Number of asset objects unloaded after import = 0
========================================================================
Received Import Request.
  Time since last request: 0.011872 seconds.
  path: Assets/Quentin/Assets/images/menuiserie.jpg
  artifactKey: Guid(8583b73c1e913fa4bb19a9de289b754e) Importer(815301076,1909f56bfc062723c751e8b465ee728b)
Start importing Assets/Quentin/Assets/images/menuiserie.jpg using Guid(8583b73c1e913fa4bb19a9de289b754e) Importer(815301076,1909f56bfc062723c751e8b465ee728b)  -> (artifact id: '00000000000000000000000000000000') in 0.029346 seconds
Import Error Code:(4)
Message: Build asset version error: assets/quentin/assets/images/menuiserie.jpg in SourceAssetDB has modification time of '2024-12-20T23:26:57.5868636Z' while content on disk has modification time of '2024-12-20T23:27:07.7758145Z'
  ERROR: Build asset version error: assets/quentin/assets/images/menuiserie.jpg in SourceAssetDB has modification time of '2024-12-20T23:26:57.5868636Z' while content on disk has modification time of '2024-12-20T23:27:07.7758145Z'
Number of updated asset objects reloaded before import = 0
Number of asset objects unloaded after import = 0
========================================================================
Received Import Request.
  Time since last request: 0.015859 seconds.
  path: Assets/Quentin/Assets/images/menuiserie.jpg
  artifactKey: Guid(8583b73c1e913fa4bb19a9de289b754e) Importer(815301076,1909f56bfc062723c751e8b465ee728b)
Start importing Assets/Quentin/Assets/images/menuiserie.jpg using Guid(8583b73c1e913fa4bb19a9de289b754e) Importer(815301076,1909f56bfc062723c751e8b465ee728b)  -> (artifact id: '00000000000000000000000000000000') in 0.033016 seconds
Import Error Code:(4)
Message: Build asset version error: assets/quentin/assets/images/menuiserie.jpg in SourceAssetDB has modification time of '2024-12-20T23:26:57.5868636Z' while content on disk has modification time of '2024-12-20T23:27:07.7758145Z'
  ERROR: Build asset version error: assets/quentin/assets/images/menuiserie.jpg in SourceAssetDB has modification time of '2024-12-20T23:26:57.5868636Z' while content on disk has modification time of '2024-12-20T23:27:07.7758145Z'
Number of updated asset objects reloaded before import = 0
Number of asset objects unloaded after import = 0
========================================================================
Received Import Request.
  Time since last request: 0.018453 seconds.
  path: Assets/Quentin/Assets/images/menuiserie.jpg
  artifactKey: Guid(8583b73c1e913fa4bb19a9de289b754e) Importer(815301076,1909f56bfc062723c751e8b465ee728b)
Start importing Assets/Quentin/Assets/images/menuiserie.jpg using Guid(8583b73c1e913fa4bb19a9de289b754e) Importer(815301076,1909f56bfc062723c751e8b465ee728b)  -> (artifact id: '00000000000000000000000000000000') in 0.029011 seconds
Import Error Code:(4)
Message: Build asset version error: assets/quentin/assets/images/menuiserie.jpg in SourceAssetDB has modification time of '2024-12-20T23:26:57.5868636Z' while content on disk has modification time of '2024-12-20T23:27:07.7758145Z'
  ERROR: Build asset version error: assets/quentin/assets/images/menuiserie.jpg in SourceAssetDB has modification time of '2024-12-20T23:26:57.5868636Z' while content on disk has modification time of '2024-12-20T23:27:07.7758145Z'
Number of updated asset objects reloaded before import = 0
Number of asset objects unloaded after import = 0
========================================================================
Received Import Request.
  Time since last request: 0.051971 seconds.
  path: Assets/Quentin/Assets/images/menuiserie.jpg
  artifactKey: Guid(8583b73c1e913fa4bb19a9de289b754e) Importer(815301076,1909f56bfc062723c751e8b465ee728b)
Start importing Assets/Quentin/Assets/images/menuiserie.jpg using Guid(8583b73c1e913fa4bb19a9de289b754e) Importer(815301076,1909f56bfc062723c751e8b465ee728b)  -> (artifact id: '00000000000000000000000000000000') in 0.034862 seconds
Import Error Code:(4)
Message: Build asset version error: assets/quentin/assets/images/menuiserie.jpg in SourceAssetDB has modification time of '2024-12-20T23:26:57.5868636Z' while content on disk has modification time of '2024-12-20T23:27:07.7758145Z'
  ERROR: Build asset version error: assets/quentin/assets/images/menuiserie.jpg in SourceAssetDB has modification time of '2024-12-20T23:26:57.5868636Z' while content on disk has modification time of '2024-12-20T23:27:07.7758145Z'
Number of updated asset objects reloaded before import = 0
Number of asset objects unloaded after import = 0
========================================================================
Received Import Request.
  Time since last request: 0.015369 seconds.
  path: Assets/Quentin/Assets/images/menuiserie.jpg
  artifactKey: Guid(8583b73c1e913fa4bb19a9de289b754e) Importer(815301076,1909f56bfc062723c751e8b465ee728b)
Start importing Assets/Quentin/Assets/images/menuiserie.jpg using Guid(8583b73c1e913fa4bb19a9de289b754e) Importer(815301076,1909f56bfc062723c751e8b465ee728b)  -> (artifact id: '00000000000000000000000000000000') in 0.043649 seconds
Import Error Code:(4)
Message: Build asset version error: assets/quentin/assets/images/menuiserie.jpg in SourceAssetDB has modification time of '2024-12-20T23:26:57.5868636Z' while content on disk has modification time of '2024-12-20T23:27:07.7758145Z'
  ERROR: Build asset version error: assets/quentin/assets/images/menuiserie.jpg in SourceAssetDB has modification time of '2024-12-20T23:26:57.5868636Z' while content on disk has modification time of '2024-12-20T23:27:07.7758145Z'
Number of updated asset objects reloaded before import = 0
Number of asset objects unloaded after import = 0
========================================================================
Received Import Request.
  Time since last request: 0.015230 seconds.
  path: Assets/Quentin/Assets/images/menuiserie.jpg
  artifactKey: Guid(8583b73c1e913fa4bb19a9de289b754e) Importer(815301076,1909f56bfc062723c751e8b465ee728b)
Start importing Assets/Quentin/Assets/images/menuiserie.jpg using Guid(8583b73c1e913fa4bb19a9de289b754e) Importer(815301076,1909f56bfc062723c751e8b465ee728b)  -> (artifact id: '00000000000000000000000000000000') in 0.031002 seconds
Import Error Code:(4)
Message: Build asset version error: assets/quentin/assets/images/menuiserie.jpg in SourceAssetDB has modification time of '2024-12-20T23:26:57.5868636Z' while content on disk has modification time of '2024-12-20T23:27:07.7758145Z'
  ERROR: Build asset version error: assets/quentin/assets/images/menuiserie.jpg in SourceAssetDB has modification time of '2024-12-20T23:26:57.5868636Z' while content on disk has modification time of '2024-12-20T23:27:07.7758145Z'
Number of updated asset objects reloaded before import = 0
Number of asset objects unloaded after import = 0
========================================================================
Received Import Request.
  Time since last request: 0.052224 seconds.
  path: Assets/Quentin/Assets/images/menuiserie.jpg
  artifactKey: Guid(8583b73c1e913fa4bb19a9de289b754e) Importer(815301076,1909f56bfc062723c751e8b465ee728b)
Start importing Assets/Quentin/Assets/images/menuiserie.jpg using Guid(8583b73c1e913fa4bb19a9de289b754e) Importer(815301076,1909f56bfc062723c751e8b465ee728b)  -> (artifact id: '00000000000000000000000000000000') in 0.032519 seconds
Import Error Code:(4)
Message: Build asset version error: assets/quentin/assets/images/menuiserie.jpg in SourceAssetDB has modification time of '2024-12-20T23:26:57.5868636Z' while content on disk has modification time of '2024-12-20T23:27:07.7758145Z'
  ERROR: Build asset version error: assets/quentin/assets/images/menuiserie.jpg in SourceAssetDB has modification time of '2024-12-20T23:26:57.5868636Z' while content on disk has modification time of '2024-12-20T23:27:07.7758145Z'
Number of updated asset objects reloaded before import = 0
Number of asset objects unloaded after import = 0
========================================================================
Received Import Request.
  Time since last request: 0.005675 seconds.
  path: Assets/Quentin/Assets/images/menuiserie.jpg
  artifactKey: Guid(8583b73c1e913fa4bb19a9de289b754e) Importer(815301076,1909f56bfc062723c751e8b465ee728b)
Start importing Assets/Quentin/Assets/images/menuiserie.jpg using Guid(8583b73c1e913fa4bb19a9de289b754e) Importer(815301076,1909f56bfc062723c751e8b465ee728b)  -> (artifact id: '00000000000000000000000000000000') in 0.038534 seconds
Import Error Code:(4)
Message: Build asset version error: assets/quentin/assets/images/menuiserie.jpg in SourceAssetDB has modification time of '2024-12-20T23:26:57.5868636Z' while content on disk has modification time of '2024-12-20T23:27:07.7758145Z'
  ERROR: Build asset version error: assets/quentin/assets/images/menuiserie.jpg in SourceAssetDB has modification time of '2024-12-20T23:26:57.5868636Z' while content on disk has modification time of '2024-12-20T23:27:07.7758145Z'
Number of updated asset objects reloaded before import = 0
Number of asset objects unloaded after import = 0
========================================================================
Received Import Request.
  Time since last request: 0.017386 seconds.
  path: Assets/Quentin/Assets/images/menuiserie.jpg
  artifactKey: Guid(8583b73c1e913fa4bb19a9de289b754e) Importer(815301076,1909f56bfc062723c751e8b465ee728b)
Start importing Assets/Quentin/Assets/images/menuiserie.jpg using Guid(8583b73c1e913fa4bb19a9de289b754e) Importer(815301076,1909f56bfc062723c751e8b465ee728b)  -> (artifact id: '00000000000000000000000000000000') in 0.032347 seconds
Import Error Code:(4)
Message: Build asset version error: assets/quentin/assets/images/menuiserie.jpg in SourceAssetDB has modification time of '2024-12-20T23:26:57.5868636Z' while content on disk has modification time of '2024-12-20T23:27:07.7758145Z'
  ERROR: Build asset version error: assets/quentin/assets/images/menuiserie.jpg in SourceAssetDB has modification time of '2024-12-20T23:26:57.5868636Z' while content on disk has modification time of '2024-12-20T23:27:07.7758145Z'
Number of updated asset objects reloaded before import = 0
Number of asset objects unloaded after import = 0
========================================================================
Received Import Request.
  Time since last request: 0.029124 seconds.
  path: Assets/Quentin/Assets/images/menuiserie.jpg
  artifactKey: Guid(8583b73c1e913fa4bb19a9de289b754e) Importer(815301076,1909f56bfc062723c751e8b465ee728b)
Start importing Assets/Quentin/Assets/images/menuiserie.jpg using Guid(8583b73c1e913fa4bb19a9de289b754e) Importer(815301076,1909f56bfc062723c751e8b465ee728b)  -> (artifact id: '00000000000000000000000000000000') in 0.026683 seconds
Import Error Code:(4)
Message: Build asset version error: assets/quentin/assets/images/menuiserie.jpg in SourceAssetDB has modification time of '2024-12-20T23:26:57.5868636Z' while content on disk has modification time of '2024-12-20T23:27:07.7758145Z'
  ERROR: Build asset version error: assets/quentin/assets/images/menuiserie.jpg in SourceAssetDB has modification time of '2024-12-20T23:26:57.5868636Z' while content on disk has modification time of '2024-12-20T23:27:07.7758145Z'
Number of updated asset objects reloaded before import = 0
Number of asset objects unloaded after import = 0
========================================================================
Received Import Request.
  Time since last request: 0.008509 seconds.
  path: Assets/Quentin/Assets/images/menuiserie.jpg
  artifactKey: Guid(8583b73c1e913fa4bb19a9de289b754e) Importer(815301076,1909f56bfc062723c751e8b465ee728b)
Start importing Assets/Quentin/Assets/images/menuiserie.jpg using Guid(8583b73c1e913fa4bb19a9de289b754e) Importer(815301076,1909f56bfc062723c751e8b465ee728b)  -> (artifact id: '00000000000000000000000000000000') in 0.037240 seconds
Import Error Code:(4)
Message: Build asset version error: assets/quentin/assets/images/menuiserie.jpg in SourceAssetDB has modification time of '2024-12-20T23:26:57.5868636Z' while content on disk has modification time of '2024-12-20T23:27:07.7758145Z'
  ERROR: Build asset version error: assets/quentin/assets/images/menuiserie.jpg in SourceAssetDB has modification time of '2024-12-20T23:26:57.5868636Z' while content on disk has modification time of '2024-12-20T23:27:07.7758145Z'
Number of updated asset objects reloaded before import = 0
Number of asset objects unloaded after import = 0
========================================================================
Received Import Request.
  Time since last request: 0.017899 seconds.
  path: Assets/Quentin/Assets/images/menuiserie.jpg
  artifactKey: Guid(8583b73c1e913fa4bb19a9de289b754e) Importer(815301076,1909f56bfc062723c751e8b465ee728b)
Start importing Assets/Quentin/Assets/images/menuiserie.jpg using Guid(8583b73c1e913fa4bb19a9de289b754e) Importer(815301076,1909f56bfc062723c751e8b465ee728b)  -> (artifact id: '00000000000000000000000000000000') in 0.040459 seconds
Import Error Code:(4)
Message: Build asset version error: assets/quentin/assets/images/menuiserie.jpg in SourceAssetDB has modification time of '2024-12-20T23:26:57.5868636Z' while content on disk has modification time of '2024-12-20T23:27:07.7758145Z'
  ERROR: Build asset version error: assets/quentin/assets/images/menuiserie.jpg in SourceAssetDB has modification time of '2024-12-20T23:26:57.5868636Z' while content on disk has modification time of '2024-12-20T23:27:07.7758145Z'
Number of updated asset objects reloaded before import = 0
Number of asset objects unloaded after import = 0
========================================================================
Received Import Request.
  Time since last request: 0.011539 seconds.
  path: Assets/Quentin/Assets/images/menuiserie.jpg
  artifactKey: Guid(8583b73c1e913fa4bb19a9de289b754e) Importer(815301076,1909f56bfc062723c751e8b465ee728b)
Start importing Assets/Quentin/Assets/images/menuiserie.jpg using Guid(8583b73c1e913fa4bb19a9de289b754e) Importer(815301076,1909f56bfc062723c751e8b465ee728b)  -> (artifact id: '00000000000000000000000000000000') in 0.026588 seconds
Import Error Code:(4)
Message: Build asset version error: assets/quentin/assets/images/menuiserie.jpg in SourceAssetDB has modification time of '2024-12-20T23:26:57.5868636Z' while content on disk has modification time of '2024-12-20T23:27:07.7758145Z'
  ERROR: Build asset version error: assets/quentin/assets/images/menuiserie.jpg in SourceAssetDB has modification time of '2024-12-20T23:26:57.5868636Z' while content on disk has modification time of '2024-12-20T23:27:07.7758145Z'
Number of updated asset objects reloaded before import = 0
Number of asset objects unloaded after import = 0
========================================================================
Received Import Request.
  Time since last request: 0.028615 seconds.
  path: Assets/Quentin/Assets/images/menuiserie.jpg
  artifactKey: Guid(8583b73c1e913fa4bb19a9de289b754e) Importer(815301076,1909f56bfc062723c751e8b465ee728b)
Start importing Assets/Quentin/Assets/images/menuiserie.jpg using Guid(8583b73c1e913fa4bb19a9de289b754e) Importer(815301076,1909f56bfc062723c751e8b465ee728b)  -> (artifact id: '00000000000000000000000000000000') in 0.031630 seconds
Import Error Code:(4)
Message: Build asset version error: assets/quentin/assets/images/menuiserie.jpg in SourceAssetDB has modification time of '2024-12-20T23:26:57.5868636Z' while content on disk has modification time of '2024-12-20T23:27:07.7758145Z'
  ERROR: Build asset version error: assets/quentin/assets/images/menuiserie.jpg in SourceAssetDB has modification time of '2024-12-20T23:26:57.5868636Z' while content on disk has modification time of '2024-12-20T23:27:07.7758145Z'
Number of updated asset objects reloaded before import = 0
Number of asset objects unloaded after import = 0
========================================================================
Received Import Request.
  Time since last request: 0.036877 seconds.
  path: Assets/Quentin/Assets/images/menuiserie.jpg
  artifactKey: Guid(8583b73c1e913fa4bb19a9de289b754e) Importer(815301076,1909f56bfc062723c751e8b465ee728b)
Start importing Assets/Quentin/Assets/images/menuiserie.jpg using Guid(8583b73c1e913fa4bb19a9de289b754e) Importer(815301076,1909f56bfc062723c751e8b465ee728b)  -> (artifact id: '00000000000000000000000000000000') in 0.028009 seconds
Import Error Code:(4)
Message: Build asset version error: assets/quentin/assets/images/menuiserie.jpg in SourceAssetDB has modification time of '2024-12-20T23:26:57.5868636Z' while content on disk has modification time of '2024-12-20T23:27:07.7758145Z'
  ERROR: Build asset version error: assets/quentin/assets/images/menuiserie.jpg in SourceAssetDB has modification time of '2024-12-20T23:26:57.5868636Z' while content on disk has modification time of '2024-12-20T23:27:07.7758145Z'
Number of updated asset objects reloaded before import = 0
Number of asset objects unloaded after import = 0
========================================================================
Received Import Request.
  Time since last request: 0.014333 seconds.
  path: Assets/Quentin/Assets/images/menuiserie.jpg
  artifactKey: Guid(8583b73c1e913fa4bb19a9de289b754e) Importer(815301076,1909f56bfc062723c751e8b465ee728b)
Start importing Assets/Quentin/Assets/images/menuiserie.jpg using Guid(8583b73c1e913fa4bb19a9de289b754e) Importer(815301076,1909f56bfc062723c751e8b465ee728b)  -> (artifact id: '00000000000000000000000000000000') in 0.029786 seconds
Import Error Code:(4)
Message: Build asset version error: assets/quentin/assets/images/menuiserie.jpg in SourceAssetDB has modification time of '2024-12-20T23:26:57.5868636Z' while content on disk has modification time of '2024-12-20T23:27:07.7758145Z'
  ERROR: Build asset version error: assets/quentin/assets/images/menuiserie.jpg in SourceAssetDB has modification time of '2024-12-20T23:26:57.5868636Z' while content on disk has modification time of '2024-12-20T23:27:07.7758145Z'
Number of updated asset objects reloaded before import = 0
Number of asset objects unloaded after import = 0
========================================================================
Received Import Request.
  Time since last request: 0.011227 seconds.
  path: Assets/Quentin/Assets/images/menuiserie.jpg
  artifactKey: Guid(8583b73c1e913fa4bb19a9de289b754e) Importer(815301076,1909f56bfc062723c751e8b465ee728b)
Start importing Assets/Quentin/Assets/images/menuiserie.jpg using Guid(8583b73c1e913fa4bb19a9de289b754e) Importer(815301076,1909f56bfc062723c751e8b465ee728b)  -> (artifact id: '00000000000000000000000000000000') in 0.034051 seconds
Import Error Code:(4)
Message: Build asset version error: assets/quentin/assets/images/menuiserie.jpg in SourceAssetDB has modification time of '2024-12-20T23:26:57.5868636Z' while content on disk has modification time of '2024-12-20T23:27:07.7758145Z'
  ERROR: Build asset version error: assets/quentin/assets/images/menuiserie.jpg in SourceAssetDB has modification time of '2024-12-20T23:26:57.5868636Z' while content on disk has modification time of '2024-12-20T23:27:07.7758145Z'
Number of updated asset objects reloaded before import = 0
Number of asset objects unloaded after import = 0
========================================================================
Received Import Request.
  Time since last request: 0.013038 seconds.
  path: Assets/Quentin/Assets/images/menuiserie.jpg
  artifactKey: Guid(8583b73c1e913fa4bb19a9de289b754e) Importer(815301076,1909f56bfc062723c751e8b465ee728b)
Start importing Assets/Quentin/Assets/images/menuiserie.jpg using Guid(8583b73c1e913fa4bb19a9de289b754e) Importer(815301076,1909f56bfc062723c751e8b465ee728b)  -> (artifact id: '00000000000000000000000000000000') in 0.036733 seconds
Import Error Code:(4)
Message: Build asset version error: assets/quentin/assets/images/menuiserie.jpg in SourceAssetDB has modification time of '2024-12-20T23:26:57.5868636Z' while content on disk has modification time of '2024-12-20T23:27:07.7758145Z'
  ERROR: Build asset version error: assets/quentin/assets/images/menuiserie.jpg in SourceAssetDB has modification time of '2024-12-20T23:26:57.5868636Z' while content on disk has modification time of '2024-12-20T23:27:07.7758145Z'
Number of updated asset objects reloaded before import = 0
Number of asset objects unloaded after import = 0
========================================================================
Received Import Request.
  Time since last request: 0.007456 seconds.
  path: Assets/Quentin/Assets/images/menuiserie.jpg
  artifactKey: Guid(8583b73c1e913fa4bb19a9de289b754e) Importer(815301076,1909f56bfc062723c751e8b465ee728b)
Start importing Assets/Quentin/Assets/images/menuiserie.jpg using Guid(8583b73c1e913fa4bb19a9de289b754e) Importer(815301076,1909f56bfc062723c751e8b465ee728b)  -> (artifact id: '00000000000000000000000000000000') in 0.028358 seconds
Import Error Code:(4)
Message: Build asset version error: assets/quentin/assets/images/menuiserie.jpg in SourceAssetDB has modification time of '2024-12-20T23:26:57.5868636Z' while content on disk has modification time of '2024-12-20T23:27:07.7758145Z'
  ERROR: Build asset version error: assets/quentin/assets/images/menuiserie.jpg in SourceAssetDB has modification time of '2024-12-20T23:26:57.5868636Z' while content on disk has modification time of '2024-12-20T23:27:07.7758145Z'
Number of updated asset objects reloaded before import = 0
Number of asset objects unloaded after import = 0
========================================================================
Received Import Request.
  Time since last request: 0.008060 seconds.
  path: Assets/Quentin/Assets/images/menuiserie.jpg
  artifactKey: Guid(8583b73c1e913fa4bb19a9de289b754e) Importer(815301076,1909f56bfc062723c751e8b465ee728b)
Start importing Assets/Quentin/Assets/images/menuiserie.jpg using Guid(8583b73c1e913fa4bb19a9de289b754e) Importer(815301076,1909f56bfc062723c751e8b465ee728b)  -> (artifact id: '00000000000000000000000000000000') in 0.028760 seconds
Import Error Code:(4)
Message: Build asset version error: assets/quentin/assets/images/menuiserie.jpg in SourceAssetDB has modification time of '2024-12-20T23:26:57.5868636Z' while content on disk has modification time of '2024-12-20T23:27:07.7758145Z'
  ERROR: Build asset version error: assets/quentin/assets/images/menuiserie.jpg in SourceAssetDB has modification time of '2024-12-20T23:26:57.5868636Z' while content on disk has modification time of '2024-12-20T23:27:07.7758145Z'
Number of updated asset objects reloaded before import = 0
Number of asset objects unloaded after import = 0
========================================================================
Received Import Request.
  Time since last request: 0.011923 seconds.
  path: Assets/Quentin/Assets/images/menuiserie.jpg
  artifactKey: Guid(8583b73c1e913fa4bb19a9de289b754e) Importer(815301076,1909f56bfc062723c751e8b465ee728b)
Start importing Assets/Quentin/Assets/images/menuiserie.jpg using Guid(8583b73c1e913fa4bb19a9de289b754e) Importer(815301076,1909f56bfc062723c751e8b465ee728b)  -> (artifact id: '00000000000000000000000000000000') in 0.032287 seconds
Import Error Code:(4)
Message: Build asset version error: assets/quentin/assets/images/menuiserie.jpg in SourceAssetDB has modification time of '2024-12-20T23:26:57.5868636Z' while content on disk has modification time of '2024-12-20T23:27:07.7758145Z'
  ERROR: Build asset version error: assets/quentin/assets/images/menuiserie.jpg in SourceAssetDB has modification time of '2024-12-20T23:26:57.5868636Z' while content on disk has modification time of '2024-12-20T23:27:07.7758145Z'
Number of updated asset objects reloaded before import = 0
Number of asset objects unloaded after import = 0
========================================================================
Received Import Request.
  Time since last request: 0.007945 seconds.
  path: Assets/Quentin/Assets/images/menuiserie.jpg
  artifactKey: Guid(8583b73c1e913fa4bb19a9de289b754e) Importer(815301076,1909f56bfc062723c751e8b465ee728b)
Start importing Assets/Quentin/Assets/images/menuiserie.jpg using Guid(8583b73c1e913fa4bb19a9de289b754e) Importer(815301076,1909f56bfc062723c751e8b465ee728b)  -> (artifact id: '00000000000000000000000000000000') in 0.035644 seconds
Import Error Code:(4)
Message: Build asset version error: assets/quentin/assets/images/menuiserie.jpg in SourceAssetDB has modification time of '2024-12-20T23:26:57.5868636Z' while content on disk has modification time of '2024-12-20T23:27:07.7758145Z'
  ERROR: Build asset version error: assets/quentin/assets/images/menuiserie.jpg in SourceAssetDB has modification time of '2024-12-20T23:26:57.5868636Z' while content on disk has modification time of '2024-12-20T23:27:07.7758145Z'
Number of updated asset objects reloaded before import = 0
Number of asset objects unloaded after import = 0
========================================================================
Received Import Request.
  Time since last request: 0.012837 seconds.
  path: Assets/Quentin/Assets/images/menuiserie.jpg
  artifactKey: Guid(8583b73c1e913fa4bb19a9de289b754e) Importer(815301076,1909f56bfc062723c751e8b465ee728b)
Start importing Assets/Quentin/Assets/images/menuiserie.jpg using Guid(8583b73c1e913fa4bb19a9de289b754e) Importer(815301076,1909f56bfc062723c751e8b465ee728b)  -> (artifact id: '00000000000000000000000000000000') in 0.028040 seconds
Import Error Code:(4)
Message: Build asset version error: assets/quentin/assets/images/menuiserie.jpg in SourceAssetDB has modification time of '2024-12-20T23:26:57.5868636Z' while content on disk has modification time of '2024-12-20T23:27:07.7758145Z'
  ERROR: Build asset version error: assets/quentin/assets/images/menuiserie.jpg in SourceAssetDB has modification time of '2024-12-20T23:26:57.5868636Z' while content on disk has modification time of '2024-12-20T23:27:07.7758145Z'
Number of updated asset objects reloaded before import = 0
Number of asset objects unloaded after import = 0
========================================================================
Received Import Request.
  Time since last request: 0.008797 seconds.
  path: Assets/Quentin/Assets/images/menuiserie.jpg
  artifactKey: Guid(8583b73c1e913fa4bb19a9de289b754e) Importer(815301076,1909f56bfc062723c751e8b465ee728b)
Start importing Assets/Quentin/Assets/images/menuiserie.jpg using Guid(8583b73c1e913fa4bb19a9de289b754e) Importer(815301076,1909f56bfc062723c751e8b465ee728b)  -> (artifact id: '00000000000000000000000000000000') in 0.033372 seconds
Import Error Code:(4)
Message: Build asset version error: assets/quentin/assets/images/menuiserie.jpg in SourceAssetDB has modification time of '2024-12-20T23:26:57.5868636Z' while content on disk has modification time of '2024-12-20T23:27:07.7758145Z'
  ERROR: Build asset version error: assets/quentin/assets/images/menuiserie.jpg in SourceAssetDB has modification time of '2024-12-20T23:26:57.5868636Z' while content on disk has modification time of '2024-12-20T23:27:07.7758145Z'
Number of updated asset objects reloaded before import = 0
Number of asset objects unloaded after import = 0
========================================================================
Received Import Request.
  Time since last request: 0.006972 seconds.
  path: Assets/Quentin/Assets/images/menuiserie.jpg
  artifactKey: Guid(8583b73c1e913fa4bb19a9de289b754e) Importer(815301076,1909f56bfc062723c751e8b465ee728b)
Start importing Assets/Quentin/Assets/images/menuiserie.jpg using Guid(8583b73c1e913fa4bb19a9de289b754e) Importer(815301076,1909f56bfc062723c751e8b465ee728b)  -> (artifact id: '00000000000000000000000000000000') in 0.031598 seconds
Import Error Code:(4)
Message: Build asset version error: assets/quentin/assets/images/menuiserie.jpg in SourceAssetDB has modification time of '2024-12-20T23:26:57.5868636Z' while content on disk has modification time of '2024-12-20T23:27:07.7758145Z'
  ERROR: Build asset version error: assets/quentin/assets/images/menuiserie.jpg in SourceAssetDB has modification time of '2024-12-20T23:26:57.5868636Z' while content on disk has modification time of '2024-12-20T23:27:07.7758145Z'
Number of updated asset objects reloaded before import = 0
Number of asset objects unloaded after import = 0
========================================================================
Received Import Request.
  Time since last request: 0.004923 seconds.
  path: Assets/Quentin/Assets/images/menuiserie.jpg
  artifactKey: Guid(8583b73c1e913fa4bb19a9de289b754e) Importer(815301076,1909f56bfc062723c751e8b465ee728b)
Start importing Assets/Quentin/Assets/images/menuiserie.jpg using Guid(8583b73c1e913fa4bb19a9de289b754e) Importer(815301076,1909f56bfc062723c751e8b465ee728b)  -> (artifact id: '00000000000000000000000000000000') in 0.032420 seconds
Import Error Code:(4)
Message: Build asset version error: assets/quentin/assets/images/menuiserie.jpg in SourceAssetDB has modification time of '2024-12-20T23:26:57.5868636Z' while content on disk has modification time of '2024-12-20T23:27:07.7758145Z'
  ERROR: Build asset version error: assets/quentin/assets/images/menuiserie.jpg in SourceAssetDB has modification time of '2024-12-20T23:26:57.5868636Z' while content on disk has modification time of '2024-12-20T23:27:07.7758145Z'
Number of updated asset objects reloaded before import = 0
Number of asset objects unloaded after import = 0
========================================================================
Received Import Request.
  Time since last request: 0.006206 seconds.
  path: Assets/Quentin/Assets/images/menuiserie.jpg
  artifactKey: Guid(8583b73c1e913fa4bb19a9de289b754e) Importer(815301076,1909f56bfc062723c751e8b465ee728b)
Start importing Assets/Quentin/Assets/images/menuiserie.jpg using Guid(8583b73c1e913fa4bb19a9de289b754e) Importer(815301076,1909f56bfc062723c751e8b465ee728b)  -> (artifact id: '00000000000000000000000000000000') in 0.033300 seconds
Import Error Code:(4)
Message: Build asset version error: assets/quentin/assets/images/menuiserie.jpg in SourceAssetDB has modification time of '2024-12-20T23:26:57.5868636Z' while content on disk has modification time of '2024-12-20T23:27:07.7758145Z'
  ERROR: Build asset version error: assets/quentin/assets/images/menuiserie.jpg in SourceAssetDB has modification time of '2024-12-20T23:26:57.5868636Z' while content on disk has modification time of '2024-12-20T23:27:07.7758145Z'
Number of updated asset objects reloaded before import = 0
Number of asset objects unloaded after import = 0
========================================================================
Received Import Request.
  Time since last request: 0.010703 seconds.
  path: Assets/Quentin/Assets/images/menuiserie.jpg
  artifactKey: Guid(8583b73c1e913fa4bb19a9de289b754e) Importer(815301076,1909f56bfc062723c751e8b465ee728b)
Start importing Assets/Quentin/Assets/images/menuiserie.jpg using Guid(8583b73c1e913fa4bb19a9de289b754e) Importer(815301076,1909f56bfc062723c751e8b465ee728b)  -> (artifact id: '00000000000000000000000000000000') in 0.031278 seconds
Import Error Code:(4)
Message: Build asset version error: assets/quentin/assets/images/menuiserie.jpg in SourceAssetDB has modification time of '2024-12-20T23:26:57.5868636Z' while content on disk has modification time of '2024-12-20T23:27:07.7758145Z'
  ERROR: Build asset version error: assets/quentin/assets/images/menuiserie.jpg in SourceAssetDB has modification time of '2024-12-20T23:26:57.5868636Z' while content on disk has modification time of '2024-12-20T23:27:07.7758145Z'
Number of updated asset objects reloaded before import = 0
Number of asset objects unloaded after import = 0
========================================================================
Received Import Request.
  Time since last request: 0.008665 seconds.
  path: Assets/Quentin/Assets/images/menuiserie.jpg
  artifactKey: Guid(8583b73c1e913fa4bb19a9de289b754e) Importer(815301076,1909f56bfc062723c751e8b465ee728b)
Start importing Assets/Quentin/Assets/images/menuiserie.jpg using Guid(8583b73c1e913fa4bb19a9de289b754e) Importer(815301076,1909f56bfc062723c751e8b465ee728b)  -> (artifact id: '00000000000000000000000000000000') in 0.028017 seconds
Import Error Code:(4)
Message: Build asset version error: assets/quentin/assets/images/menuiserie.jpg in SourceAssetDB has modification time of '2024-12-20T23:26:57.5868636Z' while content on disk has modification time of '2024-12-20T23:27:07.7758145Z'
  ERROR: Build asset version error: assets/quentin/assets/images/menuiserie.jpg in SourceAssetDB has modification time of '2024-12-20T23:26:57.5868636Z' while content on disk has modification time of '2024-12-20T23:27:07.7758145Z'
Number of updated asset objects reloaded before import = 0
Number of asset objects unloaded after import = 0
========================================================================
Received Import Request.
  Time since last request: 0.009914 seconds.
  path: Assets/Quentin/Assets/images/menuiserie.jpg
  artifactKey: Guid(8583b73c1e913fa4bb19a9de289b754e) Importer(815301076,1909f56bfc062723c751e8b465ee728b)
Start importing Assets/Quentin/Assets/images/menuiserie.jpg using Guid(8583b73c1e913fa4bb19a9de289b754e) Importer(815301076,1909f56bfc062723c751e8b465ee728b)  -> (artifact id: '00000000000000000000000000000000') in 0.031621 seconds
Import Error Code:(4)
Message: Build asset version error: assets/quentin/assets/images/menuiserie.jpg in SourceAssetDB has modification time of '2024-12-20T23:26:57.5868636Z' while content on disk has modification time of '2024-12-20T23:27:07.7758145Z'
  ERROR: Build asset version error: assets/quentin/assets/images/menuiserie.jpg in SourceAssetDB has modification time of '2024-12-20T23:26:57.5868636Z' while content on disk has modification time of '2024-12-20T23:27:07.7758145Z'
Number of updated asset objects reloaded before import = 0
Number of asset objects unloaded after import = 0
========================================================================
Received Import Request.
  Time since last request: 0.018798 seconds.
  path: Assets/Quentin/Assets/images/menuiserie.jpg
  artifactKey: Guid(8583b73c1e913fa4bb19a9de289b754e) Importer(815301076,1909f56bfc062723c751e8b465ee728b)
Start importing Assets/Quentin/Assets/images/menuiserie.jpg using Guid(8583b73c1e913fa4bb19a9de289b754e) Importer(815301076,1909f56bfc062723c751e8b465ee728b)  -> (artifact id: '00000000000000000000000000000000') in 0.030738 seconds
Import Error Code:(4)
Message: Build asset version error: assets/quentin/assets/images/menuiserie.jpg in SourceAssetDB has modification time of '2024-12-20T23:26:57.5868636Z' while content on disk has modification time of '2024-12-20T23:27:07.7758145Z'
  ERROR: Build asset version error: assets/quentin/assets/images/menuiserie.jpg in SourceAssetDB has modification time of '2024-12-20T23:26:57.5868636Z' while content on disk has modification time of '2024-12-20T23:27:07.7758145Z'
Number of updated asset objects reloaded before import = 0
Number of asset objects unloaded after import = 0
========================================================================
Received Import Request.
  Time since last request: 0.009630 seconds.
  path: Assets/Quentin/Assets/images/menuiserie.jpg
  artifactKey: Guid(8583b73c1e913fa4bb19a9de289b754e) Importer(815301076,1909f56bfc062723c751e8b465ee728b)
Start importing Assets/Quentin/Assets/images/menuiserie.jpg using Guid(8583b73c1e913fa4bb19a9de289b754e) Importer(815301076,1909f56bfc062723c751e8b465ee728b)  -> (artifact id: '00000000000000000000000000000000') in 0.033839 seconds
Import Error Code:(4)
Message: Build asset version error: assets/quentin/assets/images/menuiserie.jpg in SourceAssetDB has modification time of '2024-12-20T23:26:57.5868636Z' while content on disk has modification time of '2024-12-20T23:27:07.7758145Z'
  ERROR: Build asset version error: assets/quentin/assets/images/menuiserie.jpg in SourceAssetDB has modification time of '2024-12-20T23:26:57.5868636Z' while content on disk has modification time of '2024-12-20T23:27:07.7758145Z'
Number of updated asset objects reloaded before import = 0
Number of asset objects unloaded after import = 0
========================================================================
Received Import Request.
  Time since last request: 0.009489 seconds.
  path: Assets/Quentin/Assets/images/menuiserie.jpg
  artifactKey: Guid(8583b73c1e913fa4bb19a9de289b754e) Importer(815301076,1909f56bfc062723c751e8b465ee728b)
Start importing Assets/Quentin/Assets/images/menuiserie.jpg using Guid(8583b73c1e913fa4bb19a9de289b754e) Importer(815301076,1909f56bfc062723c751e8b465ee728b)  -> (artifact id: '00000000000000000000000000000000') in 0.035002 seconds
Import Error Code:(4)
Message: Build asset version error: assets/quentin/assets/images/menuiserie.jpg in SourceAssetDB has modification time of '2024-12-20T23:26:57.5868636Z' while content on disk has modification time of '2024-12-20T23:27:07.7758145Z'
  ERROR: Build asset version error: assets/quentin/assets/images/menuiserie.jpg in SourceAssetDB has modification time of '2024-12-20T23:26:57.5868636Z' while content on disk has modification time of '2024-12-20T23:27:07.7758145Z'
Number of updated asset objects reloaded before import = 0
Number of asset objects unloaded after import = 0
========================================================================
Received Import Request.
  Time since last request: 0.012052 seconds.
  path: Assets/Quentin/Assets/images/menuiserie.jpg
  artifactKey: Guid(8583b73c1e913fa4bb19a9de289b754e) Importer(815301076,1909f56bfc062723c751e8b465ee728b)
Start importing Assets/Quentin/Assets/images/menuiserie.jpg using Guid(8583b73c1e913fa4bb19a9de289b754e) Importer(815301076,1909f56bfc062723c751e8b465ee728b)  -> (artifact id: '00000000000000000000000000000000') in 0.029293 seconds
Import Error Code:(4)
Message: Build asset version error: assets/quentin/assets/images/menuiserie.jpg in SourceAssetDB has modification time of '2024-12-20T23:26:57.5868636Z' while content on disk has modification time of '2024-12-20T23:27:07.7758145Z'
  ERROR: Build asset version error: assets/quentin/assets/images/menuiserie.jpg in SourceAssetDB has modification time of '2024-12-20T23:26:57.5868636Z' while content on disk has modification time of '2024-12-20T23:27:07.7758145Z'
Number of updated asset objects reloaded before import = 0
Number of asset objects unloaded after import = 0
========================================================================
Received Import Request.
  Time since last request: 0.008910 seconds.
  path: Assets/Quentin/Assets/images/menuiserie.jpg
  artifactKey: Guid(8583b73c1e913fa4bb19a9de289b754e) Importer(815301076,1909f56bfc062723c751e8b465ee728b)
Start importing Assets/Quentin/Assets/images/menuiserie.jpg using Guid(8583b73c1e913fa4bb19a9de289b754e) Importer(815301076,1909f56bfc062723c751e8b465ee728b)  -> (artifact id: '00000000000000000000000000000000') in 0.027347 seconds
Import Error Code:(4)
Message: Build asset version error: assets/quentin/assets/images/menuiserie.jpg in SourceAssetDB has modification time of '2024-12-20T23:26:57.5868636Z' while content on disk has modification time of '2024-12-20T23:27:07.7758145Z'
  ERROR: Build asset version error: assets/quentin/assets/images/menuiserie.jpg in SourceAssetDB has modification time of '2024-12-20T23:26:57.5868636Z' while content on disk has modification time of '2024-12-20T23:27:07.7758145Z'
Number of updated asset objects reloaded before import = 0
Number of asset objects unloaded after import = 0
========================================================================
Received Import Request.
  Time since last request: 0.010728 seconds.
  path: Assets/Quentin/Assets/images/menuiserie.jpg
  artifactKey: Guid(8583b73c1e913fa4bb19a9de289b754e) Importer(815301076,1909f56bfc062723c751e8b465ee728b)
Start importing Assets/Quentin/Assets/images/menuiserie.jpg using Guid(8583b73c1e913fa4bb19a9de289b754e) Importer(815301076,1909f56bfc062723c751e8b465ee728b)  -> (artifact id: '00000000000000000000000000000000') in 0.035355 seconds
Import Error Code:(4)
Message: Build asset version error: assets/quentin/assets/images/menuiserie.jpg in SourceAssetDB has modification time of '2024-12-20T23:26:57.5868636Z' while content on disk has modification time of '2024-12-20T23:27:07.7758145Z'
  ERROR: Build asset version error: assets/quentin/assets/images/menuiserie.jpg in SourceAssetDB has modification time of '2024-12-20T23:26:57.5868636Z' while content on disk has modification time of '2024-12-20T23:27:07.7758145Z'
Number of updated asset objects reloaded before import = 0
Number of asset objects unloaded after import = 0
========================================================================
Received Import Request.
  Time since last request: 0.008079 seconds.
  path: Assets/Quentin/Assets/images/menuiserie.jpg
  artifactKey: Guid(8583b73c1e913fa4bb19a9de289b754e) Importer(815301076,1909f56bfc062723c751e8b465ee728b)
Start importing Assets/Quentin/Assets/images/menuiserie.jpg using Guid(8583b73c1e913fa4bb19a9de289b754e) Importer(815301076,1909f56bfc062723c751e8b465ee728b)  -> (artifact id: '00000000000000000000000000000000') in 0.023782 seconds
Import Error Code:(4)
Message: Build asset version error: assets/quentin/assets/images/menuiserie.jpg in SourceAssetDB has modification time of '2024-12-20T23:26:57.5868636Z' while content on disk has modification time of '2024-12-20T23:27:07.7758145Z'
  ERROR: Build asset version error: assets/quentin/assets/images/menuiserie.jpg in SourceAssetDB has modification time of '2024-12-20T23:26:57.5868636Z' while content on disk has modification time of '2024-12-20T23:27:07.7758145Z'
Number of updated asset objects reloaded before import = 0
Number of asset objects unloaded after import = 0
========================================================================
Received Import Request.
  Time since last request: 0.031951 seconds.
  path: Assets/Quentin/Assets/images/menuiserie.jpg
  artifactKey: Guid(8583b73c1e913fa4bb19a9de289b754e) Importer(815301076,1909f56bfc062723c751e8b465ee728b)
Start importing Assets/Quentin/Assets/images/menuiserie.jpg using Guid(8583b73c1e913fa4bb19a9de289b754e) Importer(815301076,1909f56bfc062723c751e8b465ee728b)  -> (artifact id: '00000000000000000000000000000000') in 0.021075 seconds
Import Error Code:(4)
Message: Build asset version error: assets/quentin/assets/images/menuiserie.jpg in SourceAssetDB has modification time of '2024-12-20T23:26:57.5868636Z' while content on disk has modification time of '2024-12-20T23:27:07.7758145Z'
  ERROR: Build asset version error: assets/quentin/assets/images/menuiserie.jpg in SourceAssetDB has modification time of '2024-12-20T23:26:57.5868636Z' while content on disk has modification time of '2024-12-20T23:27:07.7758145Z'
Number of updated asset objects reloaded before import = 0
Number of asset objects unloaded after import = 0
========================================================================
Received Import Request.
  Time since last request: 0.012540 seconds.
  path: Assets/Quentin/Assets/images/menuiserie.jpg
  artifactKey: Guid(8583b73c1e913fa4bb19a9de289b754e) Importer(815301076,1909f56bfc062723c751e8b465ee728b)
Start importing Assets/Quentin/Assets/images/menuiserie.jpg using Guid(8583b73c1e913fa4bb19a9de289b754e) Importer(815301076,1909f56bfc062723c751e8b465ee728b)  -> (artifact id: '00000000000000000000000000000000') in 0.027878 seconds
Import Error Code:(4)
Message: Build asset version error: assets/quentin/assets/images/menuiserie.jpg in SourceAssetDB has modification time of '2024-12-20T23:26:57.5868636Z' while content on disk has modification time of '2024-12-20T23:27:07.7758145Z'
  ERROR: Build asset version error: assets/quentin/assets/images/menuiserie.jpg in SourceAssetDB has modification time of '2024-12-20T23:26:57.5868636Z' while content on disk has modification time of '2024-12-20T23:27:07.7758145Z'
Number of updated asset objects reloaded before import = 0
Number of asset objects unloaded after import = 0
========================================================================
Received Import Request.
  Time since last request: 0.005839 seconds.
  path: Assets/Quentin/Assets/images/menuiserie.jpg
  artifactKey: Guid(8583b73c1e913fa4bb19a9de289b754e) Importer(815301076,1909f56bfc062723c751e8b465ee728b)
Start importing Assets/Quentin/Assets/images/menuiserie.jpg using Guid(8583b73c1e913fa4bb19a9de289b754e) Importer(815301076,1909f56bfc062723c751e8b465ee728b)  -> (artifact id: '00000000000000000000000000000000') in 0.027763 seconds
Import Error Code:(4)
Message: Build asset version error: assets/quentin/assets/images/menuiserie.jpg in SourceAssetDB has modification time of '2024-12-20T23:26:57.5868636Z' while content on disk has modification time of '2024-12-20T23:27:07.7758145Z'
  ERROR: Build asset version error: assets/quentin/assets/images/menuiserie.jpg in SourceAssetDB has modification time of '2024-12-20T23:26:57.5868636Z' while content on disk has modification time of '2024-12-20T23:27:07.7758145Z'
Number of updated asset objects reloaded before import = 0
Number of asset objects unloaded after import = 0
========================================================================
Received Import Request.
  Time since last request: 0.006625 seconds.
  path: Assets/Quentin/Assets/images/menuiserie.jpg
  artifactKey: Guid(8583b73c1e913fa4bb19a9de289b754e) Importer(815301076,1909f56bfc062723c751e8b465ee728b)
Start importing Assets/Quentin/Assets/images/menuiserie.jpg using Guid(8583b73c1e913fa4bb19a9de289b754e) Importer(815301076,1909f56bfc062723c751e8b465ee728b)  -> (artifact id: '00000000000000000000000000000000') in 0.028484 seconds
Import Error Code:(4)
Message: Build asset version error: assets/quentin/assets/images/menuiserie.jpg in SourceAssetDB has modification time of '2024-12-20T23:26:57.5868636Z' while content on disk has modification time of '2024-12-20T23:27:07.7758145Z'
  ERROR: Build asset version error: assets/quentin/assets/images/menuiserie.jpg in SourceAssetDB has modification time of '2024-12-20T23:26:57.5868636Z' while content on disk has modification time of '2024-12-20T23:27:07.7758145Z'
Number of updated asset objects reloaded before import = 0
Number of asset objects unloaded after import = 0
========================================================================
Received Import Request.
  Time since last request: 0.007924 seconds.
  path: Assets/Quentin/Assets/images/menuiserie.jpg
  artifactKey: Guid(8583b73c1e913fa4bb19a9de289b754e) Importer(815301076,1909f56bfc062723c751e8b465ee728b)
Start importing Assets/Quentin/Assets/images/menuiserie.jpg using Guid(8583b73c1e913fa4bb19a9de289b754e) Importer(815301076,1909f56bfc062723c751e8b465ee728b)  -> (artifact id: '00000000000000000000000000000000') in 0.035539 seconds
Import Error Code:(4)
Message: Build asset version error: assets/quentin/assets/images/menuiserie.jpg in SourceAssetDB has modification time of '2024-12-20T23:26:57.5868636Z' while content on disk has modification time of '2024-12-20T23:27:07.7758145Z'
  ERROR: Build asset version error: assets/quentin/assets/images/menuiserie.jpg in SourceAssetDB has modification time of '2024-12-20T23:26:57.5868636Z' while content on disk has modification time of '2024-12-20T23:27:07.7758145Z'
Number of updated asset objects reloaded before import = 0
Number of asset objects unloaded after import = 0
========================================================================
Received Import Request.
  Time since last request: 0.003512 seconds.
  path: Assets/Quentin/Assets/images/menuiserie.jpg
  artifactKey: Guid(8583b73c1e913fa4bb19a9de289b754e) Importer(815301076,1909f56bfc062723c751e8b465ee728b)
Start importing Assets/Quentin/Assets/images/menuiserie.jpg using Guid(8583b73c1e913fa4bb19a9de289b754e) Importer(815301076,1909f56bfc062723c751e8b465ee728b)  -> (artifact id: '00000000000000000000000000000000') in 0.033935 seconds
Import Error Code:(4)
Message: Build asset version error: assets/quentin/assets/images/menuiserie.jpg in SourceAssetDB has modification time of '2024-12-20T23:26:57.5868636Z' while content on disk has modification time of '2024-12-20T23:27:07.7758145Z'
  ERROR: Build asset version error: assets/quentin/assets/images/menuiserie.jpg in SourceAssetDB has modification time of '2024-12-20T23:26:57.5868636Z' while content on disk has modification time of '2024-12-20T23:27:07.7758145Z'
Number of updated asset objects reloaded before import = 0
Number of asset objects unloaded after import = 0
========================================================================
Received Import Request.
  Time since last request: 0.007712 seconds.
  path: Assets/Quentin/Assets/images/menuiserie.jpg
  artifactKey: Guid(8583b73c1e913fa4bb19a9de289b754e) Importer(815301076,1909f56bfc062723c751e8b465ee728b)
Start importing Assets/Quentin/Assets/images/menuiserie.jpg using Guid(8583b73c1e913fa4bb19a9de289b754e) Importer(815301076,1909f56bfc062723c751e8b465ee728b)  -> (artifact id: '00000000000000000000000000000000') in 0.037034 seconds
Import Error Code:(4)
Message: Build asset version error: assets/quentin/assets/images/menuiserie.jpg in SourceAssetDB has modification time of '2024-12-20T23:26:57.5868636Z' while content on disk has modification time of '2024-12-20T23:27:07.7758145Z'
  ERROR: Build asset version error: assets/quentin/assets/images/menuiserie.jpg in SourceAssetDB has modification time of '2024-12-20T23:26:57.5868636Z' while content on disk has modification time of '2024-12-20T23:27:07.7758145Z'
Number of updated asset objects reloaded before import = 0
Number of asset objects unloaded after import = 0
========================================================================
Received Import Request.
  Time since last request: 0.002027 seconds.
  path: Assets/Quentin/Assets/images/menuiserie.jpg
  artifactKey: Guid(8583b73c1e913fa4bb19a9de289b754e) Importer(815301076,1909f56bfc062723c751e8b465ee728b)
Start importing Assets/Quentin/Assets/images/menuiserie.jpg using Guid(8583b73c1e913fa4bb19a9de289b754e) Importer(815301076,1909f56bfc062723c751e8b465ee728b)  -> (artifact id: '00000000000000000000000000000000') in 0.033769 seconds
Import Error Code:(4)
Message: Build asset version error: assets/quentin/assets/images/menuiserie.jpg in SourceAssetDB has modification time of '2024-12-20T23:26:57.5868636Z' while content on disk has modification time of '2024-12-20T23:27:07.7758145Z'
  ERROR: Build asset version error: assets/quentin/assets/images/menuiserie.jpg in SourceAssetDB has modification time of '2024-12-20T23:26:57.5868636Z' while content on disk has modification time of '2024-12-20T23:27:07.7758145Z'
Number of updated asset objects reloaded before import = 0
Number of asset objects unloaded after import = 0
========================================================================
Received Import Request.
  Time since last request: 0.008415 seconds.
  path: Assets/Quentin/Assets/images/menuiserie.jpg
  artifactKey: Guid(8583b73c1e913fa4bb19a9de289b754e) Importer(815301076,1909f56bfc062723c751e8b465ee728b)
Start importing Assets/Quentin/Assets/images/menuiserie.jpg using Guid(8583b73c1e913fa4bb19a9de289b754e) Importer(815301076,1909f56bfc062723c751e8b465ee728b)  -> (artifact id: '00000000000000000000000000000000') in 0.025552 seconds
Import Error Code:(4)
Message: Build asset version error: assets/quentin/assets/images/menuiserie.jpg in SourceAssetDB has modification time of '2024-12-20T23:26:57.5868636Z' while content on disk has modification time of '2024-12-20T23:27:07.7758145Z'
  ERROR: Build asset version error: assets/quentin/assets/images/menuiserie.jpg in SourceAssetDB has modification time of '2024-12-20T23:26:57.5868636Z' while content on disk has modification time of '2024-12-20T23:27:07.7758145Z'
Number of updated asset objects reloaded before import = 0
Number of asset objects unloaded after import = 0
========================================================================
Received Import Request.
  Time since last request: 0.010729 seconds.
  path: Assets/Quentin/Assets/images/menuiserie.jpg
  artifactKey: Guid(8583b73c1e913fa4bb19a9de289b754e) Importer(815301076,1909f56bfc062723c751e8b465ee728b)
Start importing Assets/Quentin/Assets/images/menuiserie.jpg using Guid(8583b73c1e913fa4bb19a9de289b754e) Importer(815301076,1909f56bfc062723c751e8b465ee728b)  -> (artifact id: '00000000000000000000000000000000') in 0.026892 seconds
Import Error Code:(4)
Message: Build asset version error: assets/quentin/assets/images/menuiserie.jpg in SourceAssetDB has modification time of '2024-12-20T23:26:57.5868636Z' while content on disk has modification time of '2024-12-20T23:27:07.7758145Z'
  ERROR: Build asset version error: assets/quentin/assets/images/menuiserie.jpg in SourceAssetDB has modification time of '2024-12-20T23:26:57.5868636Z' while content on disk has modification time of '2024-12-20T23:27:07.7758145Z'
Number of updated asset objects reloaded before import = 0
Number of asset objects unloaded after import = 0
========================================================================
Received Import Request.
  Time since last request: 0.004420 seconds.
  path: Assets/Quentin/Assets/images/menuiserie.jpg
  artifactKey: Guid(8583b73c1e913fa4bb19a9de289b754e) Importer(815301076,1909f56bfc062723c751e8b465ee728b)
Start importing Assets/Quentin/Assets/images/menuiserie.jpg using Guid(8583b73c1e913fa4bb19a9de289b754e) Importer(815301076,1909f56bfc062723c751e8b465ee728b)  -> (artifact id: '00000000000000000000000000000000') in 0.021711 seconds
Import Error Code:(4)
Message: Build asset version error: assets/quentin/assets/images/menuiserie.jpg in SourceAssetDB has modification time of '2024-12-20T23:26:57.5868636Z' while content on disk has modification time of '2024-12-20T23:27:07.7758145Z'
  ERROR: Build asset version error: assets/quentin/assets/images/menuiserie.jpg in SourceAssetDB has modification time of '2024-12-20T23:26:57.5868636Z' while content on disk has modification time of '2024-12-20T23:27:07.7758145Z'
Number of updated asset objects reloaded before import = 0
Number of asset objects unloaded after import = 0
========================================================================
Received Import Request.
  Time since last request: 0.042409 seconds.
  path: Assets/Quentin/Assets/images/menuiserie.jpg
  artifactKey: Guid(8583b73c1e913fa4bb19a9de289b754e) Importer(815301076,1909f56bfc062723c751e8b465ee728b)
Start importing Assets/Quentin/Assets/images/menuiserie.jpg using Guid(8583b73c1e913fa4bb19a9de289b754e) Importer(815301076,1909f56bfc062723c751e8b465ee728b)  -> (artifact id: '00000000000000000000000000000000') in 0.031593 seconds
Import Error Code:(4)
Message: Build asset version error: assets/quentin/assets/images/menuiserie.jpg in SourceAssetDB has modification time of '2024-12-20T23:26:57.5868636Z' while content on disk has modification time of '2024-12-20T23:27:07.7758145Z'
  ERROR: Build asset version error: assets/quentin/assets/images/menuiserie.jpg in SourceAssetDB has modification time of '2024-12-20T23:26:57.5868636Z' while content on disk has modification time of '2024-12-20T23:27:07.7758145Z'
Number of updated asset objects reloaded before import = 0
Number of asset objects unloaded after import = 0
========================================================================
Received Import Request.
  Time since last request: 0.002540 seconds.
  path: Assets/Quentin/Assets/images/menuiserie.jpg
  artifactKey: Guid(8583b73c1e913fa4bb19a9de289b754e) Importer(815301076,1909f56bfc062723c751e8b465ee728b)
Start importing Assets/Quentin/Assets/images/menuiserie.jpg using Guid(8583b73c1e913fa4bb19a9de289b754e) Importer(815301076,1909f56bfc062723c751e8b465ee728b)  -> (artifact id: '00000000000000000000000000000000') in 0.029987 seconds
Import Error Code:(4)
Message: Build asset version error: assets/quentin/assets/images/menuiserie.jpg in SourceAssetDB has modification time of '2024-12-20T23:26:57.5868636Z' while content on disk has modification time of '2024-12-20T23:27:07.7758145Z'
  ERROR: Build asset version error: assets/quentin/assets/images/menuiserie.jpg in SourceAssetDB has modification time of '2024-12-20T23:26:57.5868636Z' while content on disk has modification time of '2024-12-20T23:27:07.7758145Z'
Number of updated asset objects reloaded before import = 0
Number of asset objects unloaded after import = 0
========================================================================
Received Import Request.
  Time since last request: 0.003417 seconds.
  path: Assets/Quentin/Assets/images/menuiserie.jpg
  artifactKey: Guid(8583b73c1e913fa4bb19a9de289b754e) Importer(815301076,1909f56bfc062723c751e8b465ee728b)
Start importing Assets/Quentin/Assets/images/menuiserie.jpg using Guid(8583b73c1e913fa4bb19a9de289b754e) Importer(815301076,1909f56bfc062723c751e8b465ee728b)  -> (artifact id: '00000000000000000000000000000000') in 0.025318 seconds
Import Error Code:(4)
Message: Build asset version error: assets/quentin/assets/images/menuiserie.jpg in SourceAssetDB has modification time of '2024-12-20T23:26:57.5868636Z' while content on disk has modification time of '2024-12-20T23:27:07.7758145Z'
  ERROR: Build asset version error: assets/quentin/assets/images/menuiserie.jpg in SourceAssetDB has modification time of '2024-12-20T23:26:57.5868636Z' while content on disk has modification time of '2024-12-20T23:27:07.7758145Z'
Number of updated asset objects reloaded before import = 0
Number of asset objects unloaded after import = 0
========================================================================
Received Import Request.
  Time since last request: 0.020544 seconds.
  path: Assets/Quentin/Assets/images/menuiserie.jpg
  artifactKey: Guid(8583b73c1e913fa4bb19a9de289b754e) Importer(815301076,1909f56bfc062723c751e8b465ee728b)
Start importing Assets/Quentin/Assets/images/menuiserie.jpg using Guid(8583b73c1e913fa4bb19a9de289b754e) Importer(815301076,1909f56bfc062723c751e8b465ee728b)  -> (artifact id: '00000000000000000000000000000000') in 0.029510 seconds
Import Error Code:(4)
Message: Build asset version error: assets/quentin/assets/images/menuiserie.jpg in SourceAssetDB has modification time of '2024-12-20T23:26:57.5868636Z' while content on disk has modification time of '2024-12-20T23:27:07.7758145Z'
  ERROR: Build asset version error: assets/quentin/assets/images/menuiserie.jpg in SourceAssetDB has modification time of '2024-12-20T23:26:57.5868636Z' while content on disk has modification time of '2024-12-20T23:27:07.7758145Z'
Number of updated asset objects reloaded before import = 0
Number of asset objects unloaded after import = 0
========================================================================
Received Import Request.
  Time since last request: 0.007541 seconds.
  path: Assets/Quentin/Assets/images/menuiserie.jpg
  artifactKey: Guid(8583b73c1e913fa4bb19a9de289b754e) Importer(815301076,1909f56bfc062723c751e8b465ee728b)
Start importing Assets/Quentin/Assets/images/menuiserie.jpg using Guid(8583b73c1e913fa4bb19a9de289b754e) Importer(815301076,1909f56bfc062723c751e8b465ee728b)  -> (artifact id: '00000000000000000000000000000000') in 0.022825 seconds
Import Error Code:(4)
Message: Build asset version error: assets/quentin/assets/images/menuiserie.jpg in SourceAssetDB has modification time of '2024-12-20T23:26:57.5868636Z' while content on disk has modification time of '2024-12-20T23:27:07.7758145Z'
  ERROR: Build asset version error: assets/quentin/assets/images/menuiserie.jpg in SourceAssetDB has modification time of '2024-12-20T23:26:57.5868636Z' while content on disk has modification time of '2024-12-20T23:27:07.7758145Z'
Number of updated asset objects reloaded before import = 0
Number of asset objects unloaded after import = 0
========================================================================
Received Import Request.
  Time since last request: 0.025686 seconds.
  path: Assets/Quentin/Assets/images/menuiserie.jpg
  artifactKey: Guid(8583b73c1e913fa4bb19a9de289b754e) Importer(815301076,1909f56bfc062723c751e8b465ee728b)
Start importing Assets/Quentin/Assets/images/menuiserie.jpg using Guid(8583b73c1e913fa4bb19a9de289b754e) Importer(815301076,1909f56bfc062723c751e8b465ee728b)  -> (artifact id: '00000000000000000000000000000000') in 0.029033 seconds
Import Error Code:(4)
Message: Build asset version error: assets/quentin/assets/images/menuiserie.jpg in SourceAssetDB has modification time of '2024-12-20T23:26:57.5868636Z' while content on disk has modification time of '2024-12-20T23:27:07.7758145Z'
  ERROR: Build asset version error: assets/quentin/assets/images/menuiserie.jpg in SourceAssetDB has modification time of '2024-12-20T23:26:57.5868636Z' while content on disk has modification time of '2024-12-20T23:27:07.7758145Z'
Number of updated asset objects reloaded before import = 0
Number of asset objects unloaded after import = 0
========================================================================
Received Import Request.
  Time since last request: 0.006125 seconds.
  path: Assets/Quentin/Assets/images/menuiserie.jpg
  artifactKey: Guid(8583b73c1e913fa4bb19a9de289b754e) Importer(815301076,1909f56bfc062723c751e8b465ee728b)
Start importing Assets/Quentin/Assets/images/menuiserie.jpg using Guid(8583b73c1e913fa4bb19a9de289b754e) Importer(815301076,1909f56bfc062723c751e8b465ee728b)  -> (artifact id: '00000000000000000000000000000000') in 0.025667 seconds
Import Error Code:(4)
Message: Build asset version error: assets/quentin/assets/images/menuiserie.jpg in SourceAssetDB has modification time of '2024-12-20T23:26:57.5868636Z' while content on disk has modification time of '2024-12-20T23:27:07.7758145Z'
  ERROR: Build asset version error: assets/quentin/assets/images/menuiserie.jpg in SourceAssetDB has modification time of '2024-12-20T23:26:57.5868636Z' while content on disk has modification time of '2024-12-20T23:27:07.7758145Z'
Number of updated asset objects reloaded before import = 0
Number of asset objects unloaded after import = 0
========================================================================
Received Import Request.
  Time since last request: 0.009283 seconds.
  path: Assets/Quentin/Assets/images/menuiserie.jpg
  artifactKey: Guid(8583b73c1e913fa4bb19a9de289b754e) Importer(815301076,1909f56bfc062723c751e8b465ee728b)
Start importing Assets/Quentin/Assets/images/menuiserie.jpg using Guid(8583b73c1e913fa4bb19a9de289b754e) Importer(815301076,1909f56bfc062723c751e8b465ee728b)  -> (artifact id: '00000000000000000000000000000000') in 0.030825 seconds
Import Error Code:(4)
Message: Build asset version error: assets/quentin/assets/images/menuiserie.jpg in SourceAssetDB has modification time of '2024-12-20T23:26:57.5868636Z' while content on disk has modification time of '2024-12-20T23:27:07.7758145Z'
  ERROR: Build asset version error: assets/quentin/assets/images/menuiserie.jpg in SourceAssetDB has modification time of '2024-12-20T23:26:57.5868636Z' while content on disk has modification time of '2024-12-20T23:27:07.7758145Z'
Number of updated asset objects reloaded before import = 0
Number of asset objects unloaded after import = 0
========================================================================
Received Import Request.
  Time since last request: 0.009395 seconds.
  path: Assets/Quentin/Assets/images/menuiserie.jpg
  artifactKey: Guid(8583b73c1e913fa4bb19a9de289b754e) Importer(815301076,1909f56bfc062723c751e8b465ee728b)
Start importing Assets/Quentin/Assets/images/menuiserie.jpg using Guid(8583b73c1e913fa4bb19a9de289b754e) Importer(815301076,1909f56bfc062723c751e8b465ee728b)  -> (artifact id: '00000000000000000000000000000000') in 0.025483 seconds
Import Error Code:(4)
Message: Build asset version error: assets/quentin/assets/images/menuiserie.jpg in SourceAssetDB has modification time of '2024-12-20T23:26:57.5868636Z' while content on disk has modification time of '2024-12-20T23:27:07.7758145Z'
  ERROR: Build asset version error: assets/quentin/assets/images/menuiserie.jpg in SourceAssetDB has modification time of '2024-12-20T23:26:57.5868636Z' while content on disk has modification time of '2024-12-20T23:27:07.7758145Z'
Number of updated asset objects reloaded before import = 0
Number of asset objects unloaded after import = 0
========================================================================
Received Import Request.
  Time since last request: 0.035012 seconds.
  path: Assets/Quentin/Assets/images/menuiserie.jpg
  artifactKey: Guid(8583b73c1e913fa4bb19a9de289b754e) Importer(815301076,1909f56bfc062723c751e8b465ee728b)
Start importing Assets/Quentin/Assets/images/menuiserie.jpg using Guid(8583b73c1e913fa4bb19a9de289b754e) Importer(815301076,1909f56bfc062723c751e8b465ee728b)  -> (artifact id: '00000000000000000000000000000000') in 0.028494 seconds
Import Error Code:(4)
Message: Build asset version error: assets/quentin/assets/images/menuiserie.jpg in SourceAssetDB has modification time of '2024-12-20T23:26:57.5868636Z' while content on disk has modification time of '2024-12-20T23:27:07.7758145Z'
  ERROR: Build asset version error: assets/quentin/assets/images/menuiserie.jpg in SourceAssetDB has modification time of '2024-12-20T23:26:57.5868636Z' while content on disk has modification time of '2024-12-20T23:27:07.7758145Z'
Number of updated asset objects reloaded before import = 0
Number of asset objects unloaded after import = 0
========================================================================
Received Import Request.
  Time since last request: 0.007182 seconds.
  path: Assets/Quentin/Assets/images/menuiserie.jpg
  artifactKey: Guid(8583b73c1e913fa4bb19a9de289b754e) Importer(815301076,1909f56bfc062723c751e8b465ee728b)
Start importing Assets/Quentin/Assets/images/menuiserie.jpg using Guid(8583b73c1e913fa4bb19a9de289b754e) Importer(815301076,1909f56bfc062723c751e8b465ee728b)  -> (artifact id: '00000000000000000000000000000000') in 0.032754 seconds
Import Error Code:(4)
Message: Build asset version error: assets/quentin/assets/images/menuiserie.jpg in SourceAssetDB has modification time of '2024-12-20T23:26:57.5868636Z' while content on disk has modification time of '2024-12-20T23:27:07.7758145Z'
  ERROR: Build asset version error: assets/quentin/assets/images/menuiserie.jpg in SourceAssetDB has modification time of '2024-12-20T23:26:57.5868636Z' while content on disk has modification time of '2024-12-20T23:27:07.7758145Z'
Number of updated asset objects reloaded before import = 0
Number of asset objects unloaded after import = 0
========================================================================
Received Import Request.
  Time since last request: 0.026523 seconds.
  path: Assets/Quentin/Assets/images/menuiserie.jpg
  artifactKey: Guid(8583b73c1e913fa4bb19a9de289b754e) Importer(815301076,1909f56bfc062723c751e8b465ee728b)
Start importing Assets/Quentin/Assets/images/menuiserie.jpg using Guid(8583b73c1e913fa4bb19a9de289b754e) Importer(815301076,1909f56bfc062723c751e8b465ee728b)  -> (artifact id: '00000000000000000000000000000000') in 0.024295 seconds
Import Error Code:(4)
Message: Build asset version error: assets/quentin/assets/images/menuiserie.jpg in SourceAssetDB has modification time of '2024-12-20T23:26:57.5868636Z' while content on disk has modification time of '2024-12-20T23:27:07.7758145Z'
  ERROR: Build asset version error: assets/quentin/assets/images/menuiserie.jpg in SourceAssetDB has modification time of '2024-12-20T23:26:57.5868636Z' while content on disk has modification time of '2024-12-20T23:27:07.7758145Z'
Number of updated asset objects reloaded before import = 0
Number of asset objects unloaded after import = 0
========================================================================
Received Import Request.
  Time since last request: 0.008391 seconds.
  path: Assets/Quentin/Assets/images/menuiserie.jpg
  artifactKey: Guid(8583b73c1e913fa4bb19a9de289b754e) Importer(815301076,1909f56bfc062723c751e8b465ee728b)
Start importing Assets/Quentin/Assets/images/menuiserie.jpg using Guid(8583b73c1e913fa4bb19a9de289b754e) Importer(815301076,1909f56bfc062723c751e8b465ee728b)  -> (artifact id: '00000000000000000000000000000000') in 0.028284 seconds
Import Error Code:(4)
Message: Build asset version error: assets/quentin/assets/images/menuiserie.jpg in SourceAssetDB has modification time of '2024-12-20T23:26:57.5868636Z' while content on disk has modification time of '2024-12-20T23:27:07.7758145Z'
  ERROR: Build asset version error: assets/quentin/assets/images/menuiserie.jpg in SourceAssetDB has modification time of '2024-12-20T23:26:57.5868636Z' while content on disk has modification time of '2024-12-20T23:27:07.7758145Z'
Number of updated asset objects reloaded before import = 0
Number of asset objects unloaded after import = 0
========================================================================
Received Import Request.
  Time since last request: 0.008798 seconds.
  path: Assets/Quentin/Assets/images/menuiserie.jpg
  artifactKey: Guid(8583b73c1e913fa4bb19a9de289b754e) Importer(815301076,1909f56bfc062723c751e8b465ee728b)
Start importing Assets/Quentin/Assets/images/menuiserie.jpg using Guid(8583b73c1e913fa4bb19a9de289b754e) Importer(815301076,1909f56bfc062723c751e8b465ee728b)  -> (artifact id: '00000000000000000000000000000000') in 0.032557 seconds
Import Error Code:(4)
Message: Build asset version error: assets/quentin/assets/images/menuiserie.jpg in SourceAssetDB has modification time of '2024-12-20T23:26:57.5868636Z' while content on disk has modification time of '2024-12-20T23:27:07.7758145Z'
  ERROR: Build asset version error: assets/quentin/assets/images/menuiserie.jpg in SourceAssetDB has modification time of '2024-12-20T23:26:57.5868636Z' while content on disk has modification time of '2024-12-20T23:27:07.7758145Z'
Number of updated asset objects reloaded before import = 0
Number of asset objects unloaded after import = 0
========================================================================
Received Import Request.
  Time since last request: 0.004849 seconds.
  path: Assets/Quentin/Assets/images/menuiserie.jpg
  artifactKey: Guid(8583b73c1e913fa4bb19a9de289b754e) Importer(815301076,1909f56bfc062723c751e8b465ee728b)
Start importing Assets/Quentin/Assets/images/menuiserie.jpg using Guid(8583b73c1e913fa4bb19a9de289b754e) Importer(815301076,1909f56bfc062723c751e8b465ee728b)  -> (artifact id: '00000000000000000000000000000000') in 0.031844 seconds
Import Error Code:(4)
Message: Build asset version error: assets/quentin/assets/images/menuiserie.jpg in SourceAssetDB has modification time of '2024-12-20T23:26:57.5868636Z' while content on disk has modification time of '2024-12-20T23:27:07.7758145Z'
  ERROR: Build asset version error: assets/quentin/assets/images/menuiserie.jpg in SourceAssetDB has modification time of '2024-12-20T23:26:57.5868636Z' while content on disk has modification time of '2024-12-20T23:27:07.7758145Z'
Number of updated asset objects reloaded before import = 0
Number of asset objects unloaded after import = 0
========================================================================
Received Import Request.
  Time since last request: 0.004232 seconds.
  path: Assets/Quentin/Assets/images/menuiserie.jpg
  artifactKey: Guid(8583b73c1e913fa4bb19a9de289b754e) Importer(815301076,1909f56bfc062723c751e8b465ee728b)
Start importing Assets/Quentin/Assets/images/menuiserie.jpg using Guid(8583b73c1e913fa4bb19a9de289b754e) Importer(815301076,1909f56bfc062723c751e8b465ee728b)  -> (artifact id: '00000000000000000000000000000000') in 0.037760 seconds
Import Error Code:(4)
Message: Build asset version error: assets/quentin/assets/images/menuiserie.jpg in SourceAssetDB has modification time of '2024-12-20T23:26:57.5868636Z' while content on disk has modification time of '2024-12-20T23:27:07.7758145Z'
  ERROR: Build asset version error: assets/quentin/assets/images/menuiserie.jpg in SourceAssetDB has modification time of '2024-12-20T23:26:57.5868636Z' while content on disk has modification time of '2024-12-20T23:27:07.7758145Z'
Number of updated asset objects reloaded before import = 0
Number of asset objects unloaded after import = 0
========================================================================
Received Import Request.
  Time since last request: 0.013391 seconds.
  path: Assets/Quentin/Assets/images/menuiserie.jpg
  artifactKey: Guid(8583b73c1e913fa4bb19a9de289b754e) Importer(815301076,1909f56bfc062723c751e8b465ee728b)
Start importing Assets/Quentin/Assets/images/menuiserie.jpg using Guid(8583b73c1e913fa4bb19a9de289b754e) Importer(815301076,1909f56bfc062723c751e8b465ee728b)  -> (artifact id: '00000000000000000000000000000000') in 0.031989 seconds
Import Error Code:(4)
Message: Build asset version error: assets/quentin/assets/images/menuiserie.jpg in SourceAssetDB has modification time of '2024-12-20T23:26:57.5868636Z' while content on disk has modification time of '2024-12-20T23:27:07.7758145Z'
  ERROR: Build asset version error: assets/quentin/assets/images/menuiserie.jpg in SourceAssetDB has modification time of '2024-12-20T23:26:57.5868636Z' while content on disk has modification time of '2024-12-20T23:27:07.7758145Z'
Number of updated asset objects reloaded before import = 0
Number of asset objects unloaded after import = 0
========================================================================
Received Import Request.
  Time since last request: 0.007320 seconds.
  path: Assets/Quentin/Assets/images/menuiserie.jpg
  artifactKey: Guid(8583b73c1e913fa4bb19a9de289b754e) Importer(815301076,1909f56bfc062723c751e8b465ee728b)
Start importing Assets/Quentin/Assets/images/menuiserie.jpg using Guid(8583b73c1e913fa4bb19a9de289b754e) Importer(815301076,1909f56bfc062723c751e8b465ee728b)  -> (artifact id: '00000000000000000000000000000000') in 0.032845 seconds
Import Error Code:(4)
Message: Build asset version error: assets/quentin/assets/images/menuiserie.jpg in SourceAssetDB has modification time of '2024-12-20T23:26:57.5868636Z' while content on disk has modification time of '2024-12-20T23:27:07.7758145Z'
  ERROR: Build asset version error: assets/quentin/assets/images/menuiserie.jpg in SourceAssetDB has modification time of '2024-12-20T23:26:57.5868636Z' while content on disk has modification time of '2024-12-20T23:27:07.7758145Z'
Number of updated asset objects reloaded before import = 0
Number of asset objects unloaded after import = 0
========================================================================
Received Import Request.
  Time since last request: 0.004787 seconds.
  path: Assets/Quentin/Assets/images/menuiserie.jpg
  artifactKey: Guid(8583b73c1e913fa4bb19a9de289b754e) Importer(815301076,1909f56bfc062723c751e8b465ee728b)
Start importing Assets/Quentin/Assets/images/menuiserie.jpg using Guid(8583b73c1e913fa4bb19a9de289b754e) Importer(815301076,1909f56bfc062723c751e8b465ee728b)  -> (artifact id: '00000000000000000000000000000000') in 0.037670 seconds
Import Error Code:(4)
Message: Build asset version error: assets/quentin/assets/images/menuiserie.jpg in SourceAssetDB has modification time of '2024-12-20T23:26:57.5868636Z' while content on disk has modification time of '2024-12-20T23:27:07.7758145Z'
  ERROR: Build asset version error: assets/quentin/assets/images/menuiserie.jpg in SourceAssetDB has modification time of '2024-12-20T23:26:57.5868636Z' while content on disk has modification time of '2024-12-20T23:27:07.7758145Z'
Number of updated asset objects reloaded before import = 0
Number of asset objects unloaded after import = 0
========================================================================
Received Import Request.
  Time since last request: 0.010794 seconds.
  path: Assets/Quentin/Assets/images/menuiserie.jpg
  artifactKey: Guid(8583b73c1e913fa4bb19a9de289b754e) Importer(815301076,1909f56bfc062723c751e8b465ee728b)
Start importing Assets/Quentin/Assets/images/menuiserie.jpg using Guid(8583b73c1e913fa4bb19a9de289b754e) Importer(815301076,1909f56bfc062723c751e8b465ee728b)  -> (artifact id: '00000000000000000000000000000000') in 0.030572 seconds
Import Error Code:(4)
Message: Build asset version error: assets/quentin/assets/images/menuiserie.jpg in SourceAssetDB has modification time of '2024-12-20T23:26:57.5868636Z' while content on disk has modification time of '2024-12-20T23:27:07.7758145Z'
  ERROR: Build asset version error: assets/quentin/assets/images/menuiserie.jpg in SourceAssetDB has modification time of '2024-12-20T23:26:57.5868636Z' while content on disk has modification time of '2024-12-20T23:27:07.7758145Z'
Number of updated asset objects reloaded before import = 0
Number of asset objects unloaded after import = 0
========================================================================
Received Import Request.
  Time since last request: 0.005607 seconds.
  path: Assets/Quentin/Assets/images/menuiserie.jpg
  artifactKey: Guid(8583b73c1e913fa4bb19a9de289b754e) Importer(815301076,1909f56bfc062723c751e8b465ee728b)
Start importing Assets/Quentin/Assets/images/menuiserie.jpg using Guid(8583b73c1e913fa4bb19a9de289b754e) Importer(815301076,1909f56bfc062723c751e8b465ee728b)  -> (artifact id: '00000000000000000000000000000000') in 0.034146 seconds
Import Error Code:(4)
Message: Build asset version error: assets/quentin/assets/images/menuiserie.jpg in SourceAssetDB has modification time of '2024-12-20T23:26:57.5868636Z' while content on disk has modification time of '2024-12-20T23:27:07.7758145Z'
  ERROR: Build asset version error: assets/quentin/assets/images/menuiserie.jpg in SourceAssetDB has modification time of '2024-12-20T23:26:57.5868636Z' while content on disk has modification time of '2024-12-20T23:27:07.7758145Z'
Number of updated asset objects reloaded before import = 0
Number of asset objects unloaded after import = 0
========================================================================
Received Import Request.
  Time since last request: 0.007405 seconds.
  path: Assets/Quentin/Assets/images/menuiserie.jpg
  artifactKey: Guid(8583b73c1e913fa4bb19a9de289b754e) Importer(815301076,1909f56bfc062723c751e8b465ee728b)
Start importing Assets/Quentin/Assets/images/menuiserie.jpg using Guid(8583b73c1e913fa4bb19a9de289b754e) Importer(815301076,1909f56bfc062723c751e8b465ee728b)  -> (artifact id: '00000000000000000000000000000000') in 0.027653 seconds
Import Error Code:(4)
Message: Build asset version error: assets/quentin/assets/images/menuiserie.jpg in SourceAssetDB has modification time of '2024-12-20T23:26:57.5868636Z' while content on disk has modification time of '2024-12-20T23:27:07.7758145Z'
  ERROR: Build asset version error: assets/quentin/assets/images/menuiserie.jpg in SourceAssetDB has modification time of '2024-12-20T23:26:57.5868636Z' while content on disk has modification time of '2024-12-20T23:27:07.7758145Z'
Number of updated asset objects reloaded before import = 0
Number of asset objects unloaded after import = 0
========================================================================
Received Import Request.
  Time since last request: 0.015066 seconds.
  path: Assets/Quentin/Assets/images/menuiserie.jpg
  artifactKey: Guid(8583b73c1e913fa4bb19a9de289b754e) Importer(815301076,1909f56bfc062723c751e8b465ee728b)
Start importing Assets/Quentin/Assets/images/menuiserie.jpg using Guid(8583b73c1e913fa4bb19a9de289b754e) Importer(815301076,1909f56bfc062723c751e8b465ee728b)  -> (artifact id: '00000000000000000000000000000000') in 0.032837 seconds
Import Error Code:(4)
Message: Build asset version error: assets/quentin/assets/images/menuiserie.jpg in SourceAssetDB has modification time of '2024-12-20T23:26:57.5868636Z' while content on disk has modification time of '2024-12-20T23:27:07.7758145Z'
  ERROR: Build asset version error: assets/quentin/assets/images/menuiserie.jpg in SourceAssetDB has modification time of '2024-12-20T23:26:57.5868636Z' while content on disk has modification time of '2024-12-20T23:27:07.7758145Z'
Number of updated asset objects reloaded before import = 0
Number of asset objects unloaded after import = 0
========================================================================
Received Import Request.
  Time since last request: 0.008967 seconds.
  path: Assets/Quentin/Assets/images/menuiserie.jpg
  artifactKey: Guid(8583b73c1e913fa4bb19a9de289b754e) Importer(815301076,1909f56bfc062723c751e8b465ee728b)
Start importing Assets/Quentin/Assets/images/menuiserie.jpg using Guid(8583b73c1e913fa4bb19a9de289b754e) Importer(815301076,1909f56bfc062723c751e8b465ee728b)  -> (artifact id: '00000000000000000000000000000000') in 0.026576 seconds
Import Error Code:(4)
Message: Build asset version error: assets/quentin/assets/images/menuiserie.jpg in SourceAssetDB has modification time of '2024-12-20T23:26:57.5868636Z' while content on disk has modification time of '2024-12-20T23:27:07.7758145Z'
  ERROR: Build asset version error: assets/quentin/assets/images/menuiserie.jpg in SourceAssetDB has modification time of '2024-12-20T23:26:57.5868636Z' while content on disk has modification time of '2024-12-20T23:27:07.7758145Z'
Number of updated asset objects reloaded before import = 0
Number of asset objects unloaded after import = 0
========================================================================
Received Import Request.
  Time since last request: 0.011712 seconds.
  path: Assets/Quentin/Assets/images/menuiserie.jpg
  artifactKey: Guid(8583b73c1e913fa4bb19a9de289b754e) Importer(815301076,1909f56bfc062723c751e8b465ee728b)
Start importing Assets/Quentin/Assets/images/menuiserie.jpg using Guid(8583b73c1e913fa4bb19a9de289b754e) Importer(815301076,1909f56bfc062723c751e8b465ee728b)  -> (artifact id: '00000000000000000000000000000000') in 0.028626 seconds
Import Error Code:(4)
Message: Build asset version error: assets/quentin/assets/images/menuiserie.jpg in SourceAssetDB has modification time of '2024-12-20T23:26:57.5868636Z' while content on disk has modification time of '2024-12-20T23:27:07.7758145Z'
  ERROR: Build asset version error: assets/quentin/assets/images/menuiserie.jpg in SourceAssetDB has modification time of '2024-12-20T23:26:57.5868636Z' while content on disk has modification time of '2024-12-20T23:27:07.7758145Z'
Number of updated asset objects reloaded before import = 0
Number of asset objects unloaded after import = 0
========================================================================
Received Import Request.
  Time since last request: 0.006499 seconds.
  path: Assets/Quentin/Assets/images/menuiserie.jpg
  artifactKey: Guid(8583b73c1e913fa4bb19a9de289b754e) Importer(815301076,1909f56bfc062723c751e8b465ee728b)
Start importing Assets/Quentin/Assets/images/menuiserie.jpg using Guid(8583b73c1e913fa4bb19a9de289b754e) Importer(815301076,1909f56bfc062723c751e8b465ee728b)  -> (artifact id: '00000000000000000000000000000000') in 0.032560 seconds
Import Error Code:(4)
Message: Build asset version error: assets/quentin/assets/images/menuiserie.jpg in SourceAssetDB has modification time of '2024-12-20T23:26:57.5868636Z' while content on disk has modification time of '2024-12-20T23:27:07.7758145Z'
  ERROR: Build asset version error: assets/quentin/assets/images/menuiserie.jpg in SourceAssetDB has modification time of '2024-12-20T23:26:57.5868636Z' while content on disk has modification time of '2024-12-20T23:27:07.7758145Z'
Number of updated asset objects reloaded before import = 0
Number of asset objects unloaded after import = 0
========================================================================
Received Import Request.
  Time since last request: 0.007253 seconds.
  path: Assets/Quentin/Assets/images/menuiserie.jpg
  artifactKey: Guid(8583b73c1e913fa4bb19a9de289b754e) Importer(815301076,1909f56bfc062723c751e8b465ee728b)
Start importing Assets/Quentin/Assets/images/menuiserie.jpg using Guid(8583b73c1e913fa4bb19a9de289b754e) Importer(815301076,1909f56bfc062723c751e8b465ee728b)  -> (artifact id: '00000000000000000000000000000000') in 0.033578 seconds
Import Error Code:(4)
Message: Build asset version error: assets/quentin/assets/images/menuiserie.jpg in SourceAssetDB has modification time of '2024-12-20T23:26:57.5868636Z' while content on disk has modification time of '2024-12-20T23:27:07.7758145Z'
  ERROR: Build asset version error: assets/quentin/assets/images/menuiserie.jpg in SourceAssetDB has modification time of '2024-12-20T23:26:57.5868636Z' while content on disk has modification time of '2024-12-20T23:27:07.7758145Z'
Number of updated asset objects reloaded before import = 0
Number of asset objects unloaded after import = 0
========================================================================
Received Import Request.
  Time since last request: 0.003542 seconds.
  path: Assets/Quentin/Assets/images/menuiserie.jpg
  artifactKey: Guid(8583b73c1e913fa4bb19a9de289b754e) Importer(815301076,1909f56bfc062723c751e8b465ee728b)
Start importing Assets/Quentin/Assets/images/menuiserie.jpg using Guid(8583b73c1e913fa4bb19a9de289b754e) Importer(815301076,1909f56bfc062723c751e8b465ee728b)  -> (artifact id: '00000000000000000000000000000000') in 0.034546 seconds
Import Error Code:(4)
Message: Build asset version error: assets/quentin/assets/images/menuiserie.jpg in SourceAssetDB has modification time of '2024-12-20T23:26:57.5868636Z' while content on disk has modification time of '2024-12-20T23:27:07.7758145Z'
  ERROR: Build asset version error: assets/quentin/assets/images/menuiserie.jpg in SourceAssetDB has modification time of '2024-12-20T23:26:57.5868636Z' while content on disk has modification time of '2024-12-20T23:27:07.7758145Z'
Number of updated asset objects reloaded before import = 0
Number of asset objects unloaded after import = 0
========================================================================
Received Import Request.
  Time since last request: 0.006037 seconds.
  path: Assets/Quentin/Assets/images/menuiserie.jpg
  artifactKey: Guid(8583b73c1e913fa4bb19a9de289b754e) Importer(815301076,1909f56bfc062723c751e8b465ee728b)
Start importing Assets/Quentin/Assets/images/menuiserie.jpg using Guid(8583b73c1e913fa4bb19a9de289b754e) Importer(815301076,1909f56bfc062723c751e8b465ee728b)  -> (artifact id: '00000000000000000000000000000000') in 0.039748 seconds
Import Error Code:(4)
Message: Build asset version error: assets/quentin/assets/images/menuiserie.jpg in SourceAssetDB has modification time of '2024-12-20T23:26:57.5868636Z' while content on disk has modification time of '2024-12-20T23:27:07.7758145Z'
  ERROR: Build asset version error: assets/quentin/assets/images/menuiserie.jpg in SourceAssetDB has modification time of '2024-12-20T23:26:57.5868636Z' while content on disk has modification time of '2024-12-20T23:27:07.7758145Z'
Number of updated asset objects reloaded before import = 0
Number of asset objects unloaded after import = 0
========================================================================
Received Import Request.
  Time since last request: 0.003344 seconds.
  path: Assets/Quentin/Assets/images/menuiserie.jpg
  artifactKey: Guid(8583b73c1e913fa4bb19a9de289b754e) Importer(815301076,1909f56bfc062723c751e8b465ee728b)
Start importing Assets/Quentin/Assets/images/menuiserie.jpg using Guid(8583b73c1e913fa4bb19a9de289b754e) Importer(815301076,1909f56bfc062723c751e8b465ee728b)  -> (artifact id: '00000000000000000000000000000000') in 0.037990 seconds
Import Error Code:(4)
Message: Build asset version error: assets/quentin/assets/images/menuiserie.jpg in SourceAssetDB has modification time of '2024-12-20T23:26:57.5868636Z' while content on disk has modification time of '2024-12-20T23:27:07.7758145Z'
  ERROR: Build asset version error: assets/quentin/assets/images/menuiserie.jpg in SourceAssetDB has modification time of '2024-12-20T23:26:57.5868636Z' while content on disk has modification time of '2024-12-20T23:27:07.7758145Z'
Number of updated asset objects reloaded before import = 0
Number of asset objects unloaded after import = 0
========================================================================
Received Import Request.
  Time since last request: 0.001216 seconds.
  path: Assets/Quentin/Assets/images/menuiserie.jpg
  artifactKey: Guid(8583b73c1e913fa4bb19a9de289b754e) Importer(815301076,1909f56bfc062723c751e8b465ee728b)
Start importing Assets/Quentin/Assets/images/menuiserie.jpg using Guid(8583b73c1e913fa4bb19a9de289b754e) Importer(815301076,1909f56bfc062723c751e8b465ee728b)  -> (artifact id: '00000000000000000000000000000000') in 0.034532 seconds
Import Error Code:(4)
Message: Build asset version error: assets/quentin/assets/images/menuiserie.jpg in SourceAssetDB has modification time of '2024-12-20T23:26:57.5868636Z' while content on disk has modification time of '2024-12-20T23:27:07.7758145Z'
  ERROR: Build asset version error: assets/quentin/assets/images/menuiserie.jpg in SourceAssetDB has modification time of '2024-12-20T23:26:57.5868636Z' while content on disk has modification time of '2024-12-20T23:27:07.7758145Z'
Number of updated asset objects reloaded before import = 0
Number of asset objects unloaded after import = 0
========================================================================
Received Import Request.
  Time since last request: 0.009723 seconds.
  path: Assets/Quentin/Assets/images/menuiserie.jpg
  artifactKey: Guid(8583b73c1e913fa4bb19a9de289b754e) Importer(815301076,1909f56bfc062723c751e8b465ee728b)
Start importing Assets/Quentin/Assets/images/menuiserie.jpg using Guid(8583b73c1e913fa4bb19a9de289b754e) Importer(815301076,1909f56bfc062723c751e8b465ee728b)  -> (artifact id: '00000000000000000000000000000000') in 0.035681 seconds
Import Error Code:(4)
Message: Build asset version error: assets/quentin/assets/images/menuiserie.jpg in SourceAssetDB has modification time of '2024-12-20T23:26:57.5868636Z' while content on disk has modification time of '2024-12-20T23:27:07.7758145Z'
  ERROR: Build asset version error: assets/quentin/assets/images/menuiserie.jpg in SourceAssetDB has modification time of '2024-12-20T23:26:57.5868636Z' while content on disk has modification time of '2024-12-20T23:27:07.7758145Z'
Number of updated asset objects reloaded before import = 0
Number of asset objects unloaded after import = 0
========================================================================
Received Import Request.
  Time since last request: 0.001521 seconds.
  path: Assets/Quentin/Assets/images/menuiserie.jpg
  artifactKey: Guid(8583b73c1e913fa4bb19a9de289b754e) Importer(815301076,1909f56bfc062723c751e8b465ee728b)
Start importing Assets/Quentin/Assets/images/menuiserie.jpg using Guid(8583b73c1e913fa4bb19a9de289b754e) Importer(815301076,1909f56bfc062723c751e8b465ee728b)  -> (artifact id: '00000000000000000000000000000000') in 0.029089 seconds
Import Error Code:(4)
Message: Build asset version error: assets/quentin/assets/images/menuiserie.jpg in SourceAssetDB has modification time of '2024-12-20T23:26:57.5868636Z' while content on disk has modification time of '2024-12-20T23:27:07.7758145Z'
  ERROR: Build asset version error: assets/quentin/assets/images/menuiserie.jpg in SourceAssetDB has modification time of '2024-12-20T23:26:57.5868636Z' while content on disk has modification time of '2024-12-20T23:27:07.7758145Z'
Number of updated asset objects reloaded before import = 0
Number of asset objects unloaded after import = 0
========================================================================
Received Import Request.
  Time since last request: 0.009726 seconds.
  path: Assets/Quentin/Assets/images/menuiserie.jpg
  artifactKey: Guid(8583b73c1e913fa4bb19a9de289b754e) Importer(815301076,1909f56bfc062723c751e8b465ee728b)
Start importing Assets/Quentin/Assets/images/menuiserie.jpg using Guid(8583b73c1e913fa4bb19a9de289b754e) Importer(815301076,1909f56bfc062723c751e8b465ee728b)  -> (artifact id: '00000000000000000000000000000000') in 0.036278 seconds
Import Error Code:(4)
Message: Build asset version error: assets/quentin/assets/images/menuiserie.jpg in SourceAssetDB has modification time of '2024-12-20T23:26:57.5868636Z' while content on disk has modification time of '2024-12-20T23:27:07.7758145Z'
  ERROR: Build asset version error: assets/quentin/assets/images/menuiserie.jpg in SourceAssetDB has modification time of '2024-12-20T23:26:57.5868636Z' while content on disk has modification time of '2024-12-20T23:27:07.7758145Z'
Number of updated asset objects reloaded before import = 0
Number of asset objects unloaded after import = 0
========================================================================
Received Import Request.
  Time since last request: 0.009317 seconds.
  path: Assets/Quentin/Assets/images/menuiserie.jpg
  artifactKey: Guid(8583b73c1e913fa4bb19a9de289b754e) Importer(815301076,1909f56bfc062723c751e8b465ee728b)
Start importing Assets/Quentin/Assets/images/menuiserie.jpg using Guid(8583b73c1e913fa4bb19a9de289b754e) Importer(815301076,1909f56bfc062723c751e8b465ee728b)  -> (artifact id: '00000000000000000000000000000000') in 0.025670 seconds
Import Error Code:(4)
Message: Build asset version error: assets/quentin/assets/images/menuiserie.jpg in SourceAssetDB has modification time of '2024-12-20T23:26:57.5868636Z' while content on disk has modification time of '2024-12-20T23:27:07.7758145Z'
  ERROR: Build asset version error: assets/quentin/assets/images/menuiserie.jpg in SourceAssetDB has modification time of '2024-12-20T23:26:57.5868636Z' while content on disk has modification time of '2024-12-20T23:27:07.7758145Z'
Number of updated asset objects reloaded before import = 0
Number of asset objects unloaded after import = 0
========================================================================
Received Import Request.
  Time since last request: 0.015943 seconds.
  path: Assets/Quentin/Assets/images/menuiserie.jpg
  artifactKey: Guid(8583b73c1e913fa4bb19a9de289b754e) Importer(815301076,1909f56bfc062723c751e8b465ee728b)
Start importing Assets/Quentin/Assets/images/menuiserie.jpg using Guid(8583b73c1e913fa4bb19a9de289b754e) Importer(815301076,1909f56bfc062723c751e8b465ee728b)  -> (artifact id: '00000000000000000000000000000000') in 0.036418 seconds
Import Error Code:(4)
Message: Build asset version error: assets/quentin/assets/images/menuiserie.jpg in SourceAssetDB has modification time of '2024-12-20T23:26:57.5868636Z' while content on disk has modification time of '2024-12-20T23:27:07.7758145Z'
  ERROR: Build asset version error: assets/quentin/assets/images/menuiserie.jpg in SourceAssetDB has modification time of '2024-12-20T23:26:57.5868636Z' while content on disk has modification time of '2024-12-20T23:27:07.7758145Z'
Number of updated asset objects reloaded before import = 0
Number of asset objects unloaded after import = 0
========================================================================
Received Import Request.
  Time since last request: 0.009258 seconds.
  path: Assets/Quentin/Assets/images/menuiserie.jpg
  artifactKey: Guid(8583b73c1e913fa4bb19a9de289b754e) Importer(815301076,1909f56bfc062723c751e8b465ee728b)
Start importing Assets/Quentin/Assets/images/menuiserie.jpg using Guid(8583b73c1e913fa4bb19a9de289b754e) Importer(815301076,1909f56bfc062723c751e8b465ee728b)  -> (artifact id: '00000000000000000000000000000000') in 0.040924 seconds
Import Error Code:(4)
Message: Build asset version error: assets/quentin/assets/images/menuiserie.jpg in SourceAssetDB has modification time of '2024-12-20T23:26:57.5868636Z' while content on disk has modification time of '2024-12-20T23:27:07.7758145Z'
  ERROR: Build asset version error: assets/quentin/assets/images/menuiserie.jpg in SourceAssetDB has modification time of '2024-12-20T23:26:57.5868636Z' while content on disk has modification time of '2024-12-20T23:27:07.7758145Z'
Number of updated asset objects reloaded before import = 0
Number of asset objects unloaded after import = 0
========================================================================
Received Import Request.
  Time since last request: 0.005792 seconds.
  path: Assets/Quentin/Assets/images/menuiserie.jpg
  artifactKey: Guid(8583b73c1e913fa4bb19a9de289b754e) Importer(815301076,1909f56bfc062723c751e8b465ee728b)
Start importing Assets/Quentin/Assets/images/menuiserie.jpg using Guid(8583b73c1e913fa4bb19a9de289b754e) Importer(815301076,1909f56bfc062723c751e8b465ee728b)  -> (artifact id: '00000000000000000000000000000000') in 0.029528 seconds
Import Error Code:(4)
Message: Build asset version error: assets/quentin/assets/images/menuiserie.jpg in SourceAssetDB has modification time of '2024-12-20T23:26:57.5868636Z' while content on disk has modification time of '2024-12-20T23:27:07.7758145Z'
  ERROR: Build asset version error: assets/quentin/assets/images/menuiserie.jpg in SourceAssetDB has modification time of '2024-12-20T23:26:57.5868636Z' while content on disk has modification time of '2024-12-20T23:27:07.7758145Z'
Number of updated asset objects reloaded before import = 0
Number of asset objects unloaded after import = 0
========================================================================
Received Import Request.
  Time since last request: 0.002913 seconds.
  path: Assets/Quentin/Assets/images/menuiserie.jpg
  artifactKey: Guid(8583b73c1e913fa4bb19a9de289b754e) Importer(815301076,1909f56bfc062723c751e8b465ee728b)
Start importing Assets/Quentin/Assets/images/menuiserie.jpg using Guid(8583b73c1e913fa4bb19a9de289b754e) Importer(815301076,1909f56bfc062723c751e8b465ee728b)  -> (artifact id: '00000000000000000000000000000000') in 0.031796 seconds
Import Error Code:(4)
Message: Build asset version error: assets/quentin/assets/images/menuiserie.jpg in SourceAssetDB has modification time of '2024-12-20T23:26:57.5868636Z' while content on disk has modification time of '2024-12-20T23:27:07.7758145Z'
  ERROR: Build asset version error: assets/quentin/assets/images/menuiserie.jpg in SourceAssetDB has modification time of '2024-12-20T23:26:57.5868636Z' while content on disk has modification time of '2024-12-20T23:27:07.7758145Z'
Number of updated asset objects reloaded before import = 0
Number of asset objects unloaded after import = 0
========================================================================
Received Import Request.
  Time since last request: 0.009652 seconds.
  path: Assets/Quentin/Assets/images/menuiserie.jpg
  artifactKey: Guid(8583b73c1e913fa4bb19a9de289b754e) Importer(815301076,1909f56bfc062723c751e8b465ee728b)
Start importing Assets/Quentin/Assets/images/menuiserie.jpg using Guid(8583b73c1e913fa4bb19a9de289b754e) Importer(815301076,1909f56bfc062723c751e8b465ee728b)  -> (artifact id: '00000000000000000000000000000000') in 0.030741 seconds
Import Error Code:(4)
Message: Build asset version error: assets/quentin/assets/images/menuiserie.jpg in SourceAssetDB has modification time of '2024-12-20T23:26:57.5868636Z' while content on disk has modification time of '2024-12-20T23:27:07.7758145Z'
  ERROR: Build asset version error: assets/quentin/assets/images/menuiserie.jpg in SourceAssetDB has modification time of '2024-12-20T23:26:57.5868636Z' while content on disk has modification time of '2024-12-20T23:27:07.7758145Z'
Number of updated asset objects reloaded before import = 0
Number of asset objects unloaded after import = 0
========================================================================
Received Import Request.
  Time since last request: 0.016183 seconds.
  path: Assets/Quentin/Assets/images/menuiserie.jpg
  artifactKey: Guid(8583b73c1e913fa4bb19a9de289b754e) Importer(815301076,1909f56bfc062723c751e8b465ee728b)
Start importing Assets/Quentin/Assets/images/menuiserie.jpg using Guid(8583b73c1e913fa4bb19a9de289b754e) Importer(815301076,1909f56bfc062723c751e8b465ee728b)  -> (artifact id: '00000000000000000000000000000000') in 0.026531 seconds
Import Error Code:(4)
Message: Build asset version error: assets/quentin/assets/images/menuiserie.jpg in SourceAssetDB has modification time of '2024-12-20T23:26:57.5868636Z' while content on disk has modification time of '2024-12-20T23:27:07.7758145Z'
  ERROR: Build asset version error: assets/quentin/assets/images/menuiserie.jpg in SourceAssetDB has modification time of '2024-12-20T23:26:57.5868636Z' while content on disk has modification time of '2024-12-20T23:27:07.7758145Z'
Number of updated asset objects reloaded before import = 0
Number of asset objects unloaded after import = 0
========================================================================
Received Import Request.
  Time since last request: 0.007819 seconds.
  path: Assets/Quentin/Assets/images/menuiserie.jpg
  artifactKey: Guid(8583b73c1e913fa4bb19a9de289b754e) Importer(815301076,1909f56bfc062723c751e8b465ee728b)
Start importing Assets/Quentin/Assets/images/menuiserie.jpg using Guid(8583b73c1e913fa4bb19a9de289b754e) Importer(815301076,1909f56bfc062723c751e8b465ee728b)  -> (artifact id: '00000000000000000000000000000000') in 0.034781 seconds
Import Error Code:(4)
Message: Build asset version error: assets/quentin/assets/images/menuiserie.jpg in SourceAssetDB has modification time of '2024-12-20T23:26:57.5868636Z' while content on disk has modification time of '2024-12-20T23:27:07.7758145Z'
  ERROR: Build asset version error: assets/quentin/assets/images/menuiserie.jpg in SourceAssetDB has modification time of '2024-12-20T23:26:57.5868636Z' while content on disk has modification time of '2024-12-20T23:27:07.7758145Z'
Number of updated asset objects reloaded before import = 0
Number of asset objects unloaded after import = 0
========================================================================
Received Import Request.
  Time since last request: 0.007076 seconds.
  path: Assets/Quentin/Assets/images/menuiserie.jpg
  artifactKey: Guid(8583b73c1e913fa4bb19a9de289b754e) Importer(815301076,1909f56bfc062723c751e8b465ee728b)
Start importing Assets/Quentin/Assets/images/menuiserie.jpg using Guid(8583b73c1e913fa4bb19a9de289b754e) Importer(815301076,1909f56bfc062723c751e8b465ee728b)  -> (artifact id: '00000000000000000000000000000000') in 0.036835 seconds
Import Error Code:(4)
Message: Build asset version error: assets/quentin/assets/images/menuiserie.jpg in SourceAssetDB has modification time of '2024-12-20T23:26:57.5868636Z' while content on disk has modification time of '2024-12-20T23:27:07.7758145Z'
  ERROR: Build asset version error: assets/quentin/assets/images/menuiserie.jpg in SourceAssetDB has modification time of '2024-12-20T23:26:57.5868636Z' while content on disk has modification time of '2024-12-20T23:27:07.7758145Z'
Number of updated asset objects reloaded before import = 0
Number of asset objects unloaded after import = 0
========================================================================
Received Import Request.
  Time since last request: 0.007238 seconds.
  path: Assets/Quentin/Assets/images/menuiserie.jpg
  artifactKey: Guid(8583b73c1e913fa4bb19a9de289b754e) Importer(815301076,1909f56bfc062723c751e8b465ee728b)
Start importing Assets/Quentin/Assets/images/menuiserie.jpg using Guid(8583b73c1e913fa4bb19a9de289b754e) Importer(815301076,1909f56bfc062723c751e8b465ee728b)  -> (artifact id: '00000000000000000000000000000000') in 0.028218 seconds
Import Error Code:(4)
Message: Build asset version error: assets/quentin/assets/images/menuiserie.jpg in SourceAssetDB has modification time of '2024-12-20T23:26:57.5868636Z' while content on disk has modification time of '2024-12-20T23:27:07.7758145Z'
  ERROR: Build asset version error: assets/quentin/assets/images/menuiserie.jpg in SourceAssetDB has modification time of '2024-12-20T23:26:57.5868636Z' while content on disk has modification time of '2024-12-20T23:27:07.7758145Z'
Number of updated asset objects reloaded before import = 0
Number of asset objects unloaded after import = 0
========================================================================
Received Import Request.
  Time since last request: 0.006761 seconds.
  path: Assets/Quentin/Assets/images/menuiserie.jpg
  artifactKey: Guid(8583b73c1e913fa4bb19a9de289b754e) Importer(815301076,1909f56bfc062723c751e8b465ee728b)
Start importing Assets/Quentin/Assets/images/menuiserie.jpg using Guid(8583b73c1e913fa4bb19a9de289b754e) Importer(815301076,1909f56bfc062723c751e8b465ee728b)  -> (artifact id: '00000000000000000000000000000000') in 0.034431 seconds
Import Error Code:(4)
Message: Build asset version error: assets/quentin/assets/images/menuiserie.jpg in SourceAssetDB has modification time of '2024-12-20T23:26:57.5868636Z' while content on disk has modification time of '2024-12-20T23:27:07.7758145Z'
  ERROR: Build asset version error: assets/quentin/assets/images/menuiserie.jpg in SourceAssetDB has modification time of '2024-12-20T23:26:57.5868636Z' while content on disk has modification time of '2024-12-20T23:27:07.7758145Z'
Number of updated asset objects reloaded before import = 0
Number of asset objects unloaded after import = 0
========================================================================
Received Import Request.
  Time since last request: 0.008526 seconds.
  path: Assets/Quentin/Assets/images/menuiserie.jpg
  artifactKey: Guid(8583b73c1e913fa4bb19a9de289b754e) Importer(815301076,1909f56bfc062723c751e8b465ee728b)
Start importing Assets/Quentin/Assets/images/menuiserie.jpg using Guid(8583b73c1e913fa4bb19a9de289b754e) Importer(815301076,1909f56bfc062723c751e8b465ee728b)  -> (artifact id: '00000000000000000000000000000000') in 0.032676 seconds
Import Error Code:(4)
Message: Build asset version error: assets/quentin/assets/images/menuiserie.jpg in SourceAssetDB has modification time of '2024-12-20T23:26:57.5868636Z' while content on disk has modification time of '2024-12-20T23:27:07.7758145Z'
  ERROR: Build asset version error: assets/quentin/assets/images/menuiserie.jpg in SourceAssetDB has modification time of '2024-12-20T23:26:57.5868636Z' while content on disk has modification time of '2024-12-20T23:27:07.7758145Z'
Number of updated asset objects reloaded before import = 0
Number of asset objects unloaded after import = 0
========================================================================
Received Import Request.
  Time since last request: 0.007589 seconds.
  path: Assets/Quentin/Assets/images/menuiserie.jpg
  artifactKey: Guid(8583b73c1e913fa4bb19a9de289b754e) Importer(815301076,1909f56bfc062723c751e8b465ee728b)
Start importing Assets/Quentin/Assets/images/menuiserie.jpg using Guid(8583b73c1e913fa4bb19a9de289b754e) Importer(815301076,1909f56bfc062723c751e8b465ee728b)  -> (artifact id: '00000000000000000000000000000000') in 0.028830 seconds
Import Error Code:(4)
Message: Build asset version error: assets/quentin/assets/images/menuiserie.jpg in SourceAssetDB has modification time of '2024-12-20T23:26:57.5868636Z' while content on disk has modification time of '2024-12-20T23:27:07.7758145Z'
  ERROR: Build asset version error: assets/quentin/assets/images/menuiserie.jpg in SourceAssetDB has modification time of '2024-12-20T23:26:57.5868636Z' while content on disk has modification time of '2024-12-20T23:27:07.7758145Z'
Number of updated asset objects reloaded before import = 0
Number of asset objects unloaded after import = 0
========================================================================
Received Import Request.
  Time since last request: 0.012147 seconds.
  path: Assets/Quentin/Assets/images/menuiserie.jpg
  artifactKey: Guid(8583b73c1e913fa4bb19a9de289b754e) Importer(815301076,1909f56bfc062723c751e8b465ee728b)
Start importing Assets/Quentin/Assets/images/menuiserie.jpg using Guid(8583b73c1e913fa4bb19a9de289b754e) Importer(815301076,1909f56bfc062723c751e8b465ee728b)  -> (artifact id: '00000000000000000000000000000000') in 0.037118 seconds
Import Error Code:(4)
Message: Build asset version error: assets/quentin/assets/images/menuiserie.jpg in SourceAssetDB has modification time of '2024-12-20T23:26:57.5868636Z' while content on disk has modification time of '2024-12-20T23:27:07.7758145Z'
  ERROR: Build asset version error: assets/quentin/assets/images/menuiserie.jpg in SourceAssetDB has modification time of '2024-12-20T23:26:57.5868636Z' while content on disk has modification time of '2024-12-20T23:27:07.7758145Z'
Number of updated asset objects reloaded before import = 0
Number of asset objects unloaded after import = 0
========================================================================
Received Import Request.
  Time since last request: 0.006005 seconds.
  path: Assets/Quentin/Assets/images/menuiserie.jpg
  artifactKey: Guid(8583b73c1e913fa4bb19a9de289b754e) Importer(815301076,1909f56bfc062723c751e8b465ee728b)
Start importing Assets/Quentin/Assets/images/menuiserie.jpg using Guid(8583b73c1e913fa4bb19a9de289b754e) Importer(815301076,1909f56bfc062723c751e8b465ee728b)  -> (artifact id: '00000000000000000000000000000000') in 0.034452 seconds
Import Error Code:(4)
Message: Build asset version error: assets/quentin/assets/images/menuiserie.jpg in SourceAssetDB has modification time of '2024-12-20T23:26:57.5868636Z' while content on disk has modification time of '2024-12-20T23:27:07.7758145Z'
  ERROR: Build asset version error: assets/quentin/assets/images/menuiserie.jpg in SourceAssetDB has modification time of '2024-12-20T23:26:57.5868636Z' while content on disk has modification time of '2024-12-20T23:27:07.7758145Z'
Number of updated asset objects reloaded before import = 0
Number of asset objects unloaded after import = 0
========================================================================
Received Import Request.
  Time since last request: 0.007571 seconds.
  path: Assets/Quentin/Assets/images/menuiserie.jpg
  artifactKey: Guid(8583b73c1e913fa4bb19a9de289b754e) Importer(815301076,1909f56bfc062723c751e8b465ee728b)
Start importing Assets/Quentin/Assets/images/menuiserie.jpg using Guid(8583b73c1e913fa4bb19a9de289b754e) Importer(815301076,1909f56bfc062723c751e8b465ee728b)  -> (artifact id: '00000000000000000000000000000000') in 0.025387 seconds
Import Error Code:(4)
Message: Build asset version error: assets/quentin/assets/images/menuiserie.jpg in SourceAssetDB has modification time of '2024-12-20T23:26:57.5868636Z' while content on disk has modification time of '2024-12-20T23:27:07.7758145Z'
  ERROR: Build asset version error: assets/quentin/assets/images/menuiserie.jpg in SourceAssetDB has modification time of '2024-12-20T23:26:57.5868636Z' while content on disk has modification time of '2024-12-20T23:27:07.7758145Z'
Number of updated asset objects reloaded before import = 0
Number of asset objects unloaded after import = 0
========================================================================
Received Import Request.
  Time since last request: 0.032904 seconds.
  path: Assets/Quentin/Assets/images/menuiserie.jpg
  artifactKey: Guid(8583b73c1e913fa4bb19a9de289b754e) Importer(815301076,1909f56bfc062723c751e8b465ee728b)
Start importing Assets/Quentin/Assets/images/menuiserie.jpg using Guid(8583b73c1e913fa4bb19a9de289b754e) Importer(815301076,1909f56bfc062723c751e8b465ee728b)  -> (artifact id: '00000000000000000000000000000000') in 0.023144 seconds
Import Error Code:(4)
Message: Build asset version error: assets/quentin/assets/images/menuiserie.jpg in SourceAssetDB has modification time of '2024-12-20T23:26:57.5868636Z' while content on disk has modification time of '2024-12-20T23:27:07.7758145Z'
  ERROR: Build asset version error: assets/quentin/assets/images/menuiserie.jpg in SourceAssetDB has modification time of '2024-12-20T23:26:57.5868636Z' while content on disk has modification time of '2024-12-20T23:27:07.7758145Z'
Number of updated asset objects reloaded before import = 0
Number of asset objects unloaded after import = 0
========================================================================
Received Import Request.
  Time since last request: 0.027267 seconds.
  path: Assets/Quentin/Assets/images/menuiserie.jpg
  artifactKey: Guid(8583b73c1e913fa4bb19a9de289b754e) Importer(815301076,1909f56bfc062723c751e8b465ee728b)
Start importing Assets/Quentin/Assets/images/menuiserie.jpg using Guid(8583b73c1e913fa4bb19a9de289b754e) Importer(815301076,1909f56bfc062723c751e8b465ee728b)  -> (artifact id: '00000000000000000000000000000000') in 0.035899 seconds
Import Error Code:(4)
Message: Build asset version error: assets/quentin/assets/images/menuiserie.jpg in SourceAssetDB has modification time of '2024-12-20T23:26:57.5868636Z' while content on disk has modification time of '2024-12-20T23:27:07.7758145Z'
  ERROR: Build asset version error: assets/quentin/assets/images/menuiserie.jpg in SourceAssetDB has modification time of '2024-12-20T23:26:57.5868636Z' while content on disk has modification time of '2024-12-20T23:27:07.7758145Z'
Number of updated asset objects reloaded before import = 0
Number of asset objects unloaded after import = 0
========================================================================
Received Import Request.
  Time since last request: 0.003166 seconds.
  path: Assets/Quentin/Assets/images/menuiserie.jpg
  artifactKey: Guid(8583b73c1e913fa4bb19a9de289b754e) Importer(815301076,1909f56bfc062723c751e8b465ee728b)
Start importing Assets/Quentin/Assets/images/menuiserie.jpg using Guid(8583b73c1e913fa4bb19a9de289b754e) Importer(815301076,1909f56bfc062723c751e8b465ee728b)  -> (artifact id: '00000000000000000000000000000000') in 0.042849 seconds
Import Error Code:(4)
Message: Build asset version error: assets/quentin/assets/images/menuiserie.jpg in SourceAssetDB has modification time of '2024-12-20T23:26:57.5868636Z' while content on disk has modification time of '2024-12-20T23:27:07.7758145Z'
  ERROR: Build asset version error: assets/quentin/assets/images/menuiserie.jpg in SourceAssetDB has modification time of '2024-12-20T23:26:57.5868636Z' while content on disk has modification time of '2024-12-20T23:27:07.7758145Z'
Number of updated asset objects reloaded before import = 0
Number of asset objects unloaded after import = 0
========================================================================
Received Import Request.
  Time since last request: 0.044266 seconds.
  path: Assets/Quentin/Assets/images/menuiserie.jpg
  artifactKey: Guid(8583b73c1e913fa4bb19a9de289b754e) Importer(815301076,1909f56bfc062723c751e8b465ee728b)
Start importing Assets/Quentin/Assets/images/menuiserie.jpg using Guid(8583b73c1e913fa4bb19a9de289b754e) Importer(815301076,1909f56bfc062723c751e8b465ee728b)  -> (artifact id: '00000000000000000000000000000000') in 0.038335 seconds
Import Error Code:(4)
Message: Build asset version error: assets/quentin/assets/images/menuiserie.jpg in SourceAssetDB has modification time of '2024-12-20T23:26:57.5868636Z' while content on disk has modification time of '2024-12-20T23:27:07.7758145Z'
  ERROR: Build asset version error: assets/quentin/assets/images/menuiserie.jpg in SourceAssetDB has modification time of '2024-12-20T23:26:57.5868636Z' while content on disk has modification time of '2024-12-20T23:27:07.7758145Z'
Number of updated asset objects reloaded before import = 0
Number of asset objects unloaded after import = 0
========================================================================
Received Import Request.
  Time since last request: 0.002964 seconds.
  path: Assets/Quentin/Assets/images/menuiserie.jpg
  artifactKey: Guid(8583b73c1e913fa4bb19a9de289b754e) Importer(815301076,1909f56bfc062723c751e8b465ee728b)
Start importing Assets/Quentin/Assets/images/menuiserie.jpg using Guid(8583b73c1e913fa4bb19a9de289b754e) Importer(815301076,1909f56bfc062723c751e8b465ee728b)  -> (artifact id: '00000000000000000000000000000000') in 0.034094 seconds
Import Error Code:(4)
Message: Build asset version error: assets/quentin/assets/images/menuiserie.jpg in SourceAssetDB has modification time of '2024-12-20T23:26:57.5868636Z' while content on disk has modification time of '2024-12-20T23:27:07.7758145Z'
  ERROR: Build asset version error: assets/quentin/assets/images/menuiserie.jpg in SourceAssetDB has modification time of '2024-12-20T23:26:57.5868636Z' while content on disk has modification time of '2024-12-20T23:27:07.7758145Z'
Number of updated asset objects reloaded before import = 0
Number of asset objects unloaded after import = 0
========================================================================
Received Import Request.
  Time since last request: 0.006475 seconds.
  path: Assets/Quentin/Assets/images/menuiserie.jpg
  artifactKey: Guid(8583b73c1e913fa4bb19a9de289b754e) Importer(815301076,1909f56bfc062723c751e8b465ee728b)
Start importing Assets/Quentin/Assets/images/menuiserie.jpg using Guid(8583b73c1e913fa4bb19a9de289b754e) Importer(815301076,1909f56bfc062723c751e8b465ee728b)  -> (artifact id: '00000000000000000000000000000000') in 0.023368 seconds
Import Error Code:(4)
Message: Build asset version error: assets/quentin/assets/images/menuiserie.jpg in SourceAssetDB has modification time of '2024-12-20T23:26:57.5868636Z' while content on disk has modification time of '2024-12-20T23:27:07.7758145Z'
  ERROR: Build asset version error: assets/quentin/assets/images/menuiserie.jpg in SourceAssetDB has modification time of '2024-12-20T23:26:57.5868636Z' while content on disk has modification time of '2024-12-20T23:27:07.7758145Z'
Number of updated asset objects reloaded before import = 0
Number of asset objects unloaded after import = 0
========================================================================
Received Import Request.
  Time since last request: 0.012309 seconds.
  path: Assets/Quentin/Assets/images/menuiserie.jpg
  artifactKey: Guid(8583b73c1e913fa4bb19a9de289b754e) Importer(815301076,1909f56bfc062723c751e8b465ee728b)
Start importing Assets/Quentin/Assets/images/menuiserie.jpg using Guid(8583b73c1e913fa4bb19a9de289b754e) Importer(815301076,1909f56bfc062723c751e8b465ee728b)  -> (artifact id: '00000000000000000000000000000000') in 0.020936 seconds
Import Error Code:(4)
Message: Build asset version error: assets/quentin/assets/images/menuiserie.jpg in SourceAssetDB has modification time of '2024-12-20T23:26:57.5868636Z' while content on disk has modification time of '2024-12-20T23:27:07.7758145Z'
  ERROR: Build asset version error: assets/quentin/assets/images/menuiserie.jpg in SourceAssetDB has modification time of '2024-12-20T23:26:57.5868636Z' while content on disk has modification time of '2024-12-20T23:27:07.7758145Z'
Number of updated asset objects reloaded before import = 0
Number of asset objects unloaded after import = 0
========================================================================
Received Import Request.
  Time since last request: 0.011252 seconds.
  path: Assets/Quentin/Assets/images/menuiserie.jpg
  artifactKey: Guid(8583b73c1e913fa4bb19a9de289b754e) Importer(815301076,1909f56bfc062723c751e8b465ee728b)
Start importing Assets/Quentin/Assets/images/menuiserie.jpg using Guid(8583b73c1e913fa4bb19a9de289b754e) Importer(815301076,1909f56bfc062723c751e8b465ee728b)  -> (artifact id: '00000000000000000000000000000000') in 0.026689 seconds
Import Error Code:(4)
Message: Build asset version error: assets/quentin/assets/images/menuiserie.jpg in SourceAssetDB has modification time of '2024-12-20T23:26:57.5868636Z' while content on disk has modification time of '2024-12-20T23:27:07.7758145Z'
  ERROR: Build asset version error: assets/quentin/assets/images/menuiserie.jpg in SourceAssetDB has modification time of '2024-12-20T23:26:57.5868636Z' while content on disk has modification time of '2024-12-20T23:27:07.7758145Z'
Number of updated asset objects reloaded before import = 0
Number of asset objects unloaded after import = 0
========================================================================
Received Import Request.
  Time since last request: 0.006887 seconds.
  path: Assets/Quentin/Assets/images/menuiserie.jpg
  artifactKey: Guid(8583b73c1e913fa4bb19a9de289b754e) Importer(815301076,1909f56bfc062723c751e8b465ee728b)
Start importing Assets/Quentin/Assets/images/menuiserie.jpg using Guid(8583b73c1e913fa4bb19a9de289b754e) Importer(815301076,1909f56bfc062723c751e8b465ee728b)  -> (artifact id: '00000000000000000000000000000000') in 0.025012 seconds
Import Error Code:(4)
Message: Build asset version error: assets/quentin/assets/images/menuiserie.jpg in SourceAssetDB has modification time of '2024-12-20T23:26:57.5868636Z' while content on disk has modification time of '2024-12-20T23:27:07.7758145Z'
  ERROR: Build asset version error: assets/quentin/assets/images/menuiserie.jpg in SourceAssetDB has modification time of '2024-12-20T23:26:57.5868636Z' while content on disk has modification time of '2024-12-20T23:27:07.7758145Z'
Number of updated asset objects reloaded before import = 0
Number of asset objects unloaded after import = 0
========================================================================
Received Import Request.
  Time since last request: 0.006134 seconds.
  path: Assets/Quentin/Assets/images/menuiserie.jpg
  artifactKey: Guid(8583b73c1e913fa4bb19a9de289b754e) Importer(815301076,1909f56bfc062723c751e8b465ee728b)
Start importing Assets/Quentin/Assets/images/menuiserie.jpg using Guid(8583b73c1e913fa4bb19a9de289b754e) Importer(815301076,1909f56bfc062723c751e8b465ee728b)  -> (artifact id: '00000000000000000000000000000000') in 0.030915 seconds
Import Error Code:(4)
Message: Build asset version error: assets/quentin/assets/images/menuiserie.jpg in SourceAssetDB has modification time of '2024-12-20T23:26:57.5868636Z' while content on disk has modification time of '2024-12-20T23:27:07.7758145Z'
  ERROR: Build asset version error: assets/quentin/assets/images/menuiserie.jpg in SourceAssetDB has modification time of '2024-12-20T23:26:57.5868636Z' while content on disk has modification time of '2024-12-20T23:27:07.7758145Z'
Number of updated asset objects reloaded before import = 0
Number of asset objects unloaded after import = 0
========================================================================
Received Import Request.
  Time since last request: 0.007549 seconds.
  path: Assets/Quentin/Assets/images/menuiserie.jpg
  artifactKey: Guid(8583b73c1e913fa4bb19a9de289b754e) Importer(815301076,1909f56bfc062723c751e8b465ee728b)
Start importing Assets/Quentin/Assets/images/menuiserie.jpg using Guid(8583b73c1e913fa4bb19a9de289b754e) Importer(815301076,1909f56bfc062723c751e8b465ee728b)  -> (artifact id: '00000000000000000000000000000000') in 0.031579 seconds
Import Error Code:(4)
Message: Build asset version error: assets/quentin/assets/images/menuiserie.jpg in SourceAssetDB has modification time of '2024-12-20T23:26:57.5868636Z' while content on disk has modification time of '2024-12-20T23:27:07.7758145Z'
  ERROR: Build asset version error: assets/quentin/assets/images/menuiserie.jpg in SourceAssetDB has modification time of '2024-12-20T23:26:57.5868636Z' while content on disk has modification time of '2024-12-20T23:27:07.7758145Z'
Number of updated asset objects reloaded before import = 0
Number of asset objects unloaded after import = 0
========================================================================
Received Import Request.
  Time since last request: 0.000575 seconds.
  path: Assets/Quentin/Assets/images/menuiserie.jpg
  artifactKey: Guid(8583b73c1e913fa4bb19a9de289b754e) Importer(815301076,1909f56bfc062723c751e8b465ee728b)
Start importing Assets/Quentin/Assets/images/menuiserie.jpg using Guid(8583b73c1e913fa4bb19a9de289b754e) Importer(815301076,1909f56bfc062723c751e8b465ee728b)  -> (artifact id: '00000000000000000000000000000000') in 0.025929 seconds
Import Error Code:(4)
Message: Build asset version error: assets/quentin/assets/images/menuiserie.jpg in SourceAssetDB has modification time of '2024-12-20T23:26:57.5868636Z' while content on disk has modification time of '2024-12-20T23:27:07.7758145Z'
  ERROR: Build asset version error: assets/quentin/assets/images/menuiserie.jpg in SourceAssetDB has modification time of '2024-12-20T23:26:57.5868636Z' while content on disk has modification time of '2024-12-20T23:27:07.7758145Z'
Number of updated asset objects reloaded before import = 0
Number of asset objects unloaded after import = 0
========================================================================
Received Import Request.
  Time since last request: 0.011267 seconds.
  path: Assets/Quentin/Assets/images/menuiserie.jpg
  artifactKey: Guid(8583b73c1e913fa4bb19a9de289b754e) Importer(815301076,1909f56bfc062723c751e8b465ee728b)
Start importing Assets/Quentin/Assets/images/menuiserie.jpg using Guid(8583b73c1e913fa4bb19a9de289b754e) Importer(815301076,1909f56bfc062723c751e8b465ee728b)  -> (artifact id: '00000000000000000000000000000000') in 0.035667 seconds
Import Error Code:(4)
Message: Build asset version error: assets/quentin/assets/images/menuiserie.jpg in SourceAssetDB has modification time of '2024-12-20T23:26:57.5868636Z' while content on disk has modification time of '2024-12-20T23:27:07.7758145Z'
  ERROR: Build asset version error: assets/quentin/assets/images/menuiserie.jpg in SourceAssetDB has modification time of '2024-12-20T23:26:57.5868636Z' while content on disk has modification time of '2024-12-20T23:27:07.7758145Z'
Number of updated asset objects reloaded before import = 0
Number of asset objects unloaded after import = 0
========================================================================
Received Import Request.
  Time since last request: 0.012504 seconds.
  path: Assets/Quentin/Assets/images/menuiserie.jpg
  artifactKey: Guid(8583b73c1e913fa4bb19a9de289b754e) Importer(815301076,1909f56bfc062723c751e8b465ee728b)
Start importing Assets/Quentin/Assets/images/menuiserie.jpg using Guid(8583b73c1e913fa4bb19a9de289b754e) Importer(815301076,1909f56bfc062723c751e8b465ee728b)  -> (artifact id: '00000000000000000000000000000000') in 0.026046 seconds
Import Error Code:(4)
Message: Build asset version error: assets/quentin/assets/images/menuiserie.jpg in SourceAssetDB has modification time of '2024-12-20T23:26:57.5868636Z' while content on disk has modification time of '2024-12-20T23:27:07.7758145Z'
  ERROR: Build asset version error: assets/quentin/assets/images/menuiserie.jpg in SourceAssetDB has modification time of '2024-12-20T23:26:57.5868636Z' while content on disk has modification time of '2024-12-20T23:27:07.7758145Z'
Number of updated asset objects reloaded before import = 0
Number of asset objects unloaded after import = 0
========================================================================
Received Import Request.
  Time since last request: 0.013560 seconds.
  path: Assets/Quentin/Assets/images/menuiserie.jpg
  artifactKey: Guid(8583b73c1e913fa4bb19a9de289b754e) Importer(815301076,1909f56bfc062723c751e8b465ee728b)
Start importing Assets/Quentin/Assets/images/menuiserie.jpg using Guid(8583b73c1e913fa4bb19a9de289b754e) Importer(815301076,1909f56bfc062723c751e8b465ee728b)  -> (artifact id: '00000000000000000000000000000000') in 0.034499 seconds
Import Error Code:(4)
Message: Build asset version error: assets/quentin/assets/images/menuiserie.jpg in SourceAssetDB has modification time of '2024-12-20T23:26:57.5868636Z' while content on disk has modification time of '2024-12-20T23:27:07.7758145Z'
  ERROR: Build asset version error: assets/quentin/assets/images/menuiserie.jpg in SourceAssetDB has modification time of '2024-12-20T23:26:57.5868636Z' while content on disk has modification time of '2024-12-20T23:27:07.7758145Z'
Number of updated asset objects reloaded before import = 0
Number of asset objects unloaded after import = 0
========================================================================
Received Import Request.
  Time since last request: 0.008836 seconds.
  path: Assets/Quentin/Assets/images/menuiserie.jpg
  artifactKey: Guid(8583b73c1e913fa4bb19a9de289b754e) Importer(815301076,1909f56bfc062723c751e8b465ee728b)
Start importing Assets/Quentin/Assets/images/menuiserie.jpg using Guid(8583b73c1e913fa4bb19a9de289b754e) Importer(815301076,1909f56bfc062723c751e8b465ee728b)  -> (artifact id: '00000000000000000000000000000000') in 0.036068 seconds
Import Error Code:(4)
Message: Build asset version error: assets/quentin/assets/images/menuiserie.jpg in SourceAssetDB has modification time of '2024-12-20T23:26:57.5868636Z' while content on disk has modification time of '2024-12-20T23:27:07.7758145Z'
  ERROR: Build asset version error: assets/quentin/assets/images/menuiserie.jpg in SourceAssetDB has modification time of '2024-12-20T23:26:57.5868636Z' while content on disk has modification time of '2024-12-20T23:27:07.7758145Z'
Number of updated asset objects reloaded before import = 0
Number of asset objects unloaded after import = 0
========================================================================
Received Import Request.
  Time since last request: 0.004242 seconds.
  path: Assets/Quentin/Assets/images/menuiserie.jpg
  artifactKey: Guid(8583b73c1e913fa4bb19a9de289b754e) Importer(815301076,1909f56bfc062723c751e8b465ee728b)
Start importing Assets/Quentin/Assets/images/menuiserie.jpg using Guid(8583b73c1e913fa4bb19a9de289b754e) Importer(815301076,1909f56bfc062723c751e8b465ee728b)  -> (artifact id: '00000000000000000000000000000000') in 0.029893 seconds
Import Error Code:(4)
Message: Build asset version error: assets/quentin/assets/images/menuiserie.jpg in SourceAssetDB has modification time of '2024-12-20T23:26:57.5868636Z' while content on disk has modification time of '2024-12-20T23:27:07.7758145Z'
  ERROR: Build asset version error: assets/quentin/assets/images/menuiserie.jpg in SourceAssetDB has modification time of '2024-12-20T23:26:57.5868636Z' while content on disk has modification time of '2024-12-20T23:27:07.7758145Z'
Number of updated asset objects reloaded before import = 0
Number of asset objects unloaded after import = 0
========================================================================
Received Import Request.
  Time since last request: 0.008334 seconds.
  path: Assets/Quentin/Assets/images/menuiserie.jpg
  artifactKey: Guid(8583b73c1e913fa4bb19a9de289b754e) Importer(815301076,1909f56bfc062723c751e8b465ee728b)
Start importing Assets/Quentin/Assets/images/menuiserie.jpg using Guid(8583b73c1e913fa4bb19a9de289b754e) Importer(815301076,1909f56bfc062723c751e8b465ee728b)  -> (artifact id: '00000000000000000000000000000000') in 0.026135 seconds
Import Error Code:(4)
Message: Build asset version error: assets/quentin/assets/images/menuiserie.jpg in SourceAssetDB has modification time of '2024-12-20T23:26:57.5868636Z' while content on disk has modification time of '2024-12-20T23:27:07.7758145Z'
  ERROR: Build asset version error: assets/quentin/assets/images/menuiserie.jpg in SourceAssetDB has modification time of '2024-12-20T23:26:57.5868636Z' while content on disk has modification time of '2024-12-20T23:27:07.7758145Z'
Number of updated asset objects reloaded before import = 0
Number of asset objects unloaded after import = 0
========================================================================
Received Import Request.
  Time since last request: 0.018848 seconds.
  path: Assets/Quentin/Assets/images/menuiserie.jpg
  artifactKey: Guid(8583b73c1e913fa4bb19a9de289b754e) Importer(815301076,1909f56bfc062723c751e8b465ee728b)
Start importing Assets/Quentin/Assets/images/menuiserie.jpg using Guid(8583b73c1e913fa4bb19a9de289b754e) Importer(815301076,1909f56bfc062723c751e8b465ee728b)  -> (artifact id: '00000000000000000000000000000000') in 0.025300 seconds
Import Error Code:(4)
Message: Build asset version error: assets/quentin/assets/images/menuiserie.jpg in SourceAssetDB has modification time of '2024-12-20T23:26:57.5868636Z' while content on disk has modification time of '2024-12-20T23:27:07.7758145Z'
  ERROR: Build asset version error: assets/quentin/assets/images/menuiserie.jpg in SourceAssetDB has modification time of '2024-12-20T23:26:57.5868636Z' while content on disk has modification time of '2024-12-20T23:27:07.7758145Z'
Number of updated asset objects reloaded before import = 0
Number of asset objects unloaded after import = 0
========================================================================
Received Import Request.
  Time since last request: 0.008450 seconds.
  path: Assets/Quentin/Assets/images/menuiserie.jpg
  artifactKey: Guid(8583b73c1e913fa4bb19a9de289b754e) Importer(815301076,1909f56bfc062723c751e8b465ee728b)
Start importing Assets/Quentin/Assets/images/menuiserie.jpg using Guid(8583b73c1e913fa4bb19a9de289b754e) Importer(815301076,1909f56bfc062723c751e8b465ee728b)  -> (artifact id: '00000000000000000000000000000000') in 0.036171 seconds
Import Error Code:(4)
Message: Build asset version error: assets/quentin/assets/images/menuiserie.jpg in SourceAssetDB has modification time of '2024-12-20T23:26:57.5868636Z' while content on disk has modification time of '2024-12-20T23:27:07.7758145Z'
  ERROR: Build asset version error: assets/quentin/assets/images/menuiserie.jpg in SourceAssetDB has modification time of '2024-12-20T23:26:57.5868636Z' while content on disk has modification time of '2024-12-20T23:27:07.7758145Z'
Number of updated asset objects reloaded before import = 0
Number of asset objects unloaded after import = 0
========================================================================
Received Import Request.
  Time since last request: 0.006292 seconds.
  path: Assets/Quentin/Assets/images/menuiserie.jpg
  artifactKey: Guid(8583b73c1e913fa4bb19a9de289b754e) Importer(815301076,1909f56bfc062723c751e8b465ee728b)
Start importing Assets/Quentin/Assets/images/menuiserie.jpg using Guid(8583b73c1e913fa4bb19a9de289b754e) Importer(815301076,1909f56bfc062723c751e8b465ee728b)  -> (artifact id: '00000000000000000000000000000000') in 0.036140 seconds
Import Error Code:(4)
Message: Build asset version error: assets/quentin/assets/images/menuiserie.jpg in SourceAssetDB has modification time of '2024-12-20T23:26:57.5868636Z' while content on disk has modification time of '2024-12-20T23:27:07.7758145Z'
  ERROR: Build asset version error: assets/quentin/assets/images/menuiserie.jpg in SourceAssetDB has modification time of '2024-12-20T23:26:57.5868636Z' while content on disk has modification time of '2024-12-20T23:27:07.7758145Z'
Number of updated asset objects reloaded before import = 0
Number of asset objects unloaded after import = 0
========================================================================
Received Import Request.
  Time since last request: 0.011560 seconds.
  path: Assets/Quentin/Assets/images/menuiserie.jpg
  artifactKey: Guid(8583b73c1e913fa4bb19a9de289b754e) Importer(815301076,1909f56bfc062723c751e8b465ee728b)
Start importing Assets/Quentin/Assets/images/menuiserie.jpg using Guid(8583b73c1e913fa4bb19a9de289b754e) Importer(815301076,1909f56bfc062723c751e8b465ee728b)  -> (artifact id: '00000000000000000000000000000000') in 0.032148 seconds
Import Error Code:(4)
Message: Build asset version error: assets/quentin/assets/images/menuiserie.jpg in SourceAssetDB has modification time of '2024-12-20T23:26:57.5868636Z' while content on disk has modification time of '2024-12-20T23:27:07.7758145Z'
  ERROR: Build asset version error: assets/quentin/assets/images/menuiserie.jpg in SourceAssetDB has modification time of '2024-12-20T23:26:57.5868636Z' while content on disk has modification time of '2024-12-20T23:27:07.7758145Z'
Number of updated asset objects reloaded before import = 0
Number of asset objects unloaded after import = 0
========================================================================
Received Import Request.
  Time since last request: 0.008689 seconds.
  path: Assets/Quentin/Assets/images/menuiserie.jpg
  artifactKey: Guid(8583b73c1e913fa4bb19a9de289b754e) Importer(815301076,1909f56bfc062723c751e8b465ee728b)
Start importing Assets/Quentin/Assets/images/menuiserie.jpg using Guid(8583b73c1e913fa4bb19a9de289b754e) Importer(815301076,1909f56bfc062723c751e8b465ee728b)  -> (artifact id: '00000000000000000000000000000000') in 0.031032 seconds
Import Error Code:(4)
Message: Build asset version error: assets/quentin/assets/images/menuiserie.jpg in SourceAssetDB has modification time of '2024-12-20T23:26:57.5868636Z' while content on disk has modification time of '2024-12-20T23:27:07.7758145Z'
  ERROR: Build asset version error: assets/quentin/assets/images/menuiserie.jpg in SourceAssetDB has modification time of '2024-12-20T23:26:57.5868636Z' while content on disk has modification time of '2024-12-20T23:27:07.7758145Z'
Number of updated asset objects reloaded before import = 0
Number of asset objects unloaded after import = 0
========================================================================
Received Import Request.
  Time since last request: 0.007814 seconds.
  path: Assets/Quentin/Assets/images/menuiserie.jpg
  artifactKey: Guid(8583b73c1e913fa4bb19a9de289b754e) Importer(815301076,1909f56bfc062723c751e8b465ee728b)
Start importing Assets/Quentin/Assets/images/menuiserie.jpg using Guid(8583b73c1e913fa4bb19a9de289b754e) Importer(815301076,1909f56bfc062723c751e8b465ee728b)  -> (artifact id: '00000000000000000000000000000000') in 0.031341 seconds
Import Error Code:(4)
Message: Build asset version error: assets/quentin/assets/images/menuiserie.jpg in SourceAssetDB has modification time of '2024-12-20T23:26:57.5868636Z' while content on disk has modification time of '2024-12-20T23:27:07.7758145Z'
  ERROR: Build asset version error: assets/quentin/assets/images/menuiserie.jpg in SourceAssetDB has modification time of '2024-12-20T23:26:57.5868636Z' while content on disk has modification time of '2024-12-20T23:27:07.7758145Z'
Number of updated asset objects reloaded before import = 0
Number of asset objects unloaded after import = 0
========================================================================
Received Import Request.
  Time since last request: 0.007320 seconds.
  path: Assets/Quentin/Assets/images/menuiserie.jpg
  artifactKey: Guid(8583b73c1e913fa4bb19a9de289b754e) Importer(815301076,1909f56bfc062723c751e8b465ee728b)
Start importing Assets/Quentin/Assets/images/menuiserie.jpg using Guid(8583b73c1e913fa4bb19a9de289b754e) Importer(815301076,1909f56bfc062723c751e8b465ee728b)  -> (artifact id: '00000000000000000000000000000000') in 0.039854 seconds
Import Error Code:(4)
Message: Build asset version error: assets/quentin/assets/images/menuiserie.jpg in SourceAssetDB has modification time of '2024-12-20T23:26:57.5868636Z' while content on disk has modification time of '2024-12-20T23:27:07.7758145Z'
  ERROR: Build asset version error: assets/quentin/assets/images/menuiserie.jpg in SourceAssetDB has modification time of '2024-12-20T23:26:57.5868636Z' while content on disk has modification time of '2024-12-20T23:27:07.7758145Z'
Number of updated asset objects reloaded before import = 0
Number of asset objects unloaded after import = 0
========================================================================
Received Import Request.
  Time since last request: 0.011583 seconds.
  path: Assets/Quentin/Assets/images/menuiserie.jpg
  artifactKey: Guid(8583b73c1e913fa4bb19a9de289b754e) Importer(815301076,1909f56bfc062723c751e8b465ee728b)
Start importing Assets/Quentin/Assets/images/menuiserie.jpg using Guid(8583b73c1e913fa4bb19a9de289b754e) Importer(815301076,1909f56bfc062723c751e8b465ee728b)  -> (artifact id: '00000000000000000000000000000000') in 0.034021 seconds
Import Error Code:(4)
Message: Build asset version error: assets/quentin/assets/images/menuiserie.jpg in SourceAssetDB has modification time of '2024-12-20T23:26:57.5868636Z' while content on disk has modification time of '2024-12-20T23:27:07.7758145Z'
  ERROR: Build asset version error: assets/quentin/assets/images/menuiserie.jpg in SourceAssetDB has modification time of '2024-12-20T23:26:57.5868636Z' while content on disk has modification time of '2024-12-20T23:27:07.7758145Z'
Number of updated asset objects reloaded before import = 0
Number of asset objects unloaded after import = 0
========================================================================
Received Import Request.
  Time since last request: 0.011749 seconds.
  path: Assets/Quentin/Assets/images/menuiserie.jpg
  artifactKey: Guid(8583b73c1e913fa4bb19a9de289b754e) Importer(815301076,1909f56bfc062723c751e8b465ee728b)
Start importing Assets/Quentin/Assets/images/menuiserie.jpg using Guid(8583b73c1e913fa4bb19a9de289b754e) Importer(815301076,1909f56bfc062723c751e8b465ee728b)  -> (artifact id: '00000000000000000000000000000000') in 0.031244 seconds
Import Error Code:(4)
Message: Build asset version error: assets/quentin/assets/images/menuiserie.jpg in SourceAssetDB has modification time of '2024-12-20T23:26:57.5868636Z' while content on disk has modification time of '2024-12-20T23:27:07.7758145Z'
  ERROR: Build asset version error: assets/quentin/assets/images/menuiserie.jpg in SourceAssetDB has modification time of '2024-12-20T23:26:57.5868636Z' while content on disk has modification time of '2024-12-20T23:27:07.7758145Z'
Number of updated asset objects reloaded before import = 0
Number of asset objects unloaded after import = 0
========================================================================
Received Import Request.
  Time since last request: 0.042283 seconds.
  path: Assets/Quentin/Assets/images/menuiserie.jpg
  artifactKey: Guid(8583b73c1e913fa4bb19a9de289b754e) Importer(815301076,1909f56bfc062723c751e8b465ee728b)
Start importing Assets/Quentin/Assets/images/menuiserie.jpg using Guid(8583b73c1e913fa4bb19a9de289b754e) Importer(815301076,1909f56bfc062723c751e8b465ee728b)  -> (artifact id: '00000000000000000000000000000000') in 0.030037 seconds
Import Error Code:(4)
Message: Build asset version error: assets/quentin/assets/images/menuiserie.jpg in SourceAssetDB has modification time of '2024-12-20T23:26:57.5868636Z' while content on disk has modification time of '2024-12-20T23:27:07.7758145Z'
  ERROR: Build asset version error: assets/quentin/assets/images/menuiserie.jpg in SourceAssetDB has modification time of '2024-12-20T23:26:57.5868636Z' while content on disk has modification time of '2024-12-20T23:27:07.7758145Z'
Number of updated asset objects reloaded before import = 0
Number of asset objects unloaded after import = 0
========================================================================
Received Import Request.
  Time since last request: 0.000623 seconds.
  path: Assets/Quentin/Assets/images/menuiserie.jpg
  artifactKey: Guid(8583b73c1e913fa4bb19a9de289b754e) Importer(815301076,1909f56bfc062723c751e8b465ee728b)
Start importing Assets/Quentin/Assets/images/menuiserie.jpg using Guid(8583b73c1e913fa4bb19a9de289b754e) Importer(815301076,1909f56bfc062723c751e8b465ee728b)  -> (artifact id: '00000000000000000000000000000000') in 0.050077 seconds
Import Error Code:(4)
Message: Build asset version error: assets/quentin/assets/images/menuiserie.jpg in SourceAssetDB has modification time of '2024-12-20T23:26:57.5868636Z' while content on disk has modification time of '2024-12-20T23:27:07.7758145Z'
  ERROR: Build asset version error: assets/quentin/assets/images/menuiserie.jpg in SourceAssetDB has modification time of '2024-12-20T23:26:57.5868636Z' while content on disk has modification time of '2024-12-20T23:27:07.7758145Z'
Number of updated asset objects reloaded before import = 0
Number of asset objects unloaded after import = 0
========================================================================
Received Import Request.
  Time since last request: 0.043221 seconds.
  path: Assets/Quentin/Assets/images/menuiserie.jpg
  artifactKey: Guid(8583b73c1e913fa4bb19a9de289b754e) Importer(815301076,1909f56bfc062723c751e8b465ee728b)
Start importing Assets/Quentin/Assets/images/menuiserie.jpg using Guid(8583b73c1e913fa4bb19a9de289b754e) Importer(815301076,1909f56bfc062723c751e8b465ee728b)  -> (artifact id: '00000000000000000000000000000000') in 0.029777 seconds
Import Error Code:(4)
Message: Build asset version error: assets/quentin/assets/images/menuiserie.jpg in SourceAssetDB has modification time of '2024-12-20T23:26:57.5868636Z' while content on disk has modification time of '2024-12-20T23:27:07.7758145Z'
  ERROR: Build asset version error: assets/quentin/assets/images/menuiserie.jpg in SourceAssetDB has modification time of '2024-12-20T23:26:57.5868636Z' while content on disk has modification time of '2024-12-20T23:27:07.7758145Z'
Number of updated asset objects reloaded before import = 0
Number of asset objects unloaded after import = 0
========================================================================
Received Import Request.
  Time since last request: 0.038056 seconds.
  path: Assets/Quentin/Assets/images/menuiserie.jpg
  artifactKey: Guid(8583b73c1e913fa4bb19a9de289b754e) Importer(815301076,1909f56bfc062723c751e8b465ee728b)
Start importing Assets/Quentin/Assets/images/menuiserie.jpg using Guid(8583b73c1e913fa4bb19a9de289b754e) Importer(815301076,1909f56bfc062723c751e8b465ee728b)  -> (artifact id: '00000000000000000000000000000000') in 0.041035 seconds
Import Error Code:(4)
Message: Build asset version error: assets/quentin/assets/images/menuiserie.jpg in SourceAssetDB has modification time of '2024-12-20T23:26:57.5868636Z' while content on disk has modification time of '2024-12-20T23:27:07.7758145Z'
  ERROR: Build asset version error: assets/quentin/assets/images/menuiserie.jpg in SourceAssetDB has modification time of '2024-12-20T23:26:57.5868636Z' while content on disk has modification time of '2024-12-20T23:27:07.7758145Z'
Number of updated asset objects reloaded before import = 0
Number of asset objects unloaded after import = 0
========================================================================
Received Import Request.
  Time since last request: 0.004227 seconds.
  path: Assets/Quentin/Assets/images/menuiserie.jpg
  artifactKey: Guid(8583b73c1e913fa4bb19a9de289b754e) Importer(815301076,1909f56bfc062723c751e8b465ee728b)
Start importing Assets/Quentin/Assets/images/menuiserie.jpg using Guid(8583b73c1e913fa4bb19a9de289b754e) Importer(815301076,1909f56bfc062723c751e8b465ee728b)  -> (artifact id: '00000000000000000000000000000000') in 0.034233 seconds
Import Error Code:(4)
Message: Build asset version error: assets/quentin/assets/images/menuiserie.jpg in SourceAssetDB has modification time of '2024-12-20T23:26:57.5868636Z' while content on disk has modification time of '2024-12-20T23:27:07.7758145Z'
  ERROR: Build asset version error: assets/quentin/assets/images/menuiserie.jpg in SourceAssetDB has modification time of '2024-12-20T23:26:57.5868636Z' while content on disk has modification time of '2024-12-20T23:27:07.7758145Z'
Number of updated asset objects reloaded before import = 0
Number of asset objects unloaded after import = 0
========================================================================
Received Import Request.
  Time since last request: 0.007707 seconds.
  path: Assets/Quentin/Assets/images/menuiserie.jpg
  artifactKey: Guid(8583b73c1e913fa4bb19a9de289b754e) Importer(815301076,1909f56bfc062723c751e8b465ee728b)
Start importing Assets/Quentin/Assets/images/menuiserie.jpg using Guid(8583b73c1e913fa4bb19a9de289b754e) Importer(815301076,1909f56bfc062723c751e8b465ee728b)  -> (artifact id: '00000000000000000000000000000000') in 0.033680 seconds
Import Error Code:(4)
Message: Build asset version error: assets/quentin/assets/images/menuiserie.jpg in SourceAssetDB has modification time of '2024-12-20T23:26:57.5868636Z' while content on disk has modification time of '2024-12-20T23:27:27.4541485Z'
  ERROR: Build asset version error: assets/quentin/assets/images/menuiserie.jpg in SourceAssetDB has modification time of '2024-12-20T23:26:57.5868636Z' while content on disk has modification time of '2024-12-20T23:27:27.4541485Z'
Number of updated asset objects reloaded before import = 0
Number of asset objects unloaded after import = 0
========================================================================
Received Import Request.
  Time since last request: 0.016003 seconds.
  path: Assets/Quentin/Assets/images/menuiserie.jpg
  artifactKey: Guid(8583b73c1e913fa4bb19a9de289b754e) Importer(815301076,1909f56bfc062723c751e8b465ee728b)
Start importing Assets/Quentin/Assets/images/menuiserie.jpg using Guid(8583b73c1e913fa4bb19a9de289b754e) Importer(815301076,1909f56bfc062723c751e8b465ee728b)  -> (artifact id: '00000000000000000000000000000000') in 0.039349 seconds
Import Error Code:(4)
Message: Build asset version error: assets/quentin/assets/images/menuiserie.jpg in SourceAssetDB has modification time of '2024-12-20T23:26:57.5868636Z' while content on disk has modification time of '2024-12-20T23:27:27.4541485Z'
  ERROR: Build asset version error: assets/quentin/assets/images/menuiserie.jpg in SourceAssetDB has modification time of '2024-12-20T23:26:57.5868636Z' while content on disk has modification time of '2024-12-20T23:27:27.4541485Z'
Number of updated asset objects reloaded before import = 0
Number of asset objects unloaded after import = 0
========================================================================
Received Import Request.
  Time since last request: 0.010705 seconds.
  path: Assets/Quentin/Assets/images/menuiserie.jpg
  artifactKey: Guid(8583b73c1e913fa4bb19a9de289b754e) Importer(815301076,1909f56bfc062723c751e8b465ee728b)
Start importing Assets/Quentin/Assets/images/menuiserie.jpg using Guid(8583b73c1e913fa4bb19a9de289b754e) Importer(815301076,1909f56bfc062723c751e8b465ee728b)  -> (artifact id: '00000000000000000000000000000000') in 0.031751 seconds
Import Error Code:(4)
Message: Build asset version error: assets/quentin/assets/images/menuiserie.jpg in SourceAssetDB has modification time of '2024-12-20T23:26:57.5868636Z' while content on disk has modification time of '2024-12-20T23:27:27.4541485Z'
  ERROR: Build asset version error: assets/quentin/assets/images/menuiserie.jpg in SourceAssetDB has modification time of '2024-12-20T23:26:57.5868636Z' while content on disk has modification time of '2024-12-20T23:27:27.4541485Z'
Number of updated asset objects reloaded before import = 0
Number of asset objects unloaded after import = 0
========================================================================
Received Import Request.
  Time since last request: 0.007159 seconds.
  path: Assets/Quentin/Assets/images/menuiserie.jpg
  artifactKey: Guid(8583b73c1e913fa4bb19a9de289b754e) Importer(815301076,1909f56bfc062723c751e8b465ee728b)
Start importing Assets/Quentin/Assets/images/menuiserie.jpg using Guid(8583b73c1e913fa4bb19a9de289b754e) Importer(815301076,1909f56bfc062723c751e8b465ee728b)  -> (artifact id: '00000000000000000000000000000000') in 0.044843 seconds
Import Error Code:(4)
Message: Build asset version error: assets/quentin/assets/images/menuiserie.jpg in SourceAssetDB has modification time of '2024-12-20T23:26:57.5868636Z' while content on disk has modification time of '2024-12-20T23:27:27.4541485Z'
  ERROR: Build asset version error: assets/quentin/assets/images/menuiserie.jpg in SourceAssetDB has modification time of '2024-12-20T23:26:57.5868636Z' while content on disk has modification time of '2024-12-20T23:27:27.4541485Z'
Number of updated asset objects reloaded before import = 0
Number of asset objects unloaded after import = 0
========================================================================
Received Import Request.
  Time since last request: 0.002345 seconds.
  path: Assets/Quentin/Assets/images/menuiserie.jpg
  artifactKey: Guid(8583b73c1e913fa4bb19a9de289b754e) Importer(815301076,1909f56bfc062723c751e8b465ee728b)
Start importing Assets/Quentin/Assets/images/menuiserie.jpg using Guid(8583b73c1e913fa4bb19a9de289b754e) Importer(815301076,1909f56bfc062723c751e8b465ee728b)  -> (artifact id: '00000000000000000000000000000000') in 0.031740 seconds
Import Error Code:(4)
Message: Build asset version error: assets/quentin/assets/images/menuiserie.jpg in SourceAssetDB has modification time of '2024-12-20T23:26:57.5868636Z' while content on disk has modification time of '2024-12-20T23:27:27.4541485Z'
  ERROR: Build asset version error: assets/quentin/assets/images/menuiserie.jpg in SourceAssetDB has modification time of '2024-12-20T23:26:57.5868636Z' while content on disk has modification time of '2024-12-20T23:27:27.4541485Z'
Number of updated asset objects reloaded before import = 0
Number of asset objects unloaded after import = 0
========================================================================
Received Import Request.
  Time since last request: 0.005495 seconds.
  path: Assets/Quentin/Assets/images/menuiserie.jpg
  artifactKey: Guid(8583b73c1e913fa4bb19a9de289b754e) Importer(815301076,1909f56bfc062723c751e8b465ee728b)
Start importing Assets/Quentin/Assets/images/menuiserie.jpg using Guid(8583b73c1e913fa4bb19a9de289b754e) Importer(815301076,1909f56bfc062723c751e8b465ee728b)  -> (artifact id: '00000000000000000000000000000000') in 0.028789 seconds
Import Error Code:(4)
Message: Build asset version error: assets/quentin/assets/images/menuiserie.jpg in SourceAssetDB has modification time of '2024-12-20T23:26:57.5868636Z' while content on disk has modification time of '2024-12-20T23:27:27.4541485Z'
  ERROR: Build asset version error: assets/quentin/assets/images/menuiserie.jpg in SourceAssetDB has modification time of '2024-12-20T23:26:57.5868636Z' while content on disk has modification time of '2024-12-20T23:27:27.4541485Z'
Number of updated asset objects reloaded before import = 0
Number of asset objects unloaded after import = 0
========================================================================
Received Import Request.
  Time since last request: 0.009165 seconds.
  path: Assets/Quentin/Assets/images/menuiserie.jpg
  artifactKey: Guid(8583b73c1e913fa4bb19a9de289b754e) Importer(815301076,1909f56bfc062723c751e8b465ee728b)
Start importing Assets/Quentin/Assets/images/menuiserie.jpg using Guid(8583b73c1e913fa4bb19a9de289b754e) Importer(815301076,1909f56bfc062723c751e8b465ee728b)  -> (artifact id: '00000000000000000000000000000000') in 0.027020 seconds
Import Error Code:(4)
Message: Build asset version error: assets/quentin/assets/images/menuiserie.jpg in SourceAssetDB has modification time of '2024-12-20T23:26:57.5868636Z' while content on disk has modification time of '2024-12-20T23:27:27.4541485Z'
  ERROR: Build asset version error: assets/quentin/assets/images/menuiserie.jpg in SourceAssetDB has modification time of '2024-12-20T23:26:57.5868636Z' while content on disk has modification time of '2024-12-20T23:27:27.4541485Z'
Number of updated asset objects reloaded before import = 0
Number of asset objects unloaded after import = 0
========================================================================
Received Import Request.
  Time since last request: 0.013100 seconds.
  path: Assets/Quentin/Assets/images/menuiserie.jpg
  artifactKey: Guid(8583b73c1e913fa4bb19a9de289b754e) Importer(815301076,1909f56bfc062723c751e8b465ee728b)
Start importing Assets/Quentin/Assets/images/menuiserie.jpg using Guid(8583b73c1e913fa4bb19a9de289b754e) Importer(815301076,1909f56bfc062723c751e8b465ee728b)  -> (artifact id: '00000000000000000000000000000000') in 0.033772 seconds
Import Error Code:(4)
Message: Build asset version error: assets/quentin/assets/images/menuiserie.jpg in SourceAssetDB has modification time of '2024-12-20T23:26:57.5868636Z' while content on disk has modification time of '2024-12-20T23:27:27.4541485Z'
  ERROR: Build asset version error: assets/quentin/assets/images/menuiserie.jpg in SourceAssetDB has modification time of '2024-12-20T23:26:57.5868636Z' while content on disk has modification time of '2024-12-20T23:27:27.4541485Z'
Number of updated asset objects reloaded before import = 0
Number of asset objects unloaded after import = 0
========================================================================
Received Import Request.
  Time since last request: 0.012112 seconds.
  path: Assets/Quentin/Assets/images/menuiserie.jpg
  artifactKey: Guid(8583b73c1e913fa4bb19a9de289b754e) Importer(815301076,1909f56bfc062723c751e8b465ee728b)
Start importing Assets/Quentin/Assets/images/menuiserie.jpg using Guid(8583b73c1e913fa4bb19a9de289b754e) Importer(815301076,1909f56bfc062723c751e8b465ee728b)  -> (artifact id: '00000000000000000000000000000000') in 0.027512 seconds
Import Error Code:(4)
Message: Build asset version error: assets/quentin/assets/images/menuiserie.jpg in SourceAssetDB has modification time of '2024-12-20T23:26:57.5868636Z' while content on disk has modification time of '2024-12-20T23:27:27.4541485Z'
  ERROR: Build asset version error: assets/quentin/assets/images/menuiserie.jpg in SourceAssetDB has modification time of '2024-12-20T23:26:57.5868636Z' while content on disk has modification time of '2024-12-20T23:27:27.4541485Z'
Number of updated asset objects reloaded before import = 0
Number of asset objects unloaded after import = 0
========================================================================
Received Import Request.
  Time since last request: 0.010763 seconds.
  path: Assets/Quentin/Assets/images/menuiserie.jpg
  artifactKey: Guid(8583b73c1e913fa4bb19a9de289b754e) Importer(815301076,1909f56bfc062723c751e8b465ee728b)
Start importing Assets/Quentin/Assets/images/menuiserie.jpg using Guid(8583b73c1e913fa4bb19a9de289b754e) Importer(815301076,1909f56bfc062723c751e8b465ee728b)  -> (artifact id: '00000000000000000000000000000000') in 0.029904 seconds
Import Error Code:(4)
Message: Build asset version error: assets/quentin/assets/images/menuiserie.jpg in SourceAssetDB has modification time of '2024-12-20T23:26:57.5868636Z' while content on disk has modification time of '2024-12-20T23:27:27.4541485Z'
  ERROR: Build asset version error: assets/quentin/assets/images/menuiserie.jpg in SourceAssetDB has modification time of '2024-12-20T23:26:57.5868636Z' while content on disk has modification time of '2024-12-20T23:27:27.4541485Z'
Number of updated asset objects reloaded before import = 0
Number of asset objects unloaded after import = 0
========================================================================
Received Import Request.
  Time since last request: 0.030358 seconds.
  path: Assets/Quentin/Assets/images/menuiserie.jpg
  artifactKey: Guid(8583b73c1e913fa4bb19a9de289b754e) Importer(815301076,1909f56bfc062723c751e8b465ee728b)
Start importing Assets/Quentin/Assets/images/menuiserie.jpg using Guid(8583b73c1e913fa4bb19a9de289b754e) Importer(815301076,1909f56bfc062723c751e8b465ee728b)  -> (artifact id: '00000000000000000000000000000000') in 0.049505 seconds
Import Error Code:(4)
Message: Build asset version error: assets/quentin/assets/images/menuiserie.jpg in SourceAssetDB has modification time of '2024-12-20T23:26:57.5868636Z' while content on disk has modification time of '2024-12-20T23:27:27.4541485Z'
  ERROR: Build asset version error: assets/quentin/assets/images/menuiserie.jpg in SourceAssetDB has modification time of '2024-12-20T23:26:57.5868636Z' while content on disk has modification time of '2024-12-20T23:27:27.4541485Z'
Number of updated asset objects reloaded before import = 0
Number of asset objects unloaded after import = 0
========================================================================
Received Import Request.
  Time since last request: 0.035270 seconds.
  path: Assets/Quentin/Assets/images/menuiserie.jpg
  artifactKey: Guid(8583b73c1e913fa4bb19a9de289b754e) Importer(815301076,1909f56bfc062723c751e8b465ee728b)
Start importing Assets/Quentin/Assets/images/menuiserie.jpg using Guid(8583b73c1e913fa4bb19a9de289b754e) Importer(815301076,1909f56bfc062723c751e8b465ee728b)  -> (artifact id: '00000000000000000000000000000000') in 0.024063 seconds
Import Error Code:(4)
Message: Build asset version error: assets/quentin/assets/images/menuiserie.jpg in SourceAssetDB has modification time of '2024-12-20T23:26:57.5868636Z' while content on disk has modification time of '2024-12-20T23:27:27.4541485Z'
  ERROR: Build asset version error: assets/quentin/assets/images/menuiserie.jpg in SourceAssetDB has modification time of '2024-12-20T23:26:57.5868636Z' while content on disk has modification time of '2024-12-20T23:27:27.4541485Z'
Number of updated asset objects reloaded before import = 0
Number of asset objects unloaded after import = 0
========================================================================
Received Import Request.
  Time since last request: 0.002587 seconds.
  path: Assets/Quentin/Assets/images/menuiserie.jpg
  artifactKey: Guid(8583b73c1e913fa4bb19a9de289b754e) Importer(815301076,1909f56bfc062723c751e8b465ee728b)
Start importing Assets/Quentin/Assets/images/menuiserie.jpg using Guid(8583b73c1e913fa4bb19a9de289b754e) Importer(815301076,1909f56bfc062723c751e8b465ee728b)  -> (artifact id: '00000000000000000000000000000000') in 0.030998 seconds
Import Error Code:(4)
Message: Build asset version error: assets/quentin/assets/images/menuiserie.jpg in SourceAssetDB has modification time of '2024-12-20T23:26:57.5868636Z' while content on disk has modification time of '2024-12-20T23:27:27.4541485Z'
  ERROR: Build asset version error: assets/quentin/assets/images/menuiserie.jpg in SourceAssetDB has modification time of '2024-12-20T23:26:57.5868636Z' while content on disk has modification time of '2024-12-20T23:27:27.4541485Z'
Number of updated asset objects reloaded before import = 0
Number of asset objects unloaded after import = 0
========================================================================
Received Import Request.
  Time since last request: 0.001036 seconds.
  path: Assets/Quentin/Assets/images/menuiserie.jpg
  artifactKey: Guid(8583b73c1e913fa4bb19a9de289b754e) Importer(815301076,1909f56bfc062723c751e8b465ee728b)
Start importing Assets/Quentin/Assets/images/menuiserie.jpg using Guid(8583b73c1e913fa4bb19a9de289b754e) Importer(815301076,1909f56bfc062723c751e8b465ee728b)  -> (artifact id: '00000000000000000000000000000000') in 0.028857 seconds
Import Error Code:(4)
Message: Build asset version error: assets/quentin/assets/images/menuiserie.jpg in SourceAssetDB has modification time of '2024-12-20T23:26:57.5868636Z' while content on disk has modification time of '2024-12-20T23:27:27.4541485Z'
  ERROR: Build asset version error: assets/quentin/assets/images/menuiserie.jpg in SourceAssetDB has modification time of '2024-12-20T23:26:57.5868636Z' while content on disk has modification time of '2024-12-20T23:27:27.4541485Z'
Number of updated asset objects reloaded before import = 0
Number of asset objects unloaded after import = 0
========================================================================
Received Import Request.
  Time since last request: 0.002610 seconds.
  path: Assets/Quentin/Assets/images/menuiserie.jpg
  artifactKey: Guid(8583b73c1e913fa4bb19a9de289b754e) Importer(815301076,1909f56bfc062723c751e8b465ee728b)
Start importing Assets/Quentin/Assets/images/menuiserie.jpg using Guid(8583b73c1e913fa4bb19a9de289b754e) Importer(815301076,1909f56bfc062723c751e8b465ee728b)  -> (artifact id: '00000000000000000000000000000000') in 0.039320 seconds
Import Error Code:(4)
Message: Build asset version error: assets/quentin/assets/images/menuiserie.jpg in SourceAssetDB has modification time of '2024-12-20T23:26:57.5868636Z' while content on disk has modification time of '2024-12-20T23:27:27.4541485Z'
  ERROR: Build asset version error: assets/quentin/assets/images/menuiserie.jpg in SourceAssetDB has modification time of '2024-12-20T23:26:57.5868636Z' while content on disk has modification time of '2024-12-20T23:27:27.4541485Z'
Number of updated asset objects reloaded before import = 0
Number of asset objects unloaded after import = 0
========================================================================
Received Import Request.
  Time since last request: 0.002269 seconds.
  path: Assets/Quentin/Assets/images/menuiserie.jpg
  artifactKey: Guid(8583b73c1e913fa4bb19a9de289b754e) Importer(815301076,1909f56bfc062723c751e8b465ee728b)
Start importing Assets/Quentin/Assets/images/menuiserie.jpg using Guid(8583b73c1e913fa4bb19a9de289b754e) Importer(815301076,1909f56bfc062723c751e8b465ee728b)  -> (artifact id: '00000000000000000000000000000000') in 0.030576 seconds
Import Error Code:(4)
Message: Build asset version error: assets/quentin/assets/images/menuiserie.jpg in SourceAssetDB has modification time of '2024-12-20T23:26:57.5868636Z' while content on disk has modification time of '2024-12-20T23:27:27.4541485Z'
  ERROR: Build asset version error: assets/quentin/assets/images/menuiserie.jpg in SourceAssetDB has modification time of '2024-12-20T23:26:57.5868636Z' while content on disk has modification time of '2024-12-20T23:27:27.4541485Z'
Number of updated asset objects reloaded before import = 0
Number of asset objects unloaded after import = 0
========================================================================
Received Import Request.
  Time since last request: 0.044723 seconds.
  path: Assets/Quentin/Assets/images/menuiserie.jpg
  artifactKey: Guid(8583b73c1e913fa4bb19a9de289b754e) Importer(815301076,1909f56bfc062723c751e8b465ee728b)
Start importing Assets/Quentin/Assets/images/menuiserie.jpg using Guid(8583b73c1e913fa4bb19a9de289b754e) Importer(815301076,1909f56bfc062723c751e8b465ee728b)  -> (artifact id: 'a8eb9802411950e3e7ef0d7ee912a6a4') in 0.061046 seconds
Number of updated asset objects reloaded before import = 0
Number of asset objects unloaded after import = 3
========================================================================
Received Import Request.
  Time since last request: 0.256215 seconds.
  path: Assets/Quentin/Assets/images/menuiserie.jpg
  artifactKey: Guid(8583b73c1e913fa4bb19a9de289b754e) Importer(815301076,1909f56bfc062723c751e8b465ee728b)
Start importing Assets/Quentin/Assets/images/menuiserie.jpg using Guid(8583b73c1e913fa4bb19a9de289b754e) Importer(815301076,1909f56bfc062723c751e8b465ee728b)  -> (artifact id: '1d8feddd80d3f18cf561efcc9c85798f') in 0.065760 seconds
Number of updated asset objects reloaded before import = 0
Number of asset objects unloaded after import = 3
========================================================================
Received Prepare
Begin MonoManager ReloadAssembly
- Loaded All Assemblies, in  0.773 seconds
Refreshing native plugins compatible for Editor in 7.78 ms, found 4 plugins.
Native extension for WindowsStandalone target not found
Native extension for iOS target not found
Native extension for Android target not found
Native extension for WebGL target not found
[Package Manager] Server::EnsureServerProcessIsRunning -- launch failed, reason: Unity was launched with the -noUpm command-line argument
[Package Manager] UpmClient::Send -- Unable to send message (not connected to UPM process).
[Package Manager] Cannot connect to Unity Package Manager local server
Mono: successfully reloaded assembly
- Finished resetting the current domain, in  1.932 seconds
Domain Reload Profiling: 2698ms
	BeginReloadAssembly (267ms)
		ExecutionOrderSort (0ms)
		DisableScriptedObjects (16ms)
		BackupInstance (0ms)
		ReleaseScriptingObjects (0ms)
		CreateAndSetChildDomain (71ms)
	RebuildCommonClasses (53ms)
	RebuildNativeTypeToScriptingClass (15ms)
	initialDomainReloadingComplete (54ms)
	LoadAllAssembliesAndSetupDomain (376ms)
		LoadAssemblies (500ms)
		RebuildTransferFunctionScriptingTraits (0ms)
		AnalyzeDomain (14ms)
			TypeCache.Refresh (7ms)
				TypeCache.ScanAssembly (0ms)
			ScanForSourceGeneratedMonoScriptInfo (0ms)
			ResolveRequiredComponents (6ms)
	FinalizeReload (1933ms)
		ReleaseScriptCaches (0ms)
		RebuildScriptCaches (0ms)
		SetupLoadedEditorAssemblies (962ms)
			LogAssemblyErrors (0ms)
			InitializePlatformSupportModulesInManaged (57ms)
			SetLoadedEditorAssemblies (5ms)
			RefreshPlugins (0ms)
			BeforeProcessingInitializeOnLoad (100ms)
			ProcessInitializeOnLoadAttributes (742ms)
			ProcessInitializeOnLoadMethodAttributes (50ms)
			AfterProcessingInitializeOnLoad (9ms)
			EditorAssembliesLoaded (1ms)
		ExecutionOrderSort2 (0ms)
		AwakeInstancesAfterBackupRestoration (16ms)
Refreshing native plugins compatible for Editor in 7.67 ms, found 4 plugins.
Preloading 0 native plugins for Editor in 0.00 ms.
Unloading 4520 Unused Serialized files (Serialized files now loaded: 0)
Unloading 43 unused Assets / (218.6 KB). Loaded Objects now: 5027.
Memory consumption went from 165.3 MB to 165.1 MB.
Total: 6.180500 ms (FindLiveObjects: 0.677500 ms CreateObjectMapping: 0.485100 ms MarkObjects: 4.771600 ms  DeleteObjects: 0.243100 ms)

Prepare: number of updated asset objects reloaded= 0
AssetImportParameters requested are different than current active one (requested -> active):
  custom:container-demuxer-ogg: 62fdf1f143b41e24485cea50d1cbac27 -> 
  custom:video-decoder-ogg-theora: a1e56fd34408186e4bbccfd4996cb3dc -> 
  custom:framework-win-MediaFoundation: 216162199b28c13a410421893ffa2e32 -> 
  custom:CustomObjectIndexerAttribute: 756ad292c208cfabdd7b50bc23989ffe -> 
  custom:container-demuxer-webm: 4f35f7cbe854078d1ac9338744f61a02 -> 
  custom:container-muxer-webm: aa71ff27fc2769a1b78a27578f13a17b -> 
  custom:video-decoder-webm-vp8: 9c59270c3fd7afecdb556c50c9e8de78 -> 
  custom:SearchIndexIgnoredProperties: e643bd26f0fe6173181afceb89e7c659 -> 
  custom:AudioImporter_EditorPlatform: d09bf68614088b80899f8185d706f6e7 -> 
  custom:video-encoder-webm-vp8: eb34c28f22e8b96e1ab97ce403110664 -> 
  custom:audio-decoder-ogg-vorbis: bf7c407c2cedff20999df2af8eb42d56 -> 
  custom:audio-encoder-webm-vorbis: bf7c407c2cedff20999df2af8eb42d56 -> 
========================================================================
Received Import Request.
  Time since last request: 43.218024 seconds.
  path: Assets/Quentin/Assets/images/menuisier.png
  artifactKey: Guid(e4c4c6fcbc74bff4ebc40f58f68afea6) Importer(815301076,1909f56bfc062723c751e8b465ee728b)
Start importing Assets/Quentin/Assets/images/menuisier.png using Guid(e4c4c6fcbc74bff4ebc40f58f68afea6) Importer(815301076,1909f56bfc062723c751e8b465ee728b)  -> (artifact id: '4333089e5e475d27dbc3e483061d8d93') in 0.119622 seconds
Number of updated asset objects reloaded before import = 0
Number of asset objects unloaded after import = 3
========================================================================
Received Prepare
Begin MonoManager ReloadAssembly
- Loaded All Assemblies, in  0.777 seconds
Refreshing native plugins compatible for Editor in 8.83 ms, found 4 plugins.
Native extension for WindowsStandalone target not found
Native extension for iOS target not found
Native extension for Android target not found
Native extension for WebGL target not found
[Package Manager] Server::EnsureServerProcessIsRunning -- launch failed, reason: Unity was launched with the -noUpm command-line argument
[Package Manager] UpmClient::Send -- Unable to send message (not connected to UPM process).
[Package Manager] Cannot connect to Unity Package Manager local server
Mono: successfully reloaded assembly
- Finished resetting the current domain, in  1.988 seconds
Domain Reload Profiling: 2759ms
	BeginReloadAssembly (260ms)
		ExecutionOrderSort (0ms)
		DisableScriptedObjects (19ms)
		BackupInstance (0ms)
		ReleaseScriptingObjects (0ms)
		CreateAndSetChildDomain (61ms)
	RebuildCommonClasses (59ms)
	RebuildNativeTypeToScriptingClass (14ms)
	initialDomainReloadingComplete (52ms)
	LoadAllAssembliesAndSetupDomain (383ms)
		LoadAssemblies (497ms)
		RebuildTransferFunctionScriptingTraits (0ms)
		AnalyzeDomain (19ms)
			TypeCache.Refresh (10ms)
				TypeCache.ScanAssembly (0ms)
			ScanForSourceGeneratedMonoScriptInfo (0ms)
			ResolveRequiredComponents (8ms)
	FinalizeReload (1989ms)
		ReleaseScriptCaches (0ms)
		RebuildScriptCaches (0ms)
		SetupLoadedEditorAssemblies (947ms)
			LogAssemblyErrors (0ms)
			InitializePlatformSupportModulesInManaged (44ms)
			SetLoadedEditorAssemblies (4ms)
			RefreshPlugins (0ms)
			BeforeProcessingInitializeOnLoad (100ms)
			ProcessInitializeOnLoadAttributes (748ms)
			ProcessInitializeOnLoadMethodAttributes (42ms)
			AfterProcessingInitializeOnLoad (8ms)
			EditorAssembliesLoaded (0ms)
		ExecutionOrderSort2 (0ms)
		AwakeInstancesAfterBackupRestoration (20ms)
Refreshing native plugins compatible for Editor in 6.24 ms, found 4 plugins.
Preloading 0 native plugins for Editor in 0.00 ms.
Unloading 4520 Unused Serialized files (Serialized files now loaded: 0)
Unloading 43 unused Assets / (218.4 KB). Loaded Objects now: 5031.
Memory consumption went from 167.3 MB to 167.1 MB.
Total: 6.872400 ms (FindLiveObjects: 0.643500 ms CreateObjectMapping: 0.389400 ms MarkObjects: 5.571700 ms  DeleteObjects: 0.264300 ms)

Prepare: number of updated asset objects reloaded= 0
AssetImportParameters requested are different than current active one (requested -> active):
  custom:container-demuxer-ogg: 62fdf1f143b41e24485cea50d1cbac27 -> 
  custom:video-decoder-ogg-theora: a1e56fd34408186e4bbccfd4996cb3dc -> 
  custom:framework-win-MediaFoundation: 216162199b28c13a410421893ffa2e32 -> 
  custom:CustomObjectIndexerAttribute: 756ad292c208cfabdd7b50bc23989ffe -> 
  custom:container-demuxer-webm: 4f35f7cbe854078d1ac9338744f61a02 -> 
  custom:container-muxer-webm: aa71ff27fc2769a1b78a27578f13a17b -> 
  custom:video-decoder-webm-vp8: 9c59270c3fd7afecdb556c50c9e8de78 -> 
  custom:SearchIndexIgnoredProperties: e643bd26f0fe6173181afceb89e7c659 -> 
  custom:AudioImporter_EditorPlatform: d09bf68614088b80899f8185d706f6e7 -> 
  custom:video-encoder-webm-vp8: eb34c28f22e8b96e1ab97ce403110664 -> 
  custom:audio-decoder-ogg-vorbis: bf7c407c2cedff20999df2af8eb42d56 -> 
  custom:audio-encoder-webm-vorbis: bf7c407c2cedff20999df2af8eb42d56 -> 
========================================================================
Received Prepare
Refreshing native plugins compatible for Editor in 11.35 ms, found 4 plugins.
Preloading 0 native plugins for Editor in 0.00 ms.
Unloading 7 Unused Serialized files (Serialized files now loaded: 0)
Unloading 7 unused Assets / (199.0 KB). Loaded Objects now: 5031.
Memory consumption went from 98.3 MB to 98.1 MB.
Total: 8.361200 ms (FindLiveObjects: 0.629800 ms CreateObjectMapping: 0.485700 ms MarkObjects: 6.841500 ms  DeleteObjects: 0.401900 ms)

Prepare: number of updated asset objects reloaded= 0
AssetImportParameters requested are different than current active one (requested -> active):
  custom:container-demuxer-ogg: 62fdf1f143b41e24485cea50d1cbac27 -> 
  custom:video-decoder-ogg-theora: a1e56fd34408186e4bbccfd4996cb3dc -> 
  custom:framework-win-MediaFoundation: 216162199b28c13a410421893ffa2e32 -> 
  custom:CustomObjectIndexerAttribute: 756ad292c208cfabdd7b50bc23989ffe -> 
  custom:container-demuxer-webm: 4f35f7cbe854078d1ac9338744f61a02 -> 
  custom:container-muxer-webm: aa71ff27fc2769a1b78a27578f13a17b -> 
  custom:video-decoder-webm-vp8: 9c59270c3fd7afecdb556c50c9e8de78 -> 
  custom:SearchIndexIgnoredProperties: e643bd26f0fe6173181afceb89e7c659 -> 
  custom:AudioImporter_EditorPlatform: d09bf68614088b80899f8185d706f6e7 -> 
  custom:video-encoder-webm-vp8: eb34c28f22e8b96e1ab97ce403110664 -> 
  custom:audio-decoder-ogg-vorbis: bf7c407c2cedff20999df2af8eb42d56 -> 
  custom:audio-encoder-webm-vorbis: bf7c407c2cedff20999df2af8eb42d56 -> 
